country_name,country_iso,country_unsd,state_code,state_name,state_name_mmr,date,case_confirmed_new,case_confirmed,case_recovered_new,case_recovered,case_death_new,case_death,_ID
Myanmar,MMR,104,1,Kachin,ကချင်ပြည်နယ်,22/03/2020,0,0,0,0,0,0,5
Myanmar,MMR,104,1,Kachin,ကချင်ပြည်နယ်,23/03/2020,0,0,0,0,0,0,5
Myanmar,MMR,104,1,Kachin,ကချင်ပြည်နယ်,24/03/2020,0,0,0,0,0,0,5
Myanmar,MMR,104,1,Kachin,ကချင်ပြည်နယ်,25/03/2020,0,0,0,0,0,0,5
Myanmar,MMR,104,1,Kachin,ကချင်ပြည်နယ်,26/03/2020,0,0,0,0,0,0,5
Myanmar,MMR,104,1,Kachin,ကချင်ပြည်နယ်,27/03/2020,0,0,0,0,0,0,5
Myanmar,MMR,104,1,Kachin,ကချင်ပြည်နယ်,28/03/2020,0,0,0,0,0,0,5
Myanmar,MMR,104,1,Kachin,ကချင်ပြည်နယ်,29/03/2020,0,0,0,0,0,0,5
Myanmar,MMR,104,1,Kachin,ကချင်ပြည်နယ်,30/03/2020,0,0,0,0,0,0,5
Myanmar,MMR,104,1,Kachin,ကချင်ပြည်နယ်,31/03/2020,0,0,0,0,0,0,5
Myanmar,MMR,104,1,Kachin,ကချင်ပြည်နယ်,01/04/2020,0,0,0,0,0,0,5
Myanmar,MMR,104,1,Kachin,ကချင်ပြည်နယ်,02/04/2020,0,0,0,0,0,0,5
Myanmar,MMR,104,1,Kachin,ကချင်ပြည်နယ်,03/04/2020,0,0,0,0,0,0,5
Myanmar,MMR,104,1,Kachin,ကချင်ပြည်နယ်,04/04/2020,0,0,0,0,0,0,5
Myanmar,MMR,104,1,Kachin,ကချင်ပြည်နယ်,05/04/2020,0,0,0,0,0,0,5
Myanmar,MMR,104,1,Kachin,ကချင်ပြည်နယ်,06/04/2020,0,0,0,0,0,0,5
Myanmar,MMR,104,1,Kachin,ကချင်ပြည်နယ်,07/04/2020,0,0,0,0,0,0,5
Myanmar,MMR,104,1,Kachin,ကချင်ပြည်နယ်,08/04/2020,0,0,0,0,0,0,5
Myanmar,MMR,104,1,Kachin,ကချင်ပြည်နယ်,09/04/2020,0,0,0,0,0,0,5
Myanmar,MMR,104,1,Kachin,ကချင်ပြည်နယ်,10/04/2020,0,0,0,0,0,0,5
Myanmar,MMR,104,1,Kachin,ကချင်ပြည်နယ်,11/04/2020,0,0,0,0,0,0,5
Myanmar,MMR,104,1,Kachin,ကချင်ပြည်နယ်,12/04/2020,0,0,0,0,0,0,5
Myanmar,MMR,104,1,Kachin,ကချင်ပြည်နယ်,13/04/2020,0,0,0,0,0,0,5
Myanmar,MMR,104,1,Kachin,ကချင်ပြည်နယ်,14/04/2020,0,0,0,0,0,0,5
Myanmar,MMR,104,1,Kachin,ကချင်ပြည်နယ်,15/04/2020,0,0,0,0,0,0,5
Myanmar,MMR,104,1,Kachin,ကချင်ပြည်နယ်,16/04/2020,0,0,0,0,0,0,5
Myanmar,MMR,104,1,Kachin,ကချင်ပြည်နယ်,17/04/2020,0,0,0,0,0,0,5
Myanmar,MMR,104,1,Kachin,ကချင်ပြည်နယ်,18/04/2020,0,0,0,0,0,0,5
Myanmar,MMR,104,1,Kachin,ကချင်ပြည်နယ်,19/04/2020,0,0,0,0,0,0,5
Myanmar,MMR,104,1,Kachin,ကချင်ပြည်နယ်,20/04/2020,0,0,0,0,0,0,5
Myanmar,MMR,104,1,Kachin,ကချင်ပြည်နယ်,21/04/2020,0,0,0,0,0,0,5
Myanmar,MMR,104,1,Kachin,ကချင်ပြည်နယ်,22/04/2020,0,0,0,0,0,0,5
Myanmar,MMR,104,1,Kachin,ကချင်ပြည်နယ်,23/04/2020,0,0,0,0,0,0,5
Myanmar,MMR,104,1,Kachin,ကချင်ပြည်နယ်,24/04/2020,1,1,0,0,0,0,5
Myanmar,MMR,104,1,Kachin,ကချင်ပြည်နယ်,25/04/2020,0,1,0,0,0,0,5
Myanmar,MMR,104,1,Kachin,ကချင်ပြည်နယ်,26/04/2020,0,1,0,0,0,0,5
Myanmar,MMR,104,1,Kachin,ကချင်ပြည်နယ်,27/04/2020,0,1,0,0,0,0,5
Myanmar,MMR,104,1,Kachin,ကချင်ပြည်နယ်,28/04/2020,0,1,0,0,0,0,5
Myanmar,MMR,104,1,Kachin,ကချင်ပြည်နယ်,29/04/2020,0,1,0,0,0,0,5
Myanmar,MMR,104,1,Kachin,ကချင်ပြည်နယ်,30/04/2020,0,1,0,0,0,0,5
Myanmar,MMR,104,1,Kachin,ကချင်ပြည်နယ်,01/05/2020,0,1,0,0,0,0,5
Myanmar,MMR,104,1,Kachin,ကချင်ပြည်နယ်,02/05/2020,0,1,0,0,0,0,5
Myanmar,MMR,104,1,Kachin,ကချင်ပြည်နယ်,03/05/2020,0,1,0,0,0,0,5
Myanmar,MMR,104,1,Kachin,ကချင်ပြည်နယ်,04/05/2020,0,1,0,0,0,0,5
Myanmar,MMR,104,1,Kachin,ကချင်ပြည်နယ်,05/05/2020,0,1,0,0,0,0,5
Myanmar,MMR,104,1,Kachin,ကချင်ပြည်နယ်,06/05/2020,0,1,0,0,0,0,5
Myanmar,MMR,104,1,Kachin,ကချင်ပြည်နယ်,07/05/2020,0,1,0,0,0,0,5
Myanmar,MMR,104,1,Kachin,ကချင်ပြည်နယ်,08/05/2020,0,1,0,0,0,0,5
Myanmar,MMR,104,1,Kachin,ကချင်ပြည်နယ်,09/05/2020,0,1,0,0,0,0,5
Myanmar,MMR,104,1,Kachin,ကချင်ပြည်နယ်,10/05/2020,0,1,0,0,0,0,5
Myanmar,MMR,104,1,Kachin,ကချင်ပြည်နယ်,11/05/2020,0,1,0,0,0,0,5
Myanmar,MMR,104,1,Kachin,ကချင်ပြည်နယ်,12/05/2020,0,1,0,0,0,0,5
Myanmar,MMR,104,1,Kachin,ကချင်ပြည်နယ်,13/05/2020,0,1,0,0,0,0,5
Myanmar,MMR,104,1,Kachin,ကချင်ပြည်နယ်,14/05/2020,0,1,0,0,0,0,5
Myanmar,MMR,104,1,Kachin,ကချင်ပြည်နယ်,15/05/2020,0,1,0,0,0,0,5
Myanmar,MMR,104,1,Kachin,ကချင်ပြည်နယ်,16/05/2020,0,1,0,0,0,0,5
Myanmar,MMR,104,1,Kachin,ကချင်ပြည်နယ်,17/05/2020,0,1,0,0,0,0,5
Myanmar,MMR,104,2,Kayah,ကယားပြည်နယ်,22/03/2020,0,0,0,0,0,0,6
Myanmar,MMR,104,2,Kayah,ကယားပြည်နယ်,23/03/2020,0,0,0,0,0,0,6
Myanmar,MMR,104,2,Kayah,ကယားပြည်နယ်,24/03/2020,0,0,0,0,0,0,6
Myanmar,MMR,104,2,Kayah,ကယားပြည်နယ်,25/03/2020,0,0,0,0,0,0,6
Myanmar,MMR,104,2,Kayah,ကယားပြည်နယ်,26/03/2020,0,0,0,0,0,0,6
Myanmar,MMR,104,2,Kayah,ကယားပြည်နယ်,27/03/2020,0,0,0,0,0,0,6
Myanmar,MMR,104,2,Kayah,ကယားပြည်နယ်,28/03/2020,0,0,0,0,0,0,6
Myanmar,MMR,104,2,Kayah,ကယားပြည်နယ်,29/03/2020,0,0,0,0,0,0,6
Myanmar,MMR,104,2,Kayah,ကယားပြည်နယ်,30/03/2020,0,0,0,0,0,0,6
Myanmar,MMR,104,2,Kayah,ကယားပြည်နယ်,31/03/2020,0,0,0,0,0,0,6
Myanmar,MMR,104,2,Kayah,ကယားပြည်နယ်,01/04/2020,0,0,0,0,0,0,6
Myanmar,MMR,104,2,Kayah,ကယားပြည်နယ်,02/04/2020,0,0,0,0,0,0,6
Myanmar,MMR,104,2,Kayah,ကယားပြည်နယ်,03/04/2020,0,0,0,0,0,0,6
Myanmar,MMR,104,2,Kayah,ကယားပြည်နယ်,04/04/2020,0,0,0,0,0,0,6
Myanmar,MMR,104,2,Kayah,ကယားပြည်နယ်,05/04/2020,0,0,0,0,0,0,6
Myanmar,MMR,104,2,Kayah,ကယားပြည်နယ်,06/04/2020,0,0,0,0,0,0,6
Myanmar,MMR,104,2,Kayah,ကယားပြည်နယ်,07/04/2020,0,0,0,0,0,0,6
Myanmar,MMR,104,2,Kayah,ကယားပြည်နယ်,08/04/2020,0,0,0,0,0,0,6
Myanmar,MMR,104,2,Kayah,ကယားပြည်နယ်,09/04/2020,0,0,0,0,0,0,6
Myanmar,MMR,104,2,Kayah,ကယားပြည်နယ်,10/04/2020,0,0,0,0,0,0,6
Myanmar,MMR,104,2,Kayah,ကယားပြည်နယ်,11/04/2020,0,0,0,0,0,0,6
Myanmar,MMR,104,2,Kayah,ကယားပြည်နယ်,12/04/2020,0,0,0,0,0,0,6
Myanmar,MMR,104,2,Kayah,ကယားပြည်နယ်,13/04/2020,0,0,0,0,0,0,6
Myanmar,MMR,104,2,Kayah,ကယားပြည်နယ်,14/04/2020,0,0,0,0,0,0,6
Myanmar,MMR,104,2,Kayah,ကယားပြည်နယ်,15/04/2020,0,0,0,0,0,0,6
Myanmar,MMR,104,2,Kayah,ကယားပြည်နယ်,16/04/2020,0,0,0,0,0,0,6
Myanmar,MMR,104,2,Kayah,ကယားပြည်နယ်,17/04/2020,0,0,0,0,0,0,6
Myanmar,MMR,104,2,Kayah,ကယားပြည်နယ်,18/04/2020,0,0,0,0,0,0,6
Myanmar,MMR,104,2,Kayah,ကယားပြည်နယ်,19/04/2020,0,0,0,0,0,0,6
Myanmar,MMR,104,2,Kayah,ကယားပြည်နယ်,20/04/2020,0,0,0,0,0,0,6
Myanmar,MMR,104,2,Kayah,ကယားပြည်နယ်,21/04/2020,0,0,0,0,0,0,6
Myanmar,MMR,104,2,Kayah,ကယားပြည်နယ်,22/04/2020,0,0,0,0,0,0,6
Myanmar,MMR,104,2,Kayah,ကယားပြည်နယ်,23/04/2020,0,0,0,0,0,0,6
Myanmar,MMR,104,2,Kayah,ကယားပြည်နယ်,24/04/2020,0,0,0,0,0,0,6
Myanmar,MMR,104,2,Kayah,ကယားပြည်နယ်,25/04/2020,0,0,0,0,0,0,6
Myanmar,MMR,104,2,Kayah,ကယားပြည်နယ်,26/04/2020,0,0,0,0,0,0,6
Myanmar,MMR,104,2,Kayah,ကယားပြည်နယ်,27/04/2020,0,0,0,0,0,0,6
Myanmar,MMR,104,2,Kayah,ကယားပြည်နယ်,28/04/2020,0,0,0,0,0,0,6
Myanmar,MMR,104,2,Kayah,ကယားပြည်နယ်,29/04/2020,0,0,0,0,0,0,6
Myanmar,MMR,104,2,Kayah,ကယားပြည်နယ်,30/04/2020,0,0,0,0,0,0,6
Myanmar,MMR,104,2,Kayah,ကယားပြည်နယ်,01/05/2020,0,0,0,0,0,0,6
Myanmar,MMR,104,2,Kayah,ကယားပြည်နယ်,02/05/2020,0,0,0,0,0,0,6
Myanmar,MMR,104,2,Kayah,ကယားပြည်နယ်,03/05/2020,0,0,0,0,0,0,6
Myanmar,MMR,104,2,Kayah,ကယားပြည်နယ်,04/05/2020,0,0,0,0,0,0,6
Myanmar,MMR,104,2,Kayah,ကယားပြည်နယ်,05/05/2020,0,0,0,0,0,0,6
Myanmar,MMR,104,2,Kayah,ကယားပြည်နယ်,06/05/2020,0,0,0,0,0,0,6
Myanmar,MMR,104,2,Kayah,ကယားပြည်နယ်,07/05/2020,0,0,0,0,0,0,6
Myanmar,MMR,104,2,Kayah,ကယားပြည်နယ်,08/05/2020,0,0,0,0,0,0,6
Myanmar,MMR,104,2,Kayah,ကယားပြည်နယ်,09/05/2020,0,0,0,0,0,0,6
Myanmar,MMR,104,2,Kayah,ကယားပြည်နယ်,10/05/2020,0,0,0,0,0,0,6
Myanmar,MMR,104,2,Kayah,ကယားပြည်နယ်,11/05/2020,0,0,0,0,0,0,6
Myanmar,MMR,104,2,Kayah,ကယားပြည်နယ်,12/05/2020,0,0,0,0,0,0,6
Myanmar,MMR,104,2,Kayah,ကယားပြည်နယ်,13/05/2020,0,0,0,0,0,0,6
Myanmar,MMR,104,2,Kayah,ကယားပြည်နယ်,14/05/2020,0,0,0,0,0,0,6
Myanmar,MMR,104,2,Kayah,ကယားပြည်နယ်,15/05/2020,0,0,0,0,0,0,6
Myanmar,MMR,104,2,Kayah,ကယားပြည်နယ်,16/05/2020,0,0,0,0,0,0,6
Myanmar,MMR,104,2,Kayah,ကယားပြည်နယ်,17/05/2020,0,0,0,0,0,0,6
Myanmar,MMR,104,3,Kayin,ကရင်ပြည်နယ်,22/03/2020,0,0,0,0,0,0,7
Myanmar,MMR,104,3,Kayin,ကရင်ပြည်နယ်,23/03/2020,0,0,0,0,0,0,7
Myanmar,MMR,104,3,Kayin,ကရင်ပြည်နယ်,24/03/2020,0,0,0,0,0,0,7
Myanmar,MMR,104,3,Kayin,ကရင်ပြည်နယ်,25/03/2020,0,0,0,0,0,0,7
Myanmar,MMR,104,3,Kayin,ကရင်ပြည်နယ်,26/03/2020,0,0,0,0,0,0,7
Myanmar,MMR,104,3,Kayin,ကရင်ပြည်နယ်,27/03/2020,0,0,0,0,0,0,7
Myanmar,MMR,104,3,Kayin,ကရင်ပြည်နယ်,28/03/2020,0,0,0,0,0,0,7
Myanmar,MMR,104,3,Kayin,ကရင်ပြည်နယ်,29/03/2020,0,0,0,0,0,0,7
Myanmar,MMR,104,3,Kayin,ကရင်ပြည်နယ်,30/03/2020,0,0,0,0,0,0,7
Myanmar,MMR,104,3,Kayin,ကရင်ပြည်နယ်,31/03/2020,0,0,0,0,0,0,7
Myanmar,MMR,104,3,Kayin,ကရင်ပြည်နယ်,01/04/2020,0,0,0,0,0,0,7
Myanmar,MMR,104,3,Kayin,ကရင်ပြည်နယ်,02/04/2020,0,0,0,0,0,0,7
Myanmar,MMR,104,3,Kayin,ကရင်ပြည်နယ်,03/04/2020,0,0,0,0,0,0,7
Myanmar,MMR,104,3,Kayin,ကရင်ပြည်နယ်,04/04/2020,0,0,0,0,0,0,7
Myanmar,MMR,104,3,Kayin,ကရင်ပြည်နယ်,05/04/2020,0,0,0,0,0,0,7
Myanmar,MMR,104,3,Kayin,ကရင်ပြည်နယ်,06/04/2020,0,0,0,0,0,0,7
Myanmar,MMR,104,3,Kayin,ကရင်ပြည်နယ်,07/04/2020,0,0,0,0,0,0,7
Myanmar,MMR,104,3,Kayin,ကရင်ပြည်နယ်,08/04/2020,0,0,0,0,0,0,7
Myanmar,MMR,104,3,Kayin,ကရင်ပြည်နယ်,09/04/2020,0,0,0,0,0,0,7
Myanmar,MMR,104,3,Kayin,ကရင်ပြည်နယ်,10/04/2020,0,0,0,0,0,0,7
Myanmar,MMR,104,3,Kayin,ကရင်ပြည်နယ်,11/04/2020,0,0,0,0,0,0,7
Myanmar,MMR,104,3,Kayin,ကရင်ပြည်နယ်,12/04/2020,0,0,0,0,0,0,7
Myanmar,MMR,104,3,Kayin,ကရင်ပြည်နယ်,13/04/2020,0,0,0,0,0,0,7
Myanmar,MMR,104,3,Kayin,ကရင်ပြည်နယ်,14/04/2020,0,0,0,0,0,0,7
Myanmar,MMR,104,3,Kayin,ကရင်ပြည်နယ်,15/04/2020,0,0,0,0,0,0,7
Myanmar,MMR,104,3,Kayin,ကရင်ပြည်နယ်,16/04/2020,0,0,0,0,0,0,7
Myanmar,MMR,104,3,Kayin,ကရင်ပြည်နယ်,17/04/2020,0,0,0,0,0,0,7
Myanmar,MMR,104,3,Kayin,ကရင်ပြည်နယ်,18/04/2020,0,0,0,0,0,0,7
Myanmar,MMR,104,3,Kayin,ကရင်ပြည်နယ်,19/04/2020,0,0,0,0,0,0,7
Myanmar,MMR,104,3,Kayin,ကရင်ပြည်နယ်,20/04/2020,0,0,0,0,0,0,7
Myanmar,MMR,104,3,Kayin,ကရင်ပြည်နယ်,21/04/2020,0,0,0,0,0,0,7
Myanmar,MMR,104,3,Kayin,ကရင်ပြည်နယ်,22/04/2020,0,0,0,0,0,0,7
Myanmar,MMR,104,3,Kayin,ကရင်ပြည်နယ်,23/04/2020,0,0,0,0,0,0,7
Myanmar,MMR,104,3,Kayin,ကရင်ပြည်နယ်,24/04/2020,0,0,0,0,0,0,7
Myanmar,MMR,104,3,Kayin,ကရင်ပြည်နယ်,25/04/2020,0,0,0,0,0,0,7
Myanmar,MMR,104,3,Kayin,ကရင်ပြည်နယ်,26/04/2020,0,0,0,0,0,0,7
Myanmar,MMR,104,3,Kayin,ကရင်ပြည်နယ်,27/04/2020,0,0,0,0,0,0,7
Myanmar,MMR,104,3,Kayin,ကရင်ပြည်နယ်,28/04/2020,0,0,0,0,0,0,7
Myanmar,MMR,104,3,Kayin,ကရင်ပြည်နယ်,29/04/2020,0,0,0,0,0,0,7
Myanmar,MMR,104,3,Kayin,ကရင်ပြည်နယ်,30/04/2020,0,0,0,0,0,0,7
Myanmar,MMR,104,3,Kayin,ကရင်ပြည်နယ်,01/05/2020,0,0,0,0,0,0,7
Myanmar,MMR,104,3,Kayin,ကရင်ပြည်နယ်,02/05/2020,0,0,0,0,0,0,7
Myanmar,MMR,104,3,Kayin,ကရင်ပြည်နယ်,03/05/2020,0,0,0,0,0,0,7
Myanmar,MMR,104,3,Kayin,ကရင်ပြည်နယ်,04/05/2020,0,0,0,0,0,0,7
Myanmar,MMR,104,3,Kayin,ကရင်ပြည်နယ်,05/05/2020,0,0,0,0,0,0,7
Myanmar,MMR,104,3,Kayin,ကရင်ပြည်နယ်,06/05/2020,0,0,0,0,0,0,7
Myanmar,MMR,104,3,Kayin,ကရင်ပြည်နယ်,07/05/2020,0,0,0,0,0,0,7
Myanmar,MMR,104,3,Kayin,ကရင်ပြည်နယ်,08/05/2020,0,0,0,0,0,0,7
Myanmar,MMR,104,3,Kayin,ကရင်ပြည်နယ်,09/05/2020,0,0,0,0,0,0,7
Myanmar,MMR,104,3,Kayin,ကရင်ပြည်နယ်,10/05/2020,0,0,0,0,0,0,7
Myanmar,MMR,104,3,Kayin,ကရင်ပြည်နယ်,11/05/2020,0,0,0,0,0,0,7
Myanmar,MMR,104,3,Kayin,ကရင်ပြည်နယ်,12/05/2020,0,0,0,0,0,0,7
Myanmar,MMR,104,3,Kayin,ကရင်ပြည်နယ်,13/05/2020,0,0,0,0,0,0,7
Myanmar,MMR,104,3,Kayin,ကရင်ပြည်နယ်,14/05/2020,0,0,0,0,0,0,7
Myanmar,MMR,104,3,Kayin,ကရင်ပြည်နယ်,15/05/2020,0,0,0,0,0,0,7
Myanmar,MMR,104,3,Kayin,ကရင်ပြည်နယ်,16/05/2020,0,0,0,0,0,0,7
Myanmar,MMR,104,3,Kayin,ကရင်ပြည်နယ်,17/05/2020,0,0,0,0,0,0,7
Myanmar,MMR,104,4,Chin,ချင်းပြည်နယ်,22/03/2020,1,1,0,0,0,0,4
Myanmar,MMR,104,4,Chin,ချင်းပြည်နယ်,23/03/2020,0,1,0,0,0,0,4
Myanmar,MMR,104,4,Chin,ချင်းပြည်နယ်,24/03/2020,0,1,0,0,0,0,4
Myanmar,MMR,104,4,Chin,ချင်းပြည်နယ်,25/03/2020,0,1,0,0,0,0,4
Myanmar,MMR,104,4,Chin,ချင်းပြည်နယ်,26/03/2020,0,1,0,0,0,0,4
Myanmar,MMR,104,4,Chin,ချင်းပြည်နယ်,27/03/2020,0,1,0,0,0,0,4
Myanmar,MMR,104,4,Chin,ချင်းပြည်နယ်,28/03/2020,0,1,0,0,0,0,4
Myanmar,MMR,104,4,Chin,ချင်းပြည်နယ်,29/03/2020,0,1,0,0,0,0,4
Myanmar,MMR,104,4,Chin,ချင်းပြည်နယ်,30/03/2020,0,1,0,0,0,0,4
Myanmar,MMR,104,4,Chin,ချင်းပြည်နယ်,31/03/2020,0,1,0,0,0,0,4
Myanmar,MMR,104,4,Chin,ချင်းပြည်နယ်,01/04/2020,0,1,0,0,0,0,4
Myanmar,MMR,104,4,Chin,ချင်းပြည်နယ်,02/04/2020,0,1,0,0,0,0,4
Myanmar,MMR,104,4,Chin,ချင်းပြည်နယ်,03/04/2020,0,1,0,0,0,0,4
Myanmar,MMR,104,4,Chin,ချင်းပြည်နယ်,04/04/2020,0,1,0,0,0,0,4
Myanmar,MMR,104,4,Chin,ချင်းပြည်နယ်,05/04/2020,0,1,0,0,0,0,4
Myanmar,MMR,104,4,Chin,ချင်းပြည်နယ်,06/04/2020,0,1,0,0,0,0,4
Myanmar,MMR,104,4,Chin,ချင်းပြည်နယ်,07/04/2020,0,1,0,0,0,0,4
Myanmar,MMR,104,4,Chin,ချင်းပြည်နယ်,08/04/2020,0,1,0,0,0,0,4
Myanmar,MMR,104,4,Chin,ချင်းပြည်နယ်,09/04/2020,1,2,0,0,0,0,4
Myanmar,MMR,104,4,Chin,ချင်းပြည်နယ်,10/04/2020,0,2,0,0,0,0,4
Myanmar,MMR,104,4,Chin,ချင်းပြည်နယ်,11/04/2020,1,3,0,0,0,0,4
Myanmar,MMR,104,4,Chin,ချင်းပြည်နယ်,12/04/2020,0,3,0,0,0,0,4
Myanmar,MMR,104,4,Chin,ချင်းပြည်နယ်,13/04/2020,0,3,0,0,0,0,4
Myanmar,MMR,104,4,Chin,ချင်းပြည်နယ်,14/04/2020,0,3,0,0,0,0,4
Myanmar,MMR,104,4,Chin,ချင်းပြည်နယ်,15/04/2020,0,3,0,0,0,0,4
Myanmar,MMR,104,4,Chin,ချင်းပြည်နယ်,16/04/2020,1,4,0,0,0,0,4
Myanmar,MMR,104,4,Chin,ချင်းပြည်နယ်,17/04/2020,0,4,0,0,0,0,4
Myanmar,MMR,104,4,Chin,ချင်းပြည်နယ်,18/04/2020,0,4,0,0,0,0,4
Myanmar,MMR,104,4,Chin,ချင်းပြည်နယ်,19/04/2020,0,4,0,0,0,0,4
Myanmar,MMR,104,4,Chin,ချင်းပြည်နယ်,20/04/2020,1,5,0,0,0,0,4
Myanmar,MMR,104,4,Chin,ချင်းပြည်နယ်,21/04/2020,0,5,0,0,0,0,4
Myanmar,MMR,104,4,Chin,ချင်းပြည်နယ်,22/04/2020,0,5,0,0,0,0,4
Myanmar,MMR,104,4,Chin,ချင်းပြည်နယ်,23/04/2020,0,5,0,0,0,0,4
Myanmar,MMR,104,4,Chin,ချင်းပြည်နယ်,24/04/2020,0,5,0,0,0,0,4
Myanmar,MMR,104,4,Chin,ချင်းပြည်နယ်,25/04/2020,0,5,0,0,0,0,4
Myanmar,MMR,104,4,Chin,ချင်းပြည်နယ်,26/04/2020,0,5,0,0,0,0,4
Myanmar,MMR,104,4,Chin,ချင်းပြည်နယ်,27/04/2020,0,5,0,0,0,0,4
Myanmar,MMR,104,4,Chin,ချင်းပြည်နယ်,28/04/2020,0,5,0,0,0,0,4
Myanmar,MMR,104,4,Chin,ချင်းပြည်နယ်,29/04/2020,1,6,0,0,0,0,4
Myanmar,MMR,104,4,Chin,ချင်းပြည်နယ်,30/04/2020,0,6,1,1,0,0,4
Myanmar,MMR,104,4,Chin,ချင်းပြည်နယ်,01/05/2020,0,6,0,1,0,0,4
Myanmar,MMR,104,4,Chin,ချင်းပြည်နယ်,02/05/2020,0,6,0,1,0,0,4
Myanmar,MMR,104,4,Chin,ချင်းပြည်နယ်,03/05/2020,0,6,0,1,0,0,4
Myanmar,MMR,104,4,Chin,ချင်းပြည်နယ်,04/05/2020,0,6,0,1,0,0,4
Myanmar,MMR,104,4,Chin,ချင်းပြည်နယ်,05/05/2020,0,6,0,1,0,0,4
Myanmar,MMR,104,4,Chin,ချင်းပြည်နယ်,06/05/2020,0,6,0,1,0,0,4
Myanmar,MMR,104,4,Chin,ချင်းပြည်နယ်,07/05/2020,0,6,0,1,0,0,4
Myanmar,MMR,104,4,Chin,ချင်းပြည်နယ်,08/05/2020,0,6,0,1,0,0,4
Myanmar,MMR,104,4,Chin,ချင်းပြည်နယ်,09/05/2020,0,6,0,1,0,0,4
Myanmar,MMR,104,4,Chin,ချင်းပြည်နယ်,10/05/2020,0,6,0,1,0,0,4
Myanmar,MMR,104,4,Chin,ချင်းပြည်နယ်,11/05/2020,0,6,0,1,0,0,4
Myanmar,MMR,104,4,Chin,ချင်းပြည်နယ်,12/05/2020,0,6,0,1,0,0,4
Myanmar,MMR,104,4,Chin,ချင်းပြည်နယ်,13/05/2020,0,6,0,1,0,0,4
Myanmar,MMR,104,4,Chin,ချင်းပြည်နယ်,14/05/2020,0,6,0,1,0,0,4
Myanmar,MMR,104,4,Chin,ချင်းပြည်နယ်,15/05/2020,0,6,0,1,0,0,4
Myanmar,MMR,104,4,Chin,ချင်းပြည်နယ်,16/05/2020,1,7,0,1,0,0,4
Myanmar,MMR,104,4,Chin,ချင်းပြည်နယ်,17/05/2020,0,7,0,1,0,0,4
Myanmar,MMR,104,5,Sagaing,စစ်ကိုင်းတိုင်းဒေသကြီး,22/03/2020,0,0,0,0,0,0,13
Myanmar,MMR,104,5,Sagaing,စစ်ကိုင်းတိုင်းဒေသကြီး,23/03/2020,0,0,0,0,0,0,13
Myanmar,MMR,104,5,Sagaing,စစ်ကိုင်းတိုင်းဒေသကြီး,24/03/2020,0,0,0,0,0,0,13
Myanmar,MMR,104,5,Sagaing,စစ်ကိုင်းတိုင်းဒေသကြီး,25/03/2020,0,0,0,0,0,0,13
Myanmar,MMR,104,5,Sagaing,စစ်ကိုင်းတိုင်းဒေသကြီး,26/03/2020,0,0,0,0,0,0,13
Myanmar,MMR,104,5,Sagaing,စစ်ကိုင်းတိုင်းဒေသကြီး,27/03/2020,0,0,0,0,0,0,13
Myanmar,MMR,104,5,Sagaing,စစ်ကိုင်းတိုင်းဒေသကြီး,28/03/2020,0,0,0,0,0,0,13
Myanmar,MMR,104,5,Sagaing,စစ်ကိုင်းတိုင်းဒေသကြီး,29/03/2020,0,0,0,0,0,0,13
Myanmar,MMR,104,5,Sagaing,စစ်ကိုင်းတိုင်းဒေသကြီး,30/03/2020,0,0,0,0,0,0,13
Myanmar,MMR,104,5,Sagaing,စစ်ကိုင်းတိုင်းဒေသကြီး,31/03/2020,0,0,0,0,0,0,13
Myanmar,MMR,104,5,Sagaing,စစ်ကိုင်းတိုင်းဒေသကြီး,01/04/2020,0,0,0,0,0,0,13
Myanmar,MMR,104,5,Sagaing,စစ်ကိုင်းတိုင်းဒေသကြီး,02/04/2020,0,0,0,0,0,0,13
Myanmar,MMR,104,5,Sagaing,စစ်ကိုင်းတိုင်းဒေသကြီး,03/04/2020,0,0,0,0,0,0,13
Myanmar,MMR,104,5,Sagaing,စစ်ကိုင်းတိုင်းဒေသကြီး,04/04/2020,0,0,0,0,0,0,13
Myanmar,MMR,104,5,Sagaing,စစ်ကိုင်းတိုင်းဒေသကြီး,05/04/2020,0,0,0,0,0,0,13
Myanmar,MMR,104,5,Sagaing,စစ်ကိုင်းတိုင်းဒေသကြီး,06/04/2020,0,0,0,0,0,0,13
Myanmar,MMR,104,5,Sagaing,စစ်ကိုင်းတိုင်းဒေသကြီး,07/04/2020,0,0,0,0,0,0,13
Myanmar,MMR,104,5,Sagaing,စစ်ကိုင်းတိုင်းဒေသကြီး,08/04/2020,0,0,0,0,0,0,13
Myanmar,MMR,104,5,Sagaing,စစ်ကိုင်းတိုင်းဒေသကြီး,09/04/2020,0,0,0,0,0,0,13
Myanmar,MMR,104,5,Sagaing,စစ်ကိုင်းတိုင်းဒေသကြီး,10/04/2020,0,0,0,0,0,0,13
Myanmar,MMR,104,5,Sagaing,စစ်ကိုင်းတိုင်းဒေသကြီး,11/04/2020,0,0,0,0,0,0,13
Myanmar,MMR,104,5,Sagaing,စစ်ကိုင်းတိုင်းဒေသကြီး,12/04/2020,0,0,0,0,0,0,13
Myanmar,MMR,104,5,Sagaing,စစ်ကိုင်းတိုင်းဒေသကြီး,13/04/2020,0,0,0,0,0,0,13
Myanmar,MMR,104,5,Sagaing,စစ်ကိုင်းတိုင်းဒေသကြီး,14/04/2020,0,0,0,0,0,0,13
Myanmar,MMR,104,5,Sagaing,စစ်ကိုင်းတိုင်းဒေသကြီး,15/04/2020,1,1,0,0,0,0,13
Myanmar,MMR,104,5,Sagaing,စစ်ကိုင်းတိုင်းဒေသကြီး,16/04/2020,0,1,0,0,0,0,13
Myanmar,MMR,104,5,Sagaing,စစ်ကိုင်းတိုင်းဒေသကြီး,17/04/2020,0,1,0,0,0,0,13
Myanmar,MMR,104,5,Sagaing,စစ်ကိုင်းတိုင်းဒေသကြီး,18/04/2020,1,2,0,0,0,0,13
Myanmar,MMR,104,5,Sagaing,စစ်ကိုင်းတိုင်းဒေသကြီး,19/04/2020,0,2,0,0,0,0,13
Myanmar,MMR,104,5,Sagaing,စစ်ကိုင်းတိုင်းဒေသကြီး,20/04/2020,4,6,0,0,0,0,13
Myanmar,MMR,104,5,Sagaing,စစ်ကိုင်းတိုင်းဒေသကြီး,21/04/2020,0,6,0,0,0,0,13
Myanmar,MMR,104,5,Sagaing,စစ်ကိုင်းတိုင်းဒေသကြီး,22/04/2020,0,6,0,0,0,0,13
Myanmar,MMR,104,5,Sagaing,စစ်ကိုင်းတိုင်းဒေသကြီး,23/04/2020,0,6,0,0,0,0,13
Myanmar,MMR,104,5,Sagaing,စစ်ကိုင်းတိုင်းဒေသကြီး,24/04/2020,0,6,0,0,0,0,13
Myanmar,MMR,104,5,Sagaing,စစ်ကိုင်းတိုင်းဒေသကြီး,25/04/2020,0,6,0,0,0,0,13
Myanmar,MMR,104,5,Sagaing,စစ်ကိုင်းတိုင်းဒေသကြီး,26/04/2020,1,7,0,0,0,0,13
Myanmar,MMR,104,5,Sagaing,စစ်ကိုင်းတိုင်းဒေသကြီး,27/04/2020,0,7,0,0,0,0,13
Myanmar,MMR,104,5,Sagaing,စစ်ကိုင်းတိုင်းဒေသကြီး,28/04/2020,0,7,0,0,0,0,13
Myanmar,MMR,104,5,Sagaing,စစ်ကိုင်းတိုင်းဒေသကြီး,29/04/2020,0,7,0,0,0,0,13
Myanmar,MMR,104,5,Sagaing,စစ်ကိုင်းတိုင်းဒေသကြီး,30/04/2020,0,7,0,0,0,0,13
Myanmar,MMR,104,5,Sagaing,စစ်ကိုင်းတိုင်းဒေသကြီး,01/05/2020,0,7,0,0,0,0,13
Myanmar,MMR,104,5,Sagaing,စစ်ကိုင်းတိုင်းဒေသကြီး,02/05/2020,0,7,0,0,0,0,13
Myanmar,MMR,104,5,Sagaing,စစ်ကိုင်းတိုင်းဒေသကြီး,03/05/2020,0,7,0,0,0,0,13
Myanmar,MMR,104,5,Sagaing,စစ်ကိုင်းတိုင်းဒေသကြီး,04/05/2020,0,7,0,0,0,0,13
Myanmar,MMR,104,5,Sagaing,စစ်ကိုင်းတိုင်းဒေသကြီး,05/05/2020,0,7,0,0,0,0,13
Myanmar,MMR,104,5,Sagaing,စစ်ကိုင်းတိုင်းဒေသကြီး,06/05/2020,0,7,0,0,0,0,13
Myanmar,MMR,104,5,Sagaing,စစ်ကိုင်းတိုင်းဒေသကြီး,07/05/2020,0,7,0,0,0,0,13
Myanmar,MMR,104,5,Sagaing,စစ်ကိုင်းတိုင်းဒေသကြီး,08/05/2020,0,7,0,0,0,0,13
Myanmar,MMR,104,5,Sagaing,စစ်ကိုင်းတိုင်းဒေသကြီး,09/05/2020,0,7,0,0,0,0,13
Myanmar,MMR,104,5,Sagaing,စစ်ကိုင်းတိုင်းဒေသကြီး,10/05/2020,0,7,1,1,0,0,13
Myanmar,MMR,104,5,Sagaing,စစ်ကိုင်းတိုင်းဒေသကြီး,11/05/2020,0,7,0,1,0,0,13
Myanmar,MMR,104,5,Sagaing,စစ်ကိုင်းတိုင်းဒေသကြီး,12/05/2020,0,7,0,1,0,0,13
Myanmar,MMR,104,5,Sagaing,စစ်ကိုင်းတိုင်းဒေသကြီး,13/05/2020,0,7,0,1,0,0,13
Myanmar,MMR,104,5,Sagaing,စစ်ကိုင်းတိုင်းဒေသကြီး,14/05/2020,0,7,0,1,0,0,13
Myanmar,MMR,104,5,Sagaing,စစ်ကိုင်းတိုင်းဒေသကြီး,15/05/2020,0,7,0,1,0,0,13
Myanmar,MMR,104,5,Sagaing,စစ်ကိုင်းတိုင်းဒေသကြီး,16/05/2020,0,7,0,1,0,0,13
Myanmar,MMR,104,5,Sagaing,စစ်ကိုင်းတိုင်းဒေသကြီး,17/05/2020,0,7,0,1,0,0,13
Myanmar,MMR,104,6,Tanintharyi,တနင်္သာရီတိုင်းဒေသကြီး,22/03/2020,0,0,0,0,0,0,17
Myanmar,MMR,104,6,Tanintharyi,တနင်္သာရီတိုင်းဒေသကြီး,23/03/2020,0,0,0,0,0,0,17
Myanmar,MMR,104,6,Tanintharyi,တနင်္သာရီတိုင်းဒေသကြီး,24/03/2020,0,0,0,0,0,0,17
Myanmar,MMR,104,6,Tanintharyi,တနင်္သာရီတိုင်းဒေသကြီး,25/03/2020,0,0,0,0,0,0,17
Myanmar,MMR,104,6,Tanintharyi,တနင်္သာရီတိုင်းဒေသကြီး,26/03/2020,0,0,0,0,0,0,17
Myanmar,MMR,104,6,Tanintharyi,တနင်္သာရီတိုင်းဒေသကြီး,27/03/2020,0,0,0,0,0,0,17
Myanmar,MMR,104,6,Tanintharyi,တနင်္သာရီတိုင်းဒေသကြီး,28/03/2020,0,0,0,0,0,0,17
Myanmar,MMR,104,6,Tanintharyi,တနင်္သာရီတိုင်းဒေသကြီး,29/03/2020,0,0,0,0,0,0,17
Myanmar,MMR,104,6,Tanintharyi,တနင်္သာရီတိုင်းဒေသကြီး,30/03/2020,0,0,0,0,0,0,17
Myanmar,MMR,104,6,Tanintharyi,တနင်္သာရီတိုင်းဒေသကြီး,31/03/2020,0,0,0,0,0,0,17
Myanmar,MMR,104,6,Tanintharyi,တနင်္သာရီတိုင်းဒေသကြီး,01/04/2020,0,0,0,0,0,0,17
Myanmar,MMR,104,6,Tanintharyi,တနင်္သာရီတိုင်းဒေသကြီး,02/04/2020,0,0,0,0,0,0,17
Myanmar,MMR,104,6,Tanintharyi,တနင်္သာရီတိုင်းဒေသကြီး,03/04/2020,0,0,0,0,0,0,17
Myanmar,MMR,104,6,Tanintharyi,တနင်္သာရီတိုင်းဒေသကြီး,04/04/2020,0,0,0,0,0,0,17
Myanmar,MMR,104,6,Tanintharyi,တနင်္သာရီတိုင်းဒေသကြီး,05/04/2020,0,0,0,0,0,0,17
Myanmar,MMR,104,6,Tanintharyi,တနင်္သာရီတိုင်းဒေသကြီး,06/04/2020,0,0,0,0,0,0,17
Myanmar,MMR,104,6,Tanintharyi,တနင်္သာရီတိုင်းဒေသကြီး,07/04/2020,0,0,0,0,0,0,17
Myanmar,MMR,104,6,Tanintharyi,တနင်္သာရီတိုင်းဒေသကြီး,08/04/2020,0,0,0,0,0,0,17
Myanmar,MMR,104,6,Tanintharyi,တနင်္သာရီတိုင်းဒေသကြီး,09/04/2020,0,0,0,0,0,0,17
Myanmar,MMR,104,6,Tanintharyi,တနင်္သာရီတိုင်းဒေသကြီး,10/04/2020,0,0,0,0,0,0,17
Myanmar,MMR,104,6,Tanintharyi,တနင်္သာရီတိုင်းဒေသကြီး,11/04/2020,0,0,0,0,0,0,17
Myanmar,MMR,104,6,Tanintharyi,တနင်္သာရီတိုင်းဒေသကြီး,12/04/2020,0,0,0,0,0,0,17
Myanmar,MMR,104,6,Tanintharyi,တနင်္သာရီတိုင်းဒေသကြီး,13/04/2020,0,0,0,0,0,0,17
Myanmar,MMR,104,6,Tanintharyi,တနင်္သာရီတိုင်းဒေသကြီး,14/04/2020,0,0,0,0,0,0,17
Myanmar,MMR,104,6,Tanintharyi,တနင်္သာရီတိုင်းဒေသကြီး,15/04/2020,0,0,0,0,0,0,17
Myanmar,MMR,104,6,Tanintharyi,တနင်္သာရီတိုင်းဒေသကြီး,16/04/2020,0,0,0,0,0,0,17
Myanmar,MMR,104,6,Tanintharyi,တနင်္သာရီတိုင်းဒေသကြီး,17/04/2020,0,0,0,0,0,0,17
Myanmar,MMR,104,6,Tanintharyi,တနင်္သာရီတိုင်းဒေသကြီး,18/04/2020,0,0,0,0,0,0,17
Myanmar,MMR,104,6,Tanintharyi,တနင်္သာရီတိုင်းဒေသကြီး,19/04/2020,0,0,0,0,0,0,17
Myanmar,MMR,104,6,Tanintharyi,တနင်္သာရီတိုင်းဒေသကြီး,20/04/2020,0,0,0,0,0,0,17
Myanmar,MMR,104,6,Tanintharyi,တနင်္သာရီတိုင်းဒေသကြီး,21/04/2020,0,0,0,0,0,0,17
Myanmar,MMR,104,6,Tanintharyi,တနင်္သာရီတိုင်းဒေသကြီး,22/04/2020,0,0,0,0,0,0,17
Myanmar,MMR,104,6,Tanintharyi,တနင်္သာရီတိုင်းဒေသကြီး,23/04/2020,0,0,0,0,0,0,17
Myanmar,MMR,104,6,Tanintharyi,တနင်္သာရီတိုင်းဒေသကြီး,24/04/2020,0,0,0,0,0,0,17
Myanmar,MMR,104,6,Tanintharyi,တနင်္သာရီတိုင်းဒေသကြီး,25/04/2020,0,0,0,0,0,0,17
Myanmar,MMR,104,6,Tanintharyi,တနင်္သာရီတိုင်းဒေသကြီး,26/04/2020,0,0,0,0,0,0,17
Myanmar,MMR,104,6,Tanintharyi,တနင်္သာရီတိုင်းဒေသကြီး,27/04/2020,0,0,0,0,0,0,17
Myanmar,MMR,104,6,Tanintharyi,တနင်္သာရီတိုင်းဒေသကြီး,28/04/2020,0,0,0,0,0,0,17
Myanmar,MMR,104,6,Tanintharyi,တနင်္သာရီတိုင်းဒေသကြီး,29/04/2020,0,0,0,0,0,0,17
Myanmar,MMR,104,6,Tanintharyi,တနင်္သာရီတိုင်းဒေသကြီး,30/04/2020,0,0,0,0,0,0,17
Myanmar,MMR,104,6,Tanintharyi,တနင်္သာရီတိုင်းဒေသကြီး,01/05/2020,0,0,0,0,0,0,17
Myanmar,MMR,104,6,Tanintharyi,တနင်္သာရီတိုင်းဒေသကြီး,02/05/2020,0,0,0,0,0,0,17
Myanmar,MMR,104,6,Tanintharyi,တနင်္သာရီတိုင်းဒေသကြီး,03/05/2020,0,0,0,0,0,0,17
Myanmar,MMR,104,6,Tanintharyi,တနင်္သာရီတိုင်းဒေသကြီး,04/05/2020,0,0,0,0,0,0,17
Myanmar,MMR,104,6,Tanintharyi,တနင်္သာရီတိုင်းဒေသကြီး,05/05/2020,0,0,0,0,0,0,17
Myanmar,MMR,104,6,Tanintharyi,တနင်္သာရီတိုင်းဒေသကြီး,06/05/2020,0,0,0,0,0,0,17
Myanmar,MMR,104,6,Tanintharyi,တနင်္သာရီတိုင်းဒေသကြီး,07/05/2020,0,0,0,0,0,0,17
Myanmar,MMR,104,6,Tanintharyi,တနင်္သာရီတိုင်းဒေသကြီး,08/05/2020,0,0,0,0,0,0,17
Myanmar,MMR,104,6,Tanintharyi,တနင်္သာရီတိုင်းဒေသကြီး,09/05/2020,0,0,0,0,0,0,17
Myanmar,MMR,104,6,Tanintharyi,တနင်္သာရီတိုင်းဒေသကြီး,10/05/2020,0,0,0,0,0,0,17
Myanmar,MMR,104,6,Tanintharyi,တနင်္သာရီတိုင်းဒေသကြီး,11/05/2020,0,0,0,0,0,0,17
Myanmar,MMR,104,6,Tanintharyi,တနင်္သာရီတိုင်းဒေသကြီး,12/05/2020,0,0,0,0,0,0,17
Myanmar,MMR,104,6,Tanintharyi,တနင်္သာရီတိုင်းဒေသကြီး,13/05/2020,0,0,0,0,0,0,17
Myanmar,MMR,104,6,Tanintharyi,တနင်္သာရီတိုင်းဒေသကြီး,14/05/2020,0,0,0,0,0,0,17
Myanmar,MMR,104,6,Tanintharyi,တနင်္သာရီတိုင်းဒေသကြီး,15/05/2020,0,0,0,0,0,0,17
Myanmar,MMR,104,6,Tanintharyi,တနင်္သာရီတိုင်းဒေသကြီး,16/05/2020,0,0,0,0,0,0,17
Myanmar,MMR,104,6,Tanintharyi,တနင်္သာရီတိုင်းဒေသကြီး,17/05/2020,0,0,0,0,0,0,17
Myanmar,MMR,104,7,Bago (East),ပဲခူးတိုင်းဒေသကြီး (အရှေ့),22/03/2020,0,0,0,0,0,0,2
Myanmar,MMR,104,7,Bago (East),ပဲခူးတိုင်းဒေသကြီး (အရှေ့),23/03/2020,0,0,0,0,0,0,2
Myanmar,MMR,104,7,Bago (East),ပဲခူးတိုင်းဒေသကြီး (အရှေ့),24/03/2020,0,0,0,0,0,0,2
Myanmar,MMR,104,7,Bago (East),ပဲခူးတိုင်းဒေသကြီး (အရှေ့),25/03/2020,0,0,0,0,0,0,2
Myanmar,MMR,104,7,Bago (East),ပဲခူးတိုင်းဒေသကြီး (အရှေ့),26/03/2020,0,0,0,0,0,0,2
Myanmar,MMR,104,7,Bago (East),ပဲခူးတိုင်းဒေသကြီး (အရှေ့),27/03/2020,0,0,0,0,0,0,2
Myanmar,MMR,104,7,Bago (East),ပဲခူးတိုင်းဒေသကြီး (အရှေ့),28/03/2020,0,0,0,0,0,0,2
Myanmar,MMR,104,7,Bago (East),ပဲခူးတိုင်းဒေသကြီး (အရှေ့),29/03/2020,0,0,0,0,0,0,2
Myanmar,MMR,104,7,Bago (East),ပဲခူးတိုင်းဒေသကြီး (အရှေ့),30/03/2020,0,0,0,0,0,0,2
Myanmar,MMR,104,7,Bago (East),ပဲခူးတိုင်းဒေသကြီး (အရှေ့),31/03/2020,0,0,0,0,0,0,2
Myanmar,MMR,104,7,Bago (East),ပဲခူးတိုင်းဒေသကြီး (အရှေ့),01/04/2020,0,0,0,0,0,0,2
Myanmar,MMR,104,7,Bago (East),ပဲခူးတိုင်းဒေသကြီး (အရှေ့),02/04/2020,0,0,0,0,0,0,2
Myanmar,MMR,104,7,Bago (East),ပဲခူးတိုင်းဒေသကြီး (အရှေ့),03/04/2020,0,0,0,0,0,0,2
Myanmar,MMR,104,7,Bago (East),ပဲခူးတိုင်းဒေသကြီး (အရှေ့),04/04/2020,0,0,0,0,0,0,2
Myanmar,MMR,104,7,Bago (East),ပဲခူးတိုင်းဒေသကြီး (အရှေ့),05/04/2020,0,0,0,0,0,0,2
Myanmar,MMR,104,7,Bago (East),ပဲခူးတိုင်းဒေသကြီး (အရှေ့),06/04/2020,0,0,0,0,0,0,2
Myanmar,MMR,104,7,Bago (East),ပဲခူးတိုင်းဒေသကြီး (အရှေ့),07/04/2020,0,0,0,0,0,0,2
Myanmar,MMR,104,7,Bago (East),ပဲခူးတိုင်းဒေသကြီး (အရှေ့),08/04/2020,0,0,0,0,0,0,2
Myanmar,MMR,104,7,Bago (East),ပဲခူးတိုင်းဒေသကြီး (အရှေ့),09/04/2020,0,0,0,0,0,0,2
Myanmar,MMR,104,7,Bago (East),ပဲခူးတိုင်းဒေသကြီး (အရှေ့),10/04/2020,0,0,0,0,0,0,2
Myanmar,MMR,104,7,Bago (East),ပဲခူးတိုင်းဒေသကြီး (အရှေ့),11/04/2020,0,0,0,0,0,0,2
Myanmar,MMR,104,7,Bago (East),ပဲခူးတိုင်းဒေသကြီး (အရှေ့),12/04/2020,0,0,0,0,0,0,2
Myanmar,MMR,104,7,Bago (East),ပဲခူးတိုင်းဒေသကြီး (အရှေ့),13/04/2020,0,0,0,0,0,0,2
Myanmar,MMR,104,7,Bago (East),ပဲခူးတိုင်းဒေသကြီး (အရှေ့),14/04/2020,0,0,0,0,0,0,2
Myanmar,MMR,104,7,Bago (East),ပဲခူးတိုင်းဒေသကြီး (အရှေ့),15/04/2020,0,0,0,0,0,0,2
Myanmar,MMR,104,7,Bago (East),ပဲခူးတိုင်းဒေသကြီး (အရှေ့),16/04/2020,0,0,0,0,0,0,2
Myanmar,MMR,104,7,Bago (East),ပဲခူးတိုင်းဒေသကြီး (အရှေ့),17/04/2020,0,0,0,0,0,0,2
Myanmar,MMR,104,7,Bago (East),ပဲခူးတိုင်းဒေသကြီး (အရှေ့),18/04/2020,0,0,0,0,0,0,2
Myanmar,MMR,104,7,Bago (East),ပဲခူးတိုင်းဒေသကြီး (အရှေ့),19/04/2020,0,0,0,0,0,0,2
Myanmar,MMR,104,7,Bago (East),ပဲခူးတိုင်းဒေသကြီး (အရှေ့),20/04/2020,0,0,0,0,0,0,2
Myanmar,MMR,104,7,Bago (East),ပဲခူးတိုင်းဒေသကြီး (အရှေ့),21/04/2020,0,0,0,0,0,0,2
Myanmar,MMR,104,7,Bago (East),ပဲခူးတိုင်းဒေသကြီး (အရှေ့),22/04/2020,0,0,0,0,0,0,2
Myanmar,MMR,104,7,Bago (East),ပဲခူးတိုင်းဒေသကြီး (အရှေ့),23/04/2020,0,0,0,0,0,0,2
Myanmar,MMR,104,7,Bago (East),ပဲခူးတိုင်းဒေသကြီး (အရှေ့),24/04/2020,0,0,0,0,0,0,2
Myanmar,MMR,104,7,Bago (East),ပဲခူးတိုင်းဒေသကြီး (အရှေ့),25/04/2020,0,0,0,0,0,0,2
Myanmar,MMR,104,7,Bago (East),ပဲခူးတိုင်းဒေသကြီး (အရှေ့),26/04/2020,0,0,0,0,0,0,2
Myanmar,MMR,104,7,Bago (East),ပဲခူးတိုင်းဒေသကြီး (အရှေ့),27/04/2020,0,0,0,0,0,0,2
Myanmar,MMR,104,7,Bago (East),ပဲခူးတိုင်းဒေသကြီး (အရှေ့),28/04/2020,0,0,0,0,0,0,2
Myanmar,MMR,104,7,Bago (East),ပဲခူးတိုင်းဒေသကြီး (အရှေ့),29/04/2020,0,0,0,0,0,0,2
Myanmar,MMR,104,7,Bago (East),ပဲခူးတိုင်းဒေသကြီး (အရှေ့),30/04/2020,0,0,0,0,0,0,2
Myanmar,MMR,104,7,Bago (East),ပဲခူးတိုင်းဒေသကြီး (အရှေ့),01/05/2020,0,0,0,0,0,0,2
Myanmar,MMR,104,7,Bago (East),ပဲခူးတိုင်းဒေသကြီး (အရှေ့),02/05/2020,0,0,0,0,0,0,2
Myanmar,MMR,104,7,Bago (East),ပဲခူးတိုင်းဒေသကြီး (အရှေ့),03/05/2020,0,0,0,0,0,0,2
Myanmar,MMR,104,7,Bago (East),ပဲခူးတိုင်းဒေသကြီး (အရှေ့),04/05/2020,0,0,0,0,0,0,2
Myanmar,MMR,104,7,Bago (East),ပဲခူးတိုင်းဒေသကြီး (အရှေ့),05/05/2020,0,0,0,0,0,0,2
Myanmar,MMR,104,7,Bago (East),ပဲခူးတိုင်းဒေသကြီး (အရှေ့),06/05/2020,0,0,0,0,0,0,2
Myanmar,MMR,104,7,Bago (East),ပဲခူးတိုင်းဒေသကြီး (အရှေ့),07/05/2020,0,0,0,0,0,0,2
Myanmar,MMR,104,7,Bago (East),ပဲခူးတိုင်းဒေသကြီး (အရှေ့),08/05/2020,0,0,0,0,0,0,2
Myanmar,MMR,104,7,Bago (East),ပဲခူးတိုင်းဒေသကြီး (အရှေ့),09/05/2020,0,0,0,0,0,0,2
Myanmar,MMR,104,7,Bago (East),ပဲခူးတိုင်းဒေသကြီး (အရှေ့),10/05/2020,0,0,0,0,0,0,2
Myanmar,MMR,104,7,Bago (East),ပဲခူးတိုင်းဒေသကြီး (အရှေ့),11/05/2020,0,0,0,0,0,0,2
Myanmar,MMR,104,7,Bago (East),ပဲခူးတိုင်းဒေသကြီး (အရှေ့),12/05/2020,0,0,0,0,0,0,2
Myanmar,MMR,104,7,Bago (East),ပဲခူးတိုင်းဒေသကြီး (အရှေ့),13/05/2020,0,0,0,0,0,0,2
Myanmar,MMR,104,7,Bago (East),ပဲခူးတိုင်းဒေသကြီး (အရှေ့),14/05/2020,0,0,0,0,0,0,2
Myanmar,MMR,104,7,Bago (East),ပဲခူးတိုင်းဒေသကြီး (အရှေ့),15/05/2020,0,0,0,0,0,0,2
Myanmar,MMR,104,7,Bago (East),ပဲခူးတိုင်းဒေသကြီး (အရှေ့),16/05/2020,0,0,0,0,0,0,2
Myanmar,MMR,104,7,Bago (East),ပဲခူးတိုင်းဒေသကြီး (အရှေ့),17/05/2020,0,0,0,0,0,0,2
Myanmar,MMR,104,8,Bago (West),ပဲခူးတိုင်းဒေသကြီး (အနောက်),22/03/2020,0,0,0,0,0,0,3
Myanmar,MMR,104,8,Bago (West),ပဲခူးတိုင်းဒေသကြီး (အနောက်),23/03/2020,0,0,0,0,0,0,3
Myanmar,MMR,104,8,Bago (West),ပဲခူးတိုင်းဒေသကြီး (အနောက်),24/03/2020,0,0,0,0,0,0,3
Myanmar,MMR,104,8,Bago (West),ပဲခူးတိုင်းဒေသကြီး (အနောက်),25/03/2020,0,0,0,0,0,0,3
Myanmar,MMR,104,8,Bago (West),ပဲခူးတိုင်းဒေသကြီး (အနောက်),26/03/2020,0,0,0,0,0,0,3
Myanmar,MMR,104,8,Bago (West),ပဲခူးတိုင်းဒေသကြီး (အနောက်),27/03/2020,0,0,0,0,0,0,3
Myanmar,MMR,104,8,Bago (West),ပဲခူးတိုင်းဒေသကြီး (အနောက်),28/03/2020,0,0,0,0,0,0,3
Myanmar,MMR,104,8,Bago (West),ပဲခူးတိုင်းဒေသကြီး (အနောက်),29/03/2020,0,0,0,0,0,0,3
Myanmar,MMR,104,8,Bago (West),ပဲခူးတိုင်းဒေသကြီး (အနောက်),30/03/2020,0,0,0,0,0,0,3
Myanmar,MMR,104,8,Bago (West),ပဲခူးတိုင်းဒေသကြီး (အနောက်),31/03/2020,0,0,0,0,0,0,3
Myanmar,MMR,104,8,Bago (West),ပဲခူးတိုင်းဒေသကြီး (အနောက်),01/04/2020,0,0,0,0,0,0,3
Myanmar,MMR,104,8,Bago (West),ပဲခူးတိုင်းဒေသကြီး (အနောက်),02/04/2020,4,4,0,0,0,0,3
Myanmar,MMR,104,8,Bago (West),ပဲခူးတိုင်းဒေသကြီး (အနောက်),03/04/2020,0,4,0,0,0,0,3
Myanmar,MMR,104,8,Bago (West),ပဲခူးတိုင်းဒေသကြီး (အနောက်),04/04/2020,0,4,0,0,0,0,3
Myanmar,MMR,104,8,Bago (West),ပဲခူးတိုင်းဒေသကြီး (အနောက်),05/04/2020,0,4,0,0,0,0,3
Myanmar,MMR,104,8,Bago (West),ပဲခူးတိုင်းဒေသကြီး (အနောက်),06/04/2020,0,4,0,0,0,0,3
Myanmar,MMR,104,8,Bago (West),ပဲခူးတိုင်းဒေသကြီး (အနောက်),07/04/2020,0,4,0,0,0,0,3
Myanmar,MMR,104,8,Bago (West),ပဲခူးတိုင်းဒေသကြီး (အနောက်),08/04/2020,0,4,0,0,1,1,3
Myanmar,MMR,104,8,Bago (West),ပဲခူးတိုင်းဒေသကြီး (အနောက်),09/04/2020,0,4,0,0,0,1,3
Myanmar,MMR,104,8,Bago (West),ပဲခူးတိုင်းဒေသကြီး (အနောက်),10/04/2020,0,4,0,0,0,1,3
Myanmar,MMR,104,8,Bago (West),ပဲခူးတိုင်းဒေသကြီး (အနောက်),11/04/2020,1,5,0,0,0,1,3
Myanmar,MMR,104,8,Bago (West),ပဲခူးတိုင်းဒေသကြီး (အနောက်),12/04/2020,0,5,0,0,0,1,3
Myanmar,MMR,104,8,Bago (West),ပဲခူးတိုင်းဒေသကြီး (အနောက်),13/04/2020,0,5,0,0,0,1,3
Myanmar,MMR,104,8,Bago (West),ပဲခူးတိုင်းဒေသကြီး (အနောက်),14/04/2020,0,5,0,0,0,1,3
Myanmar,MMR,104,8,Bago (West),ပဲခူးတိုင်းဒေသကြီး (အနောက်),15/04/2020,0,5,0,0,0,1,3
Myanmar,MMR,104,8,Bago (West),ပဲခူးတိုင်းဒေသကြီး (အနောက်),16/04/2020,0,5,0,0,0,1,3
Myanmar,MMR,104,8,Bago (West),ပဲခူးတိုင်းဒေသကြီး (အနောက်),17/04/2020,0,5,0,0,0,1,3
Myanmar,MMR,104,8,Bago (West),ပဲခူးတိုင်းဒေသကြီး (အနောက်),18/04/2020,0,5,0,0,0,1,3
Myanmar,MMR,104,8,Bago (West),ပဲခူးတိုင်းဒေသကြီး (အနောက်),19/04/2020,0,5,0,0,0,1,3
Myanmar,MMR,104,8,Bago (West),ပဲခူးတိုင်းဒေသကြီး (အနောက်),20/04/2020,2,7,0,0,0,1,3
Myanmar,MMR,104,8,Bago (West),ပဲခူးတိုင်းဒေသကြီး (အနောက်),21/04/2020,0,7,0,0,0,1,3
Myanmar,MMR,104,8,Bago (West),ပဲခူးတိုင်းဒေသကြီး (အနောက်),22/04/2020,0,7,0,0,0,1,3
Myanmar,MMR,104,8,Bago (West),ပဲခူးတိုင်းဒေသကြီး (အနောက်),23/04/2020,0,7,0,0,0,1,3
Myanmar,MMR,104,8,Bago (West),ပဲခူးတိုင်းဒေသကြီး (အနောက်),24/04/2020,0,7,0,0,0,1,3
Myanmar,MMR,104,8,Bago (West),ပဲခူးတိုင်းဒေသကြီး (အနောက်),25/04/2020,0,7,0,0,0,1,3
Myanmar,MMR,104,8,Bago (West),ပဲခူးတိုင်းဒေသကြီး (အနောက်),26/04/2020,0,7,0,0,0,1,3
Myanmar,MMR,104,8,Bago (West),ပဲခူးတိုင်းဒေသကြီး (အနောက်),27/04/2020,0,7,0,0,0,1,3
Myanmar,MMR,104,8,Bago (West),ပဲခူးတိုင်းဒေသကြီး (အနောက်),28/04/2020,0,7,2,2,0,1,3
Myanmar,MMR,104,8,Bago (West),ပဲခူးတိုင်းဒေသကြီး (အနောက်),29/04/2020,0,7,0,2,0,1,3
Myanmar,MMR,104,8,Bago (West),ပဲခူးတိုင်းဒေသကြီး (အနောက်),30/04/2020,0,7,0,2,0,1,3
Myanmar,MMR,104,8,Bago (West),ပဲခူးတိုင်းဒေသကြီး (အနောက်),01/05/2020,0,7,0,2,0,1,3
Myanmar,MMR,104,8,Bago (West),ပဲခူးတိုင်းဒေသကြီး (အနောက်),02/05/2020,0,7,0,2,0,1,3
Myanmar,MMR,104,8,Bago (West),ပဲခူးတိုင်းဒေသကြီး (အနောက်),03/05/2020,0,7,0,2,0,1,3
Myanmar,MMR,104,8,Bago (West),ပဲခူးတိုင်းဒေသကြီး (အနောက်),04/05/2020,0,7,0,2,0,1,3
Myanmar,MMR,104,8,Bago (West),ပဲခူးတိုင်းဒေသကြီး (အနောက်),05/05/2020,0,7,0,2,0,1,3
Myanmar,MMR,104,8,Bago (West),ပဲခူးတိုင်းဒေသကြီး (အနောက်),06/05/2020,0,7,0,2,0,1,3
Myanmar,MMR,104,8,Bago (West),ပဲခူးတိုင်းဒေသကြီး (အနောက်),07/05/2020,0,7,0,2,0,1,3
Myanmar,MMR,104,8,Bago (West),ပဲခူးတိုင်းဒေသကြီး (အနောက်),08/05/2020,0,7,0,2,0,1,3
Myanmar,MMR,104,8,Bago (West),ပဲခူးတိုင်းဒေသကြီး (အနောက်),09/05/2020,0,7,0,2,0,1,3
Myanmar,MMR,104,8,Bago (West),ပဲခူးတိုင်းဒေသကြီး (အနောက်),10/05/2020,0,7,2,4,0,1,3
Myanmar,MMR,104,8,Bago (West),ပဲခူးတိုင်းဒေသကြီး (အနောက်),11/05/2020,0,7,0,4,0,1,3
Myanmar,MMR,104,8,Bago (West),ပဲခူးတိုင်းဒေသကြီး (အနောက်),12/05/2020,0,7,0,4,0,1,3
Myanmar,MMR,104,8,Bago (West),ပဲခူးတိုင်းဒေသကြီး (အနောက်),13/05/2020,0,7,0,4,0,1,3
Myanmar,MMR,104,8,Bago (West),ပဲခူးတိုင်းဒေသကြီး (အနောက်),14/05/2020,0,7,0,4,0,1,3
Myanmar,MMR,104,8,Bago (West),ပဲခူးတိုင်းဒေသကြီး (အနောက်),15/05/2020,0,7,0,4,0,1,3
Myanmar,MMR,104,8,Bago (West),ပဲခူးတိုင်းဒေသကြီး (အနောက်),16/05/2020,0,7,0,4,0,1,3
Myanmar,MMR,104,8,Bago (West),ပဲခူးတိုင်းဒေသကြီး (အနောက်),17/05/2020,0,7,0,4,0,1,3
Myanmar,MMR,104,9,Magway,မကွေးတိုင်းဒေသကြီး,22/03/2020,0,0,0,0,0,0,8
Myanmar,MMR,104,9,Magway,မကွေးတိုင်းဒေသကြီး,23/03/2020,0,0,0,0,0,0,8
Myanmar,MMR,104,9,Magway,မကွေးတိုင်းဒေသကြီး,24/03/2020,0,0,0,0,0,0,8
Myanmar,MMR,104,9,Magway,မကွေးတိုင်းဒေသကြီး,25/03/2020,0,0,0,0,0,0,8
Myanmar,MMR,104,9,Magway,မကွေးတိုင်းဒေသကြီး,26/03/2020,0,0,0,0,0,0,8
Myanmar,MMR,104,9,Magway,မကွေးတိုင်းဒေသကြီး,27/03/2020,0,0,0,0,0,0,8
Myanmar,MMR,104,9,Magway,မကွေးတိုင်းဒေသကြီး,28/03/2020,0,0,0,0,0,0,8
Myanmar,MMR,104,9,Magway,မကွေးတိုင်းဒေသကြီး,29/03/2020,0,0,0,0,0,0,8
Myanmar,MMR,104,9,Magway,မကွေးတိုင်းဒေသကြီး,30/03/2020,0,0,0,0,0,0,8
Myanmar,MMR,104,9,Magway,မကွေးတိုင်းဒေသကြီး,31/03/2020,0,0,0,0,0,0,8
Myanmar,MMR,104,9,Magway,မကွေးတိုင်းဒေသကြီး,01/04/2020,0,0,0,0,0,0,8
Myanmar,MMR,104,9,Magway,မကွေးတိုင်းဒေသကြီး,02/04/2020,0,0,0,0,0,0,8
Myanmar,MMR,104,9,Magway,မကွေးတိုင်းဒေသကြီး,03/04/2020,0,0,0,0,0,0,8
Myanmar,MMR,104,9,Magway,မကွေးတိုင်းဒေသကြီး,04/04/2020,0,0,0,0,0,0,8
Myanmar,MMR,104,9,Magway,မကွေးတိုင်းဒေသကြီး,05/04/2020,0,0,0,0,0,0,8
Myanmar,MMR,104,9,Magway,မကွေးတိုင်းဒေသကြီး,06/04/2020,0,0,0,0,0,0,8
Myanmar,MMR,104,9,Magway,မကွေးတိုင်းဒေသကြီး,07/04/2020,0,0,0,0,0,0,8
Myanmar,MMR,104,9,Magway,မကွေးတိုင်းဒေသကြီး,08/04/2020,0,0,0,0,0,0,8
Myanmar,MMR,104,9,Magway,မကွေးတိုင်းဒေသကြီး,09/04/2020,0,0,0,0,0,0,8
Myanmar,MMR,104,9,Magway,မကွေးတိုင်းဒေသကြီး,10/04/2020,0,0,0,0,0,0,8
Myanmar,MMR,104,9,Magway,မကွေးတိုင်းဒေသကြီး,11/04/2020,0,0,0,0,0,0,8
Myanmar,MMR,104,9,Magway,မကွေးတိုင်းဒေသကြီး,12/04/2020,0,0,0,0,0,0,8
Myanmar,MMR,104,9,Magway,မကွေးတိုင်းဒေသကြီး,13/04/2020,0,0,0,0,0,0,8
Myanmar,MMR,104,9,Magway,မကွေးတိုင်းဒေသကြီး,14/04/2020,1,1,0,0,0,0,8
Myanmar,MMR,104,9,Magway,မကွေးတိုင်းဒေသကြီး,15/04/2020,0,1,0,0,0,0,8
Myanmar,MMR,104,9,Magway,မကွေးတိုင်းဒေသကြီး,16/04/2020,0,1,0,0,0,0,8
Myanmar,MMR,104,9,Magway,မကွေးတိုင်းဒေသကြီး,17/04/2020,0,1,0,0,0,0,8
Myanmar,MMR,104,9,Magway,မကွေးတိုင်းဒေသကြီး,18/04/2020,0,1,0,0,0,0,8
Myanmar,MMR,104,9,Magway,မကွေးတိုင်းဒေသကြီး,19/04/2020,0,1,0,0,0,0,8
Myanmar,MMR,104,9,Magway,မကွေးတိုင်းဒေသကြီး,20/04/2020,0,1,0,0,0,0,8
Myanmar,MMR,104,9,Magway,မကွေးတိုင်းဒေသကြီး,21/04/2020,0,1,0,0,0,0,8
Myanmar,MMR,104,9,Magway,မကွေးတိုင်းဒေသကြီး,22/04/2020,0,1,0,0,0,0,8
Myanmar,MMR,104,9,Magway,မကွေးတိုင်းဒေသကြီး,23/04/2020,0,1,0,0,0,0,8
Myanmar,MMR,104,9,Magway,မကွေးတိုင်းဒေသကြီး,24/04/2020,0,1,0,0,0,0,8
Myanmar,MMR,104,9,Magway,မကွေးတိုင်းဒေသကြီး,25/04/2020,0,1,0,0,0,0,8
Myanmar,MMR,104,9,Magway,မကွေးတိုင်းဒေသကြီး,26/04/2020,0,1,0,0,0,0,8
Myanmar,MMR,104,9,Magway,မကွေးတိုင်းဒေသကြီး,27/04/2020,0,1,0,0,0,0,8
Myanmar,MMR,104,9,Magway,မကွေးတိုင်းဒေသကြီး,28/04/2020,0,1,0,0,0,0,8
Myanmar,MMR,104,9,Magway,မကွေးတိုင်းဒေသကြီး,29/04/2020,0,1,0,0,0,0,8
Myanmar,MMR,104,9,Magway,မကွေးတိုင်းဒေသကြီး,30/04/2020,0,1,0,0,0,0,8
Myanmar,MMR,104,9,Magway,မကွေးတိုင်းဒေသကြီး,01/05/2020,0,1,0,0,0,0,8
Myanmar,MMR,104,9,Magway,မကွေးတိုင်းဒေသကြီး,02/05/2020,0,1,0,0,0,0,8
Myanmar,MMR,104,9,Magway,မကွေးတိုင်းဒေသကြီး,03/05/2020,0,1,1,1,0,0,8
Myanmar,MMR,104,9,Magway,မကွေးတိုင်းဒေသကြီး,04/05/2020,0,1,0,1,0,0,8
Myanmar,MMR,104,9,Magway,မကွေးတိုင်းဒေသကြီး,05/05/2020,0,1,0,1,0,0,8
Myanmar,MMR,104,9,Magway,မကွေးတိုင်းဒေသကြီး,06/05/2020,0,1,0,1,0,0,8
Myanmar,MMR,104,9,Magway,မကွေးတိုင်းဒေသကြီး,07/05/2020,0,1,0,1,0,0,8
Myanmar,MMR,104,9,Magway,မကွေးတိုင်းဒေသကြီး,08/05/2020,0,1,0,1,0,0,8
Myanmar,MMR,104,9,Magway,မကွေးတိုင်းဒေသကြီး,09/05/2020,0,1,0,1,0,0,8
Myanmar,MMR,104,9,Magway,မကွေးတိုင်းဒေသကြီး,10/05/2020,0,1,0,1,0,0,8
Myanmar,MMR,104,9,Magway,မကွေးတိုင်းဒေသကြီး,11/05/2020,0,1,0,1,0,0,8
Myanmar,MMR,104,9,Magway,မကွေးတိုင်းဒေသကြီး,12/05/2020,0,1,0,1,0,0,8
Myanmar,MMR,104,9,Magway,မကွေးတိုင်းဒေသကြီး,13/05/2020,0,1,0,1,0,0,8
Myanmar,MMR,104,9,Magway,မကွေးတိုင်းဒေသကြီး,14/05/2020,0,1,0,1,0,0,8
Myanmar,MMR,104,9,Magway,မကွေးတိုင်းဒေသကြီး,15/05/2020,0,1,0,1,0,0,8
Myanmar,MMR,104,9,Magway,မကွေးတိုင်းဒေသကြီး,16/05/2020,0,1,0,1,0,0,8
Myanmar,MMR,104,9,Magway,မကွေးတိုင်းဒေသကြီး,17/05/2020,0,1,0,1,0,0,8
Myanmar,MMR,104,10,Mandalay,မန္တလေးတိုင်းဒေသကြီး,22/03/2020,0,0,0,0,0,0,9
Myanmar,MMR,104,10,Mandalay,မန္တလေးတိုင်းဒေသကြီး,23/03/2020,0,0,0,0,0,0,9
Myanmar,MMR,104,10,Mandalay,မန္တလေးတိုင်းဒေသကြီး,24/03/2020,0,0,0,0,0,0,9
Myanmar,MMR,104,10,Mandalay,မန္တလေးတိုင်းဒေသကြီး,25/03/2020,0,0,0,0,0,0,9
Myanmar,MMR,104,10,Mandalay,မန္တလေးတိုင်းဒေသကြီး,26/03/2020,0,0,0,0,0,0,9
Myanmar,MMR,104,10,Mandalay,မန္တလေးတိုင်းဒေသကြီး,27/03/2020,1,1,0,0,0,0,9
Myanmar,MMR,104,10,Mandalay,မန္တလေးတိုင်းဒေသကြီး,28/03/2020,0,1,0,0,0,0,9
Myanmar,MMR,104,10,Mandalay,မန္တလေးတိုင်းဒေသကြီး,29/03/2020,0,1,0,0,0,0,9
Myanmar,MMR,104,10,Mandalay,မန္တလေးတိုင်းဒေသကြီး,30/03/2020,0,1,0,0,0,0,9
Myanmar,MMR,104,10,Mandalay,မန္တလေးတိုင်းဒေသကြီး,31/03/2020,0,1,0,0,0,0,9
Myanmar,MMR,104,10,Mandalay,မန္တလေးတိုင်းဒေသကြီး,01/04/2020,0,1,0,0,0,0,9
Myanmar,MMR,104,10,Mandalay,မန္တလေးတိုင်းဒေသကြီး,02/04/2020,0,1,0,0,0,0,9
Myanmar,MMR,104,10,Mandalay,မန္တလေးတိုင်းဒေသကြီး,03/04/2020,0,1,0,0,0,0,9
Myanmar,MMR,104,10,Mandalay,မန္တလေးတိုင်းဒေသကြီး,04/04/2020,0,1,0,0,0,0,9
Myanmar,MMR,104,10,Mandalay,မန္တလေးတိုင်းဒေသကြီး,05/04/2020,0,1,0,0,0,0,9
Myanmar,MMR,104,10,Mandalay,မန္တလေးတိုင်းဒေသကြီး,06/04/2020,0,1,0,0,0,0,9
Myanmar,MMR,104,10,Mandalay,မန္တလေးတိုင်းဒေသကြီး,07/04/2020,0,1,0,0,0,0,9
Myanmar,MMR,104,10,Mandalay,မန္တလေးတိုင်းဒေသကြီး,08/04/2020,0,1,1,1,0,0,9
Myanmar,MMR,104,10,Mandalay,မန္တလေးတိုင်းဒေသကြီး,09/04/2020,0,1,0,1,0,0,9
Myanmar,MMR,104,10,Mandalay,မန္တလေးတိုင်းဒေသကြီး,10/04/2020,0,1,0,1,0,0,9
Myanmar,MMR,104,10,Mandalay,မန္တလေးတိုင်းဒေသကြီး,11/04/2020,0,1,0,1,0,0,9
Myanmar,MMR,104,10,Mandalay,မန္တလေးတိုင်းဒေသကြီး,12/04/2020,0,1,0,1,0,0,9
Myanmar,MMR,104,10,Mandalay,မန္တလေးတိုင်းဒေသကြီး,13/04/2020,0,1,0,1,0,0,9
Myanmar,MMR,104,10,Mandalay,မန္တလေးတိုင်းဒေသကြီး,14/04/2020,0,1,0,1,0,0,9
Myanmar,MMR,104,10,Mandalay,မန္တလေးတိုင်းဒေသကြီး,15/04/2020,0,1,0,1,0,0,9
Myanmar,MMR,104,10,Mandalay,မန္တလေးတိုင်းဒေသကြီး,16/04/2020,1,2,0,1,0,0,9
Myanmar,MMR,104,10,Mandalay,မန္တလေးတိုင်းဒေသကြီး,17/04/2020,0,2,0,1,0,0,9
Myanmar,MMR,104,10,Mandalay,မန္တလေးတိုင်းဒေသကြီး,18/04/2020,0,2,0,1,0,0,9
Myanmar,MMR,104,10,Mandalay,မန္တလေးတိုင်းဒေသကြီး,19/04/2020,0,2,0,1,0,0,9
Myanmar,MMR,104,10,Mandalay,မန္တလေးတိုင်းဒေသကြီး,20/04/2020,0,2,0,1,0,0,9
Myanmar,MMR,104,10,Mandalay,မန္တလေးတိုင်းဒေသကြီး,21/04/2020,0,2,0,1,0,0,9
Myanmar,MMR,104,10,Mandalay,မန္တလေးတိုင်းဒေသကြီး,22/04/2020,0,2,0,1,0,0,9
Myanmar,MMR,104,10,Mandalay,မန္တလေးတိုင်းဒေသကြီး,23/04/2020,1,3,0,1,0,0,9
Myanmar,MMR,104,10,Mandalay,မန္တလေးတိုင်းဒေသကြီး,24/04/2020,0,3,0,1,0,0,9
Myanmar,MMR,104,10,Mandalay,မန္တလေးတိုင်းဒေသကြီး,25/04/2020,0,3,0,1,0,0,9
Myanmar,MMR,104,10,Mandalay,မန္တလေးတိုင်းဒေသကြီး,26/04/2020,0,3,0,1,0,0,9
Myanmar,MMR,104,10,Mandalay,မန္တလေးတိုင်းဒေသကြီး,27/04/2020,0,3,0,1,0,0,9
Myanmar,MMR,104,10,Mandalay,မန္တလေးတိုင်းဒေသကြီး,28/04/2020,0,3,0,1,0,0,9
Myanmar,MMR,104,10,Mandalay,မန္တလေးတိုင်းဒေသကြီး,29/04/2020,0,3,0,1,0,0,9
Myanmar,MMR,104,10,Mandalay,မန္တလေးတိုင်းဒေသကြီး,30/04/2020,0,3,0,1,0,0,9
Myanmar,MMR,104,10,Mandalay,မန္တလေးတိုင်းဒေသကြီး,01/05/2020,0,3,0,1,0,0,9
Myanmar,MMR,104,10,Mandalay,မန္တလေးတိုင်းဒေသကြီး,02/05/2020,0,3,0,1,0,0,9
Myanmar,MMR,104,10,Mandalay,မန္တလေးတိုင်းဒေသကြီး,03/05/2020,0,3,0,1,0,0,9
Myanmar,MMR,104,10,Mandalay,မန္တလေးတိုင်းဒေသကြီး,04/05/2020,0,3,0,1,0,0,9
Myanmar,MMR,104,10,Mandalay,မန္တလေးတိုင်းဒေသကြီး,05/05/2020,0,3,0,1,0,0,9
Myanmar,MMR,104,10,Mandalay,မန္တလေးတိုင်းဒေသကြီး,06/05/2020,0,3,0,1,0,0,9
Myanmar,MMR,104,10,Mandalay,မန္တလေးတိုင်းဒေသကြီး,07/05/2020,0,3,0,1,0,0,9
Myanmar,MMR,104,10,Mandalay,မန္တလေးတိုင်းဒေသကြီး,08/05/2020,0,3,0,1,0,0,9
Myanmar,MMR,104,10,Mandalay,မန္တလေးတိုင်းဒေသကြီး,09/05/2020,0,3,0,1,0,0,9
Myanmar,MMR,104,10,Mandalay,မန္တလေးတိုင်းဒေသကြီး,10/05/2020,0,3,1,2,0,0,9
Myanmar,MMR,104,10,Mandalay,မန္တလေးတိုင်းဒေသကြီး,11/05/2020,0,3,0,2,0,0,9
Myanmar,MMR,104,10,Mandalay,မန္တလေးတိုင်းဒေသကြီး,12/05/2020,0,3,0,2,0,0,9
Myanmar,MMR,104,10,Mandalay,မန္တလေးတိုင်းဒေသကြီး,13/05/2020,0,3,0,2,0,0,9
Myanmar,MMR,104,10,Mandalay,မန္တလေးတိုင်းဒေသကြီး,14/05/2020,0,3,0,2,0,0,9
Myanmar,MMR,104,10,Mandalay,မန္တလေးတိုင်းဒေသကြီး,15/05/2020,0,3,0,2,0,0,9
Myanmar,MMR,104,10,Mandalay,မန္တလေးတိုင်းဒေသကြီး,16/05/2020,0,3,0,2,0,0,9
Myanmar,MMR,104,10,Mandalay,မန္တလေးတိုင်းဒေသကြီး,17/05/2020,0,3,0,2,0,0,9
Myanmar,MMR,104,11,Mon,မွန်ပြည်နယ်,22/03/2020,0,0,0,0,0,0,10
Myanmar,MMR,104,11,Mon,မွန်ပြည်နယ်,23/03/2020,0,0,0,0,0,0,10
Myanmar,MMR,104,11,Mon,မွန်ပြည်နယ်,24/03/2020,0,0,0,0,0,0,10
Myanmar,MMR,104,11,Mon,မွန်ပြည်နယ်,25/03/2020,0,0,0,0,0,0,10
Myanmar,MMR,104,11,Mon,မွန်ပြည်နယ်,26/03/2020,0,0,0,0,0,0,10
Myanmar,MMR,104,11,Mon,မွန်ပြည်နယ်,27/03/2020,0,0,0,0,0,0,10
Myanmar,MMR,104,11,Mon,မွန်ပြည်နယ်,28/03/2020,0,0,0,0,0,0,10
Myanmar,MMR,104,11,Mon,မွန်ပြည်နယ်,29/03/2020,0,0,0,0,0,0,10
Myanmar,MMR,104,11,Mon,မွန်ပြည်နယ်,30/03/2020,0,0,0,0,0,0,10
Myanmar,MMR,104,11,Mon,မွန်ပြည်နယ်,31/03/2020,0,0,0,0,0,0,10
Myanmar,MMR,104,11,Mon,မွန်ပြည်နယ်,01/04/2020,0,0,0,0,0,0,10
Myanmar,MMR,104,11,Mon,မွန်ပြည်နယ်,02/04/2020,0,0,0,0,0,0,10
Myanmar,MMR,104,11,Mon,မွန်ပြည်နယ်,03/04/2020,0,0,0,0,0,0,10
Myanmar,MMR,104,11,Mon,မွန်ပြည်နယ်,04/04/2020,0,0,0,0,0,0,10
Myanmar,MMR,104,11,Mon,မွန်ပြည်နယ်,05/04/2020,0,0,0,0,0,0,10
Myanmar,MMR,104,11,Mon,မွန်ပြည်နယ်,06/04/2020,0,0,0,0,0,0,10
Myanmar,MMR,104,11,Mon,မွန်ပြည်နယ်,07/04/2020,0,0,0,0,0,0,10
Myanmar,MMR,104,11,Mon,မွန်ပြည်နယ်,08/04/2020,0,0,0,0,0,0,10
Myanmar,MMR,104,11,Mon,မွန်ပြည်နယ်,09/04/2020,0,0,0,0,0,0,10
Myanmar,MMR,104,11,Mon,မွန်ပြည်နယ်,10/04/2020,1,1,0,0,0,0,10
Myanmar,MMR,104,11,Mon,မွန်ပြည်နယ်,11/04/2020,0,1,0,0,0,0,10
Myanmar,MMR,104,11,Mon,မွန်ပြည်နယ်,12/04/2020,0,1,0,0,0,0,10
Myanmar,MMR,104,11,Mon,မွန်ပြည်နယ်,13/04/2020,0,1,0,0,0,0,10
Myanmar,MMR,104,11,Mon,မွန်ပြည်နယ်,14/04/2020,0,1,0,0,0,0,10
Myanmar,MMR,104,11,Mon,မွန်ပြည်နယ်,15/04/2020,0,1,0,0,0,0,10
Myanmar,MMR,104,11,Mon,မွန်ပြည်နယ်,16/04/2020,0,1,0,0,0,0,10
Myanmar,MMR,104,11,Mon,မွန်ပြည်နယ်,17/04/2020,0,1,0,0,0,0,10
Myanmar,MMR,104,11,Mon,မွန်ပြည်နယ်,18/04/2020,0,1,0,0,0,0,10
Myanmar,MMR,104,11,Mon,မွန်ပြည်နယ်,19/04/2020,0,1,0,0,0,0,10
Myanmar,MMR,104,11,Mon,မွန်ပြည်နယ်,20/04/2020,0,1,0,0,0,0,10
Myanmar,MMR,104,11,Mon,မွန်ပြည်နယ်,21/04/2020,0,1,0,0,0,0,10
Myanmar,MMR,104,11,Mon,မွန်ပြည်နယ်,22/04/2020,0,1,0,0,0,0,10
Myanmar,MMR,104,11,Mon,မွန်ပြည်နယ်,23/04/2020,0,1,0,0,0,0,10
Myanmar,MMR,104,11,Mon,မွန်ပြည်နယ်,24/04/2020,0,1,0,0,0,0,10
Myanmar,MMR,104,11,Mon,မွန်ပြည်နယ်,25/04/2020,0,1,0,0,0,0,10
Myanmar,MMR,104,11,Mon,မွန်ပြည်နယ်,26/04/2020,0,1,0,0,0,0,10
Myanmar,MMR,104,11,Mon,မွန်ပြည်နယ်,27/04/2020,0,1,0,0,0,0,10
Myanmar,MMR,104,11,Mon,မွန်ပြည်နယ်,28/04/2020,0,1,1,1,0,0,10
Myanmar,MMR,104,11,Mon,မွန်ပြည်နယ်,29/04/2020,0,1,0,1,0,0,10
Myanmar,MMR,104,11,Mon,မွန်ပြည်နယ်,30/04/2020,0,1,0,1,0,0,10
Myanmar,MMR,104,11,Mon,မွန်ပြည်နယ်,01/05/2020,0,1,0,1,0,0,10
Myanmar,MMR,104,11,Mon,မွန်ပြည်နယ်,02/05/2020,0,1,0,1,0,0,10
Myanmar,MMR,104,11,Mon,မွန်ပြည်နယ်,03/05/2020,0,1,0,1,0,0,10
Myanmar,MMR,104,11,Mon,မွန်ပြည်နယ်,04/05/2020,0,1,0,1,0,0,10
Myanmar,MMR,104,11,Mon,မွန်ပြည်နယ်,05/05/2020,0,1,0,1,0,0,10
Myanmar,MMR,104,11,Mon,မွန်ပြည်နယ်,06/05/2020,0,1,0,1,0,0,10
Myanmar,MMR,104,11,Mon,မွန်ပြည်နယ်,07/05/2020,0,1,0,1,0,0,10
Myanmar,MMR,104,11,Mon,မွန်ပြည်နယ်,08/05/2020,0,1,0,1,0,0,10
Myanmar,MMR,104,11,Mon,မွန်ပြည်နယ်,09/05/2020,0,1,0,1,0,0,10
Myanmar,MMR,104,11,Mon,မွန်ပြည်နယ်,10/05/2020,0,1,0,1,0,0,10
Myanmar,MMR,104,11,Mon,မွန်ပြည်နယ်,11/05/2020,0,1,0,1,0,0,10
Myanmar,MMR,104,11,Mon,မွန်ပြည်နယ်,12/05/2020,0,1,0,1,0,0,10
Myanmar,MMR,104,11,Mon,မွန်ပြည်နယ်,13/05/2020,0,1,0,1,0,0,10
Myanmar,MMR,104,11,Mon,မွန်ပြည်နယ်,14/05/2020,0,1,0,1,0,0,10
Myanmar,MMR,104,11,Mon,မွန်ပြည်နယ်,15/05/2020,0,1,0,1,0,0,10
Myanmar,MMR,104,11,Mon,မွန်ပြည်နယ်,16/05/2020,0,1,0,1,0,0,10
Myanmar,MMR,104,11,Mon,မွန်ပြည်နယ်,17/05/2020,0,1,0,1,0,0,10
Myanmar,MMR,104,12,Rakhine,ရခိုင်ပြည်နယ်,22/03/2020,0,0,0,0,0,0,12
Myanmar,MMR,104,12,Rakhine,ရခိုင်ပြည်နယ်,23/03/2020,0,0,0,0,0,0,12
Myanmar,MMR,104,12,Rakhine,ရခိုင်ပြည်နယ်,24/03/2020,0,0,0,0,0,0,12
Myanmar,MMR,104,12,Rakhine,ရခိုင်ပြည်နယ်,25/03/2020,0,0,0,0,0,0,12
Myanmar,MMR,104,12,Rakhine,ရခိုင်ပြည်နယ်,26/03/2020,0,0,0,0,0,0,12
Myanmar,MMR,104,12,Rakhine,ရခိုင်ပြည်နယ်,27/03/2020,0,0,0,0,0,0,12
Myanmar,MMR,104,12,Rakhine,ရခိုင်ပြည်နယ်,28/03/2020,0,0,0,0,0,0,12
Myanmar,MMR,104,12,Rakhine,ရခိုင်ပြည်နယ်,29/03/2020,0,0,0,0,0,0,12
Myanmar,MMR,104,12,Rakhine,ရခိုင်ပြည်နယ်,30/03/2020,0,0,0,0,0,0,12
Myanmar,MMR,104,12,Rakhine,ရခိုင်ပြည်နယ်,31/03/2020,0,0,0,0,0,0,12
Myanmar,MMR,104,12,Rakhine,ရခိုင်ပြည်နယ်,01/04/2020,0,0,0,0,0,0,12
Myanmar,MMR,104,12,Rakhine,ရခိုင်ပြည်နယ်,02/04/2020,0,0,0,0,0,0,12
Myanmar,MMR,104,12,Rakhine,ရခိုင်ပြည်နယ်,03/04/2020,0,0,0,0,0,0,12
Myanmar,MMR,104,12,Rakhine,ရခိုင်ပြည်နယ်,04/04/2020,0,0,0,0,0,0,12
Myanmar,MMR,104,12,Rakhine,ရခိုင်ပြည်နယ်,05/04/2020,0,0,0,0,0,0,12
Myanmar,MMR,104,12,Rakhine,ရခိုင်ပြည်နယ်,06/04/2020,0,0,0,0,0,0,12
Myanmar,MMR,104,12,Rakhine,ရခိုင်ပြည်နယ်,07/04/2020,0,0,0,0,0,0,12
Myanmar,MMR,104,12,Rakhine,ရခိုင်ပြည်နယ်,08/04/2020,0,0,0,0,0,0,12
Myanmar,MMR,104,12,Rakhine,ရခိုင်ပြည်နယ်,09/04/2020,0,0,0,0,0,0,12
Myanmar,MMR,104,12,Rakhine,ရခိုင်ပြည်နယ်,10/04/2020,0,0,0,0,0,0,12
Myanmar,MMR,104,12,Rakhine,ရခိုင်ပြည်နယ်,11/04/2020,0,0,0,0,0,0,12
Myanmar,MMR,104,12,Rakhine,ရခိုင်ပြည်နယ်,12/04/2020,0,0,0,0,0,0,12
Myanmar,MMR,104,12,Rakhine,ရခိုင်ပြည်နယ်,13/04/2020,0,0,0,0,0,0,12
Myanmar,MMR,104,12,Rakhine,ရခိုင်ပြည်နယ်,14/04/2020,0,0,0,0,0,0,12
Myanmar,MMR,104,12,Rakhine,ရခိုင်ပြည်နယ်,15/04/2020,0,0,0,0,0,0,12
Myanmar,MMR,104,12,Rakhine,ရခိုင်ပြည်နယ်,16/04/2020,0,0,0,0,0,0,12
Myanmar,MMR,104,12,Rakhine,ရခိုင်ပြည်နယ်,17/04/2020,0,0,0,0,0,0,12
Myanmar,MMR,104,12,Rakhine,ရခိုင်ပြည်နယ်,18/04/2020,0,0,0,0,0,0,12
Myanmar,MMR,104,12,Rakhine,ရခိုင်ပြည်နယ်,19/04/2020,0,0,0,0,0,0,12
Myanmar,MMR,104,12,Rakhine,ရခိုင်ပြည်နယ်,20/04/2020,0,0,0,0,0,0,12
Myanmar,MMR,104,12,Rakhine,ရခိုင်ပြည်နယ်,21/04/2020,0,0,0,0,0,0,12
Myanmar,MMR,104,12,Rakhine,ရခိုင်ပြည်နယ်,22/04/2020,0,0,0,0,0,0,12
Myanmar,MMR,104,12,Rakhine,ရခိုင်ပြည်နယ်,23/04/2020,0,0,0,0,0,0,12
Myanmar,MMR,104,12,Rakhine,ရခိုင်ပြည်နယ်,24/04/2020,0,0,0,0,0,0,12
Myanmar,MMR,104,12,Rakhine,ရခိုင်ပြည်နယ်,25/04/2020,0,0,0,0,0,0,12
Myanmar,MMR,104,12,Rakhine,ရခိုင်ပြည်နယ်,26/04/2020,0,0,0,0,0,0,12
Myanmar,MMR,104,12,Rakhine,ရခိုင်ပြည်နယ်,27/04/2020,0,0,0,0,0,0,12
Myanmar,MMR,104,12,Rakhine,ရခိုင်ပြည်နယ်,28/04/2020,0,0,0,0,0,0,12
Myanmar,MMR,104,12,Rakhine,ရခိုင်ပြည်နယ်,29/04/2020,0,0,0,0,0,0,12
Myanmar,MMR,104,12,Rakhine,ရခိုင်ပြည်နယ်,30/04/2020,0,0,0,0,0,0,12
Myanmar,MMR,104,12,Rakhine,ရခိုင်ပြည်နယ်,01/05/2020,0,0,0,0,0,0,12
Myanmar,MMR,104,12,Rakhine,ရခိုင်ပြည်နယ်,02/05/2020,0,0,0,0,0,0,12
Myanmar,MMR,104,12,Rakhine,ရခိုင်ပြည်နယ်,03/05/2020,0,0,0,0,0,0,12
Myanmar,MMR,104,12,Rakhine,ရခိုင်ပြည်နယ်,04/05/2020,0,0,0,0,0,0,12
Myanmar,MMR,104,12,Rakhine,ရခိုင်ပြည်နယ်,05/05/2020,0,0,0,0,0,0,12
Myanmar,MMR,104,12,Rakhine,ရခိုင်ပြည်နယ်,06/05/2020,0,0,0,0,0,0,12
Myanmar,MMR,104,12,Rakhine,ရခိုင်ပြည်နယ်,07/05/2020,0,0,0,0,0,0,12
Myanmar,MMR,104,12,Rakhine,ရခိုင်ပြည်နယ်,08/05/2020,0,0,0,0,0,0,12
Myanmar,MMR,104,12,Rakhine,ရခိုင်ပြည်နယ်,09/05/2020,0,0,0,0,0,0,12
Myanmar,MMR,104,12,Rakhine,ရခိုင်ပြည်နယ်,10/05/2020,0,0,0,0,0,0,12
Myanmar,MMR,104,12,Rakhine,ရခိုင်ပြည်နယ်,11/05/2020,0,0,0,0,0,0,12
Myanmar,MMR,104,12,Rakhine,ရခိုင်ပြည်နယ်,12/05/2020,0,0,0,0,0,0,12
Myanmar,MMR,104,12,Rakhine,ရခိုင်ပြည်နယ်,13/05/2020,0,0,0,0,0,0,12
Myanmar,MMR,104,12,Rakhine,ရခိုင်ပြည်နယ်,14/05/2020,0,0,0,0,0,0,12
Myanmar,MMR,104,12,Rakhine,ရခိုင်ပြည်နယ်,15/05/2020,0,0,0,0,0,0,12
Myanmar,MMR,104,12,Rakhine,ရခိုင်ပြည်နယ်,16/05/2020,0,0,0,0,0,0,12
Myanmar,MMR,104,12,Rakhine,ရခိုင်ပြည်နယ်,17/05/2020,0,0,0,0,0,0,12
Myanmar,MMR,104,13,Yangon,ရန်ကုန်တိုင်းဒေသကြီး,22/03/2020,0,0,0,0,0,0,18
Myanmar,MMR,104,13,Yangon,ရန်ကုန်တိုင်းဒေသကြီး,23/03/2020,1,1,0,0,0,0,18
Myanmar,MMR,104,13,Yangon,ရန်ကုန်တိုင်းဒေသကြီး,24/03/2020,1,2,0,0,0,0,18
Myanmar,MMR,104,13,Yangon,ရန်ကုန်တိုင်းဒေသကြီး,25/03/2020,1,3,0,0,0,0,18
Myanmar,MMR,104,13,Yangon,ရန်ကုန်တိုင်းဒေသကြီး,26/03/2020,0,3,0,0,0,0,18
Myanmar,MMR,104,13,Yangon,ရန်ကုန်တိုင်းဒေသကြီး,27/03/2020,0,3,0,0,0,0,18
Myanmar,MMR,104,13,Yangon,ရန်ကုန်တိုင်းဒေသကြီး,28/03/2020,2,5,0,0,0,0,18
Myanmar,MMR,104,13,Yangon,ရန်ကုန်တိုင်းဒေသကြီး,29/03/2020,2,7,0,0,0,0,18
Myanmar,MMR,104,13,Yangon,ရန်ကုန်တိုင်းဒေသကြီး,30/03/2020,3,10,0,0,0,0,18
Myanmar,MMR,104,13,Yangon,ရန်ကုန်တိုင်းဒေသကြီး,31/03/2020,1,11,0,0,1,1,18
Myanmar,MMR,104,13,Yangon,ရန်ကုန်တိုင်းဒေသကြီး,01/04/2020,1,12,0,0,0,1,18
Myanmar,MMR,104,13,Yangon,ရန်ကုန်တိုင်းဒေသကြီး,02/04/2020,0,12,0,0,0,1,18
Myanmar,MMR,104,13,Yangon,ရန်ကုန်တိုင်းဒေသကြီး,03/04/2020,0,12,0,0,0,1,18
Myanmar,MMR,104,13,Yangon,ရန်ကုန်တိုင်းဒေသကြီး,04/04/2020,1,13,0,0,0,1,18
Myanmar,MMR,104,13,Yangon,ရန်ကုန်တိုင်းဒေသကြီး,05/04/2020,0,13,0,0,0,1,18
Myanmar,MMR,104,13,Yangon,ရန်ကုန်တိုင်းဒေသကြီး,06/04/2020,1,14,0,0,0,1,18
Myanmar,MMR,104,13,Yangon,ရန်ကုန်တိုင်းဒေသကြီး,07/04/2020,0,14,0,0,0,1,18
Myanmar,MMR,104,13,Yangon,ရန်ကုန်တိုင်းဒေသကြီး,08/04/2020,0,14,0,0,1,2,18
Myanmar,MMR,104,13,Yangon,ရန်ကုန်တိုင်းဒေသကြီး,09/04/2020,0,14,0,0,0,2,18
Myanmar,MMR,104,13,Yangon,ရန်ကုန်တိုင်းဒေသကြီး,10/04/2020,4,18,0,0,0,2,18
Myanmar,MMR,104,13,Yangon,ရန်ကုန်တိုင်းဒေသကြီး,11/04/2020,0,18,0,0,0,2,18
Myanmar,MMR,104,13,Yangon,ရန်ကုန်တိုင်းဒေသကြီး,12/04/2020,8,26,0,0,1,3,18
Myanmar,MMR,104,13,Yangon,ရန်ကုန်တိုင်းဒေသကြီး,13/04/2020,2,28,0,0,0,3,18
Myanmar,MMR,104,13,Yangon,ရန်ကုန်တိုင်းဒေသကြီး,14/04/2020,21,49,0,0,0,3,18
Myanmar,MMR,104,13,Yangon,ရန်ကုန်တိုင်းဒေသကြီး,15/04/2020,9,58,0,0,0,3,18
Myanmar,MMR,104,13,Yangon,ရန်ကုန်တိုင်းဒေသကြီး,16/04/2020,9,67,0,0,0,3,18
Myanmar,MMR,104,13,Yangon,ရန်ကုန်တိုင်းဒေသကြီး,17/04/2020,0,67,0,0,0,3,18
Myanmar,MMR,104,13,Yangon,ရန်ကုန်တိုင်းဒေသကြီး,18/04/2020,11,78,0,0,1,4,18
Myanmar,MMR,104,13,Yangon,ရန်ကုန်တိုင်းဒေသကြီး,19/04/2020,13,91,0,0,0,4,18
Myanmar,MMR,104,13,Yangon,ရန်ကုန်တိုင်းဒေသကြီး,20/04/2020,0,91,4,4,0,4,18
Myanmar,MMR,104,13,Yangon,ရန်ကုန်တိုင်းဒေသကြီး,21/04/2020,1,92,0,4,0,4,18
Myanmar,MMR,104,13,Yangon,ရန်ကုန်တိုင်းဒေသကြီး,22/04/2020,2,94,3,7,0,4,18
Myanmar,MMR,104,13,Yangon,ရန်ကုန်တိုင်းဒေသကြီး,23/04/2020,8,102,0,7,0,4,18
Myanmar,MMR,104,13,Yangon,ရန်ကုန်တိုင်းဒေသကြီး,24/04/2020,10,112,0,7,0,4,18
Myanmar,MMR,104,13,Yangon,ရန်ကုန်တိုင်းဒေသကြီး,25/04/2020,0,112,0,7,0,4,18
Myanmar,MMR,104,13,Yangon,ရန်ကုန်တိုင်းဒေသကြီး,26/04/2020,1,113,0,7,0,4,18
Myanmar,MMR,104,13,Yangon,ရန်ကုန်တိုင်းဒေသကြီး,27/04/2020,0,113,0,7,0,4,18
Myanmar,MMR,104,13,Yangon,ရန်ကုန်တိုင်းဒေသကြီး,28/04/2020,3,116,3,10,0,4,18
Myanmar,MMR,104,13,Yangon,ရန်ကုန်တိုင်းဒေသကြီး,29/04/2020,0,116,0,10,1,5,18
Myanmar,MMR,104,13,Yangon,ရန်ကုန်တိုင်းဒေသကြီး,30/04/2020,0,116,0,10,0,5,18
Myanmar,MMR,104,13,Yangon,ရန်ကုန်တိုင်းဒေသကြီး,01/05/2020,1,117,10,20,0,5,18
Myanmar,MMR,104,13,Yangon,ရန်ကုန်တိုင်းဒေသကြီး,02/05/2020,0,117,0,20,0,5,18
Myanmar,MMR,104,13,Yangon,ရန်ကုန်တိုင်းဒေသကြီး,03/05/2020,4,121,0,20,0,5,18
Myanmar,MMR,104,13,Yangon,ရန်ကုန်တိုင်းဒေသကြီး,04/05/2020,5,126,0,20,0,5,18
Myanmar,MMR,104,13,Yangon,ရန်ကုန်တိုင်းဒေသကြီး,05/05/2020,0,126,0,20,0,5,18
Myanmar,MMR,104,13,Yangon,ရန်ကုန်တိုင်းဒေသကြီး,06/05/2020,0,126,0,20,0,5,18
Myanmar,MMR,104,13,Yangon,ရန်ကုန်တိုင်းဒေသကြီး,07/05/2020,15,141,0,20,0,5,18
Myanmar,MMR,104,13,Yangon,ရန်ကုန်တိုင်းဒေသကြီး,08/05/2020,1,142,0,20,0,5,18
Myanmar,MMR,104,13,Yangon,ရန်ကုန်တိုင်းဒေသကြီး,09/05/2020,1,143,0,20,0,5,18
Myanmar,MMR,104,13,Yangon,ရန်ကုန်တိုင်းဒေသကြီး,10/05/2020,2,145,21,41,0,5,18
Myanmar,MMR,104,13,Yangon,ရန်ကုန်တိုင်းဒေသကြီး,11/05/2020,0,145,0,41,0,5,18
Myanmar,MMR,104,13,Yangon,ရန်ကုန်တိုင်းဒေသကြီး,12/05/2020,0,145,0,41,0,5,18
Myanmar,MMR,104,13,Yangon,ရန်ကုန်တိုင်းဒေသကြီး,13/05/2020,1,146,0,41,0,5,18
Myanmar,MMR,104,13,Yangon,ရန်ကုန်တိုင်းဒေသကြီး,14/05/2020,0,146,0,41,0,5,18
Myanmar,MMR,104,13,Yangon,ရန်ကုန်တိုင်းဒေသကြီး,15/05/2020,0,146,0,41,0,5,18
Myanmar,MMR,104,13,Yangon,ရန်ကုန်တိုင်းဒေသကြီး,16/05/2020,0,146,0,41,0,5,18
Myanmar,MMR,104,13,Yangon,ရန်ကုန်တိုင်းဒေသကြီး,17/05/2020,0,146,0,41,0,5,18
Myanmar,MMR,104,14,Shan (South),ရှမ်းပြည်နယ် (တောင်),22/03/2020,0,0,0,0,0,0,16
Myanmar,MMR,104,14,Shan (South),ရှမ်းပြည်နယ် (တောင်),23/03/2020,0,0,0,0,0,0,16
Myanmar,MMR,104,14,Shan (South),ရှမ်းပြည်နယ် (တောင်),24/03/2020,0,0,0,0,0,0,16
Myanmar,MMR,104,14,Shan (South),ရှမ်းပြည်နယ် (တောင်),25/03/2020,0,0,0,0,0,0,16
Myanmar,MMR,104,14,Shan (South),ရှမ်းပြည်နယ် (တောင်),26/03/2020,0,0,0,0,0,0,16
Myanmar,MMR,104,14,Shan (South),ရှမ်းပြည်နယ် (တောင်),27/03/2020,0,0,0,0,0,0,16
Myanmar,MMR,104,14,Shan (South),ရှမ်းပြည်နယ် (တောင်),28/03/2020,0,0,0,0,0,0,16
Myanmar,MMR,104,14,Shan (South),ရှမ်းပြည်နယ် (တောင်),29/03/2020,0,0,0,0,0,0,16
Myanmar,MMR,104,14,Shan (South),ရှမ်းပြည်နယ် (တောင်),30/03/2020,0,0,0,0,0,0,16
Myanmar,MMR,104,14,Shan (South),ရှမ်းပြည်နယ် (တောင်),31/03/2020,0,0,0,0,0,0,16
Myanmar,MMR,104,14,Shan (South),ရှမ်းပြည်နယ် (တောင်),01/04/2020,0,0,0,0,0,0,16
Myanmar,MMR,104,14,Shan (South),ရှမ်းပြည်နယ် (တောင်),02/04/2020,0,0,0,0,0,0,16
Myanmar,MMR,104,14,Shan (South),ရှမ်းပြည်နယ် (တောင်),03/04/2020,0,0,0,0,0,0,16
Myanmar,MMR,104,14,Shan (South),ရှမ်းပြည်နယ် (တောင်),04/04/2020,0,0,0,0,0,0,16
Myanmar,MMR,104,14,Shan (South),ရှမ်းပြည်နယ် (တောင်),05/04/2020,0,0,0,0,0,0,16
Myanmar,MMR,104,14,Shan (South),ရှမ်းပြည်နယ် (တောင်),06/04/2020,0,0,0,0,0,0,16
Myanmar,MMR,104,14,Shan (South),ရှမ်းပြည်နယ် (တောင်),07/04/2020,0,0,0,0,0,0,16
Myanmar,MMR,104,14,Shan (South),ရှမ်းပြည်နယ် (တောင်),08/04/2020,0,0,0,0,0,0,16
Myanmar,MMR,104,14,Shan (South),ရှမ်းပြည်နယ် (တောင်),09/04/2020,0,0,0,0,0,0,16
Myanmar,MMR,104,14,Shan (South),ရှမ်းပြည်နယ် (တောင်),10/04/2020,0,0,0,0,0,0,16
Myanmar,MMR,104,14,Shan (South),ရှမ်းပြည်နယ် (တောင်),11/04/2020,1,1,0,0,0,0,16
Myanmar,MMR,104,14,Shan (South),ရှမ်းပြည်နယ် (တောင်),12/04/2020,0,1,0,0,0,0,16
Myanmar,MMR,104,14,Shan (South),ရှမ်းပြည်နယ် (တောင်),13/04/2020,0,1,0,0,0,0,16
Myanmar,MMR,104,14,Shan (South),ရှမ်းပြည်နယ် (တောင်),14/04/2020,0,1,0,0,0,0,16
Myanmar,MMR,104,14,Shan (South),ရှမ်းပြည်နယ် (တောင်),15/04/2020,0,1,0,0,0,0,16
Myanmar,MMR,104,14,Shan (South),ရှမ်းပြည်နယ် (တောင်),16/04/2020,0,1,0,0,0,0,16
Myanmar,MMR,104,14,Shan (South),ရှမ်းပြည်နယ် (တောင်),17/04/2020,0,1,0,0,0,0,16
Myanmar,MMR,104,14,Shan (South),ရှမ်းပြည်နယ် (တောင်),18/04/2020,0,1,0,0,0,0,16
Myanmar,MMR,104,14,Shan (South),ရှမ်းပြည်နယ် (တောင်),19/04/2020,0,1,0,0,0,0,16
Myanmar,MMR,104,14,Shan (South),ရှမ်းပြည်နယ် (တောင်),20/04/2020,0,1,0,0,0,0,16
Myanmar,MMR,104,14,Shan (South),ရှမ်းပြည်နယ် (တောင်),21/04/2020,1,2,0,0,0,0,16
Myanmar,MMR,104,14,Shan (South),ရှမ်းပြည်နယ် (တောင်),22/04/2020,0,2,0,0,0,0,16
Myanmar,MMR,104,14,Shan (South),ရှမ်းပြည်နယ် (တောင်),23/04/2020,0,2,0,0,0,0,16
Myanmar,MMR,104,14,Shan (South),ရှမ်းပြည်နယ် (တောင်),24/04/2020,0,2,0,0,0,0,16
Myanmar,MMR,104,14,Shan (South),ရှမ်းပြည်နယ် (တောင်),25/04/2020,0,2,0,0,0,0,16
Myanmar,MMR,104,14,Shan (South),ရှမ်းပြည်နယ် (တောင်),26/04/2020,0,2,0,0,0,0,16
Myanmar,MMR,104,14,Shan (South),ရှမ်းပြည်နယ် (တောင်),27/04/2020,0,2,0,0,0,0,16
Myanmar,MMR,104,14,Shan (South),ရှမ်းပြည်နယ် (တောင်),28/04/2020,0,2,1,1,0,0,16
Myanmar,MMR,104,14,Shan (South),ရှမ်းပြည်နယ် (တောင်),29/04/2020,0,2,0,1,0,0,16
Myanmar,MMR,104,14,Shan (South),ရှမ်းပြည်နယ် (တောင်),30/04/2020,0,2,0,1,0,0,16
Myanmar,MMR,104,14,Shan (South),ရှမ်းပြည်နယ် (တောင်),01/05/2020,0,2,0,1,0,0,16
Myanmar,MMR,104,14,Shan (South),ရှမ်းပြည်နယ် (တောင်),02/05/2020,0,2,0,1,0,0,16
Myanmar,MMR,104,14,Shan (South),ရှမ်းပြည်နယ် (တောင်),03/05/2020,0,2,0,1,0,0,16
Myanmar,MMR,104,14,Shan (South),ရှမ်းပြည်နယ် (တောင်),04/05/2020,0,2,0,1,0,0,16
Myanmar,MMR,104,14,Shan (South),ရှမ်းပြည်နယ် (တောင်),05/05/2020,0,2,0,1,0,0,16
Myanmar,MMR,104,14,Shan (South),ရှမ်းပြည်နယ် (တောင်),06/05/2020,0,2,0,1,0,0,16
Myanmar,MMR,104,14,Shan (South),ရှမ်းပြည်နယ် (တောင်),07/05/2020,0,2,0,1,0,0,16
Myanmar,MMR,104,14,Shan (South),ရှမ်းပြည်နယ် (တောင်),08/05/2020,0,2,0,1,0,0,16
Myanmar,MMR,104,14,Shan (South),ရှမ်းပြည်နယ် (တောင်),09/05/2020,0,2,0,1,0,0,16
Myanmar,MMR,104,14,Shan (South),ရှမ်းပြည်နယ် (တောင်),10/05/2020,0,2,0,1,0,0,16
Myanmar,MMR,104,14,Shan (South),ရှမ်းပြည်နယ် (တောင်),11/05/2020,0,2,0,1,0,0,16
Myanmar,MMR,104,14,Shan (South),ရှမ်းပြည်နယ် (တောင်),12/05/2020,0,2,0,1,0,0,16
Myanmar,MMR,104,14,Shan (South),ရှမ်းပြည်နယ် (တောင်),13/05/2020,0,2,0,1,0,0,16
Myanmar,MMR,104,14,Shan (South),ရှမ်းပြည်နယ် (တောင်),14/05/2020,0,2,0,1,0,0,16
Myanmar,MMR,104,14,Shan (South),ရှမ်းပြည်နယ် (တောင်),15/05/2020,0,2,0,1,0,0,16
Myanmar,MMR,104,14,Shan (South),ရှမ်းပြည်နယ် (တောင်),16/05/2020,0,2,0,1,0,0,16
Myanmar,MMR,104,14,Shan (South),ရှမ်းပြည်နယ် (တောင်),17/05/2020,0,2,0,1,0,0,16
Myanmar,MMR,104,15,Shan (North),ရှမ်းပြည်နယ် (မြောက်),22/03/2020,0,0,0,0,0,0,15
Myanmar,MMR,104,15,Shan (North),ရှမ်းပြည်နယ် (မြောက်),23/03/2020,0,0,0,0,0,0,15
Myanmar,MMR,104,15,Shan (North),ရှမ်းပြည်နယ် (မြောက်),24/03/2020,0,0,0,0,0,0,15
Myanmar,MMR,104,15,Shan (North),ရှမ်းပြည်နယ် (မြောက်),25/03/2020,0,0,0,0,0,0,15
Myanmar,MMR,104,15,Shan (North),ရှမ်းပြည်နယ် (မြောက်),26/03/2020,0,0,0,0,0,0,15
Myanmar,MMR,104,15,Shan (North),ရှမ်းပြည်နယ် (မြောက်),27/03/2020,0,0,0,0,0,0,15
Myanmar,MMR,104,15,Shan (North),ရှမ်းပြည်နယ် (မြောက်),28/03/2020,0,0,0,0,0,0,15
Myanmar,MMR,104,15,Shan (North),ရှမ်းပြည်နယ် (မြောက်),29/03/2020,0,0,0,0,0,0,15
Myanmar,MMR,104,15,Shan (North),ရှမ်းပြည်နယ် (မြောက်),30/03/2020,1,1,0,0,0,0,15
Myanmar,MMR,104,15,Shan (North),ရှမ်းပြည်နယ် (မြောက်),31/03/2020,0,1,0,0,0,0,15
Myanmar,MMR,104,15,Shan (North),ရှမ်းပြည်နယ် (မြောက်),01/04/2020,0,1,0,0,0,0,15
Myanmar,MMR,104,15,Shan (North),ရှမ်းပြည်နယ် (မြောက်),02/04/2020,0,1,1,1,0,0,15
Myanmar,MMR,104,15,Shan (North),ရှမ်းပြည်နယ် (မြောက်),03/04/2020,0,1,0,1,0,0,15
Myanmar,MMR,104,15,Shan (North),ရှမ်းပြည်နယ် (မြောက်),04/04/2020,0,1,0,1,0,0,15
Myanmar,MMR,104,15,Shan (North),ရှမ်းပြည်နယ် (မြောက်),05/04/2020,0,1,0,1,0,0,15
Myanmar,MMR,104,15,Shan (North),ရှမ်းပြည်နယ် (မြောက်),06/04/2020,0,1,0,1,0,0,15
Myanmar,MMR,104,15,Shan (North),ရှမ်းပြည်နယ် (မြောက်),07/04/2020,0,1,0,1,0,0,15
Myanmar,MMR,104,15,Shan (North),ရှမ်းပြည်နယ် (မြောက်),08/04/2020,0,1,0,1,0,0,15
Myanmar,MMR,104,15,Shan (North),ရှမ်းပြည်နယ် (မြောက်),09/04/2020,0,1,0,1,0,0,15
Myanmar,MMR,104,15,Shan (North),ရှမ်းပြည်နယ် (မြောက်),10/04/2020,0,1,0,1,0,0,15
Myanmar,MMR,104,15,Shan (North),ရှမ်းပြည်နယ် (မြောက်),11/04/2020,0,1,0,1,0,0,15
Myanmar,MMR,104,15,Shan (North),ရှမ်းပြည်နယ် (မြောက်),12/04/2020,0,1,0,1,0,0,15
Myanmar,MMR,104,15,Shan (North),ရှမ်းပြည်နယ် (မြောက်),13/04/2020,0,1,0,1,0,0,15
Myanmar,MMR,104,15,Shan (North),ရှမ်းပြည်နယ် (မြောက်),14/04/2020,0,1,0,1,0,0,15
Myanmar,MMR,104,15,Shan (North),ရှမ်းပြည်နယ် (မြောက်),15/04/2020,0,1,0,1,0,0,15
Myanmar,MMR,104,15,Shan (North),ရှမ်းပြည်နယ် (မြောက်),16/04/2020,0,1,0,1,0,0,15
Myanmar,MMR,104,15,Shan (North),ရှမ်းပြည်နယ် (မြောက်),17/04/2020,0,1,0,1,0,0,15
Myanmar,MMR,104,15,Shan (North),ရှမ်းပြည်နယ် (မြောက်),18/04/2020,0,1,0,1,0,0,15
Myanmar,MMR,104,15,Shan (North),ရှမ်းပြည်နယ် (မြောက်),19/04/2020,0,1,0,1,0,0,15
Myanmar,MMR,104,15,Shan (North),ရှမ်းပြည်နယ် (မြောက်),20/04/2020,0,1,0,1,0,0,15
Myanmar,MMR,104,15,Shan (North),ရှမ်းပြည်နယ် (မြောက်),21/04/2020,0,1,0,1,0,0,15
Myanmar,MMR,104,15,Shan (North),ရှမ်းပြည်နယ် (မြောက်),22/04/2020,0,1,0,1,0,0,15
Myanmar,MMR,104,15,Shan (North),ရှမ်းပြည်နယ် (မြောက်),23/04/2020,0,1,0,1,0,0,15
Myanmar,MMR,104,15,Shan (North),ရှမ်းပြည်နယ် (မြောက်),24/04/2020,1,2,0,1,0,0,15
Myanmar,MMR,104,15,Shan (North),ရှမ်းပြည်နယ် (မြောက်),25/04/2020,0,2,0,1,0,0,15
Myanmar,MMR,104,15,Shan (North),ရှမ်းပြည်နယ် (မြောက်),26/04/2020,0,2,0,1,0,0,15
Myanmar,MMR,104,15,Shan (North),ရှမ်းပြည်နယ် (မြောက်),27/04/2020,0,2,0,1,0,0,15
Myanmar,MMR,104,15,Shan (North),ရှမ်းပြည်နယ် (မြောက်),28/04/2020,0,2,0,1,0,0,15
Myanmar,MMR,104,15,Shan (North),ရှမ်းပြည်နယ် (မြောက်),29/04/2020,0,2,0,1,0,0,15
Myanmar,MMR,104,15,Shan (North),ရှမ်းပြည်နယ် (မြောက်),30/04/2020,0,2,0,1,0,0,15
Myanmar,MMR,104,15,Shan (North),ရှမ်းပြည်နယ် (မြောက်),01/05/2020,0,2,0,1,0,0,15
Myanmar,MMR,104,15,Shan (North),ရှမ်းပြည်နယ် (မြောက်),02/05/2020,0,2,0,1,0,0,15
Myanmar,MMR,104,15,Shan (North),ရှမ်းပြည်နယ် (မြောက်),03/05/2020,0,2,0,1,0,0,15
Myanmar,MMR,104,15,Shan (North),ရှမ်းပြည်နယ် (မြောက်),04/05/2020,0,2,0,1,0,0,15
Myanmar,MMR,104,15,Shan (North),ရှမ်းပြည်နယ် (မြောက်),05/05/2020,0,2,0,1,0,0,15
Myanmar,MMR,104,15,Shan (North),ရှမ်းပြည်နယ် (မြောက်),06/05/2020,0,2,0,1,0,0,15
Myanmar,MMR,104,15,Shan (North),ရှမ်းပြည်နယ် (မြောက်),07/05/2020,0,2,0,1,0,0,15
Myanmar,MMR,104,15,Shan (North),ရှမ်းပြည်နယ် (မြောက်),08/05/2020,0,2,0,1,0,0,15
Myanmar,MMR,104,15,Shan (North),ရှမ်းပြည်နယ် (မြောက်),09/05/2020,0,2,0,1,0,0,15
Myanmar,MMR,104,15,Shan (North),ရှမ်းပြည်နယ် (မြောက်),10/05/2020,0,2,1,2,0,0,15
Myanmar,MMR,104,15,Shan (North),ရှမ်းပြည်နယ် (မြောက်),11/05/2020,0,2,0,2,0,0,15
Myanmar,MMR,104,15,Shan (North),ရှမ်းပြည်နယ် (မြောက်),12/05/2020,0,2,0,2,0,0,15
Myanmar,MMR,104,15,Shan (North),ရှမ်းပြည်နယ် (မြောက်),13/05/2020,0,2,0,2,0,0,15
Myanmar,MMR,104,15,Shan (North),ရှမ်းပြည်နယ် (မြောက်),14/05/2020,0,2,0,2,0,0,15
Myanmar,MMR,104,15,Shan (North),ရှမ်းပြည်နယ် (မြောက်),15/05/2020,0,2,0,2,0,0,15
Myanmar,MMR,104,15,Shan (North),ရှမ်းပြည်နယ် (မြောက်),16/05/2020,0,2,0,2,0,0,15
Myanmar,MMR,104,15,Shan (North),ရှမ်းပြည်နယ် (မြောက်),17/05/2020,0,2,0,2,0,0,15
Myanmar,MMR,104,16,Shan (East),ရှမ်းပြည်နယ် (အရှေ့),22/03/2020,0,0,0,0,0,0,14
Myanmar,MMR,104,16,Shan (East),ရှမ်းပြည်နယ် (အရှေ့),23/03/2020,0,0,0,0,0,0,14
Myanmar,MMR,104,16,Shan (East),ရှမ်းပြည်နယ် (အရှေ့),24/03/2020,0,0,0,0,0,0,14
Myanmar,MMR,104,16,Shan (East),ရှမ်းပြည်နယ် (အရှေ့),25/03/2020,0,0,0,0,0,0,14
Myanmar,MMR,104,16,Shan (East),ရှမ်းပြည်နယ် (အရှေ့),26/03/2020,0,0,0,0,0,0,14
Myanmar,MMR,104,16,Shan (East),ရှမ်းပြည်နယ် (အရှေ့),27/03/2020,0,0,0,0,0,0,14
Myanmar,MMR,104,16,Shan (East),ရှမ်းပြည်နယ် (အရှေ့),28/03/2020,0,0,0,0,0,0,14
Myanmar,MMR,104,16,Shan (East),ရှမ်းပြည်နယ် (အရှေ့),29/03/2020,0,0,0,0,0,0,14
Myanmar,MMR,104,16,Shan (East),ရှမ်းပြည်နယ် (အရှေ့),30/03/2020,0,0,0,0,0,0,14
Myanmar,MMR,104,16,Shan (East),ရှမ်းပြည်နယ် (အရှေ့),31/03/2020,0,0,0,0,0,0,14
Myanmar,MMR,104,16,Shan (East),ရှမ်းပြည်နယ် (အရှေ့),01/04/2020,0,0,0,0,0,0,14
Myanmar,MMR,104,16,Shan (East),ရှမ်းပြည်နယ် (အရှေ့),02/04/2020,0,0,0,0,0,0,14
Myanmar,MMR,104,16,Shan (East),ရှမ်းပြည်နယ် (အရှေ့),03/04/2020,0,0,0,0,0,0,14
Myanmar,MMR,104,16,Shan (East),ရှမ်းပြည်နယ် (အရှေ့),04/04/2020,0,0,0,0,0,0,14
Myanmar,MMR,104,16,Shan (East),ရှမ်းပြည်နယ် (အရှေ့),05/04/2020,0,0,0,0,0,0,14
Myanmar,MMR,104,16,Shan (East),ရှမ်းပြည်နယ် (အရှေ့),06/04/2020,0,0,0,0,0,0,14
Myanmar,MMR,104,16,Shan (East),ရှမ်းပြည်နယ် (အရှေ့),07/04/2020,0,0,0,0,0,0,14
Myanmar,MMR,104,16,Shan (East),ရှမ်းပြည်နယ် (အရှေ့),08/04/2020,0,0,0,0,0,0,14
Myanmar,MMR,104,16,Shan (East),ရှမ်းပြည်နယ် (အရှေ့),09/04/2020,0,0,0,0,0,0,14
Myanmar,MMR,104,16,Shan (East),ရှမ်းပြည်နယ် (အရှေ့),10/04/2020,0,0,0,0,0,0,14
Myanmar,MMR,104,16,Shan (East),ရှမ်းပြည်နယ် (အရှေ့),11/04/2020,0,0,0,0,0,0,14
Myanmar,MMR,104,16,Shan (East),ရှမ်းပြည်နယ် (အရှေ့),12/04/2020,0,0,0,0,0,0,14
Myanmar,MMR,104,16,Shan (East),ရှမ်းပြည်နယ် (အရှေ့),13/04/2020,0,0,0,0,0,0,14
Myanmar,MMR,104,16,Shan (East),ရှမ်းပြည်နယ် (အရှေ့),14/04/2020,0,0,0,0,0,0,14
Myanmar,MMR,104,16,Shan (East),ရှမ်းပြည်နယ် (အရှေ့),15/04/2020,1,1,0,0,0,0,14
Myanmar,MMR,104,16,Shan (East),ရှမ်းပြည်နယ် (အရှေ့),16/04/2020,0,1,0,0,0,0,14
Myanmar,MMR,104,16,Shan (East),ရှမ်းပြည်နယ် (အရှေ့),17/04/2020,0,1,0,0,0,0,14
Myanmar,MMR,104,16,Shan (East),ရှမ်းပြည်နယ် (အရှေ့),18/04/2020,1,2,0,0,0,0,14
Myanmar,MMR,104,16,Shan (East),ရှမ်းပြည်နယ် (အရှေ့),19/04/2020,0,2,0,0,0,0,14
Myanmar,MMR,104,16,Shan (East),ရှမ်းပြည်နယ် (အရှေ့),20/04/2020,1,3,0,0,0,0,14
Myanmar,MMR,104,16,Shan (East),ရှမ်းပြည်နယ် (အရှေ့),21/04/2020,0,3,0,0,0,0,14
Myanmar,MMR,104,16,Shan (East),ရှမ်းပြည်နယ် (အရှေ့),22/04/2020,0,3,0,0,0,0,14
Myanmar,MMR,104,16,Shan (East),ရှမ်းပြည်နယ် (အရှေ့),23/04/2020,0,3,0,0,0,0,14
Myanmar,MMR,104,16,Shan (East),ရှမ်းပြည်နယ် (အရှေ့),24/04/2020,0,3,0,0,0,0,14
Myanmar,MMR,104,16,Shan (East),ရှမ်းပြည်နယ် (အရှေ့),25/04/2020,0,3,0,0,0,0,14
Myanmar,MMR,104,16,Shan (East),ရှမ်းပြည်နယ် (အရှေ့),26/04/2020,0,3,0,0,0,0,14
Myanmar,MMR,104,16,Shan (East),ရှမ်းပြည်နယ် (အရှေ့),27/04/2020,0,3,0,0,0,0,14
Myanmar,MMR,104,16,Shan (East),ရှမ်းပြည်နယ် (အရှေ့),28/04/2020,0,3,0,0,0,0,14
Myanmar,MMR,104,16,Shan (East),ရှမ်းပြည်နယ် (အရှေ့),29/04/2020,0,3,0,0,0,0,14
Myanmar,MMR,104,16,Shan (East),ရှမ်းပြည်နယ် (အရှေ့),30/04/2020,0,3,0,0,0,0,14
Myanmar,MMR,104,16,Shan (East),ရှမ်းပြည်နယ် (အရှေ့),01/05/2020,0,3,0,0,0,0,14
Myanmar,MMR,104,16,Shan (East),ရှမ်းပြည်နယ် (အရှေ့),02/05/2020,0,3,0,0,0,0,14
Myanmar,MMR,104,16,Shan (East),ရှမ်းပြည်နယ် (အရှေ့),03/05/2020,0,3,0,0,0,0,14
Myanmar,MMR,104,16,Shan (East),ရှမ်းပြည်နယ် (အရှေ့),04/05/2020,0,3,0,0,0,0,14
Myanmar,MMR,104,16,Shan (East),ရှမ်းပြည်နယ် (အရှေ့),05/05/2020,0,3,0,0,0,0,14
Myanmar,MMR,104,16,Shan (East),ရှမ်းပြည်နယ် (အရှေ့),06/05/2020,0,3,0,0,0,0,14
Myanmar,MMR,104,16,Shan (East),ရှမ်းပြည်နယ် (အရှေ့),07/05/2020,0,3,0,0,0,0,14
Myanmar,MMR,104,16,Shan (East),ရှမ်းပြည်နယ် (အရှေ့),08/05/2020,0,3,0,0,0,0,14
Myanmar,MMR,104,16,Shan (East),ရှမ်းပြည်နယ် (အရှေ့),09/05/2020,0,3,0,0,0,0,14
Myanmar,MMR,104,16,Shan (East),ရှမ်းပြည်နယ် (အရှေ့),10/05/2020,0,3,0,0,0,0,14
Myanmar,MMR,104,16,Shan (East),ရှမ်းပြည်နယ် (အရှေ့),11/05/2020,0,3,0,0,0,0,14
Myanmar,MMR,104,16,Shan (East),ရှမ်းပြည်နယ် (အရှေ့),12/05/2020,0,3,0,0,0,0,14
Myanmar,MMR,104,16,Shan (East),ရှမ်းပြည်နယ် (အရှေ့),13/05/2020,0,3,0,0,0,0,14
Myanmar,MMR,104,16,Shan (East),ရှမ်းပြည်နယ် (အရှေ့),14/05/2020,0,3,0,0,0,0,14
Myanmar,MMR,104,16,Shan (East),ရှမ်းပြည်နယ် (အရှေ့),15/05/2020,0,3,0,0,0,0,14
Myanmar,MMR,104,16,Shan (East),ရှမ်းပြည်နယ် (အရှေ့),16/05/2020,0,3,0,0,0,0,14
Myanmar,MMR,104,16,Shan (East),ရှမ်းပြည်နယ် (အရှေ့),17/05/2020,0,3,0,0,0,0,14
Myanmar,MMR,104,17,Ayeyarwady,ဧရာဝတီတိုင်းဒေသကြီး,22/03/2020,0,0,0,0,0,0,1
Myanmar,MMR,104,17,Ayeyarwady,ဧရာဝတီတိုင်းဒေသကြီး,23/03/2020,0,0,0,0,0,0,1
Myanmar,MMR,104,17,Ayeyarwady,ဧရာဝတီတိုင်းဒေသကြီး,24/03/2020,0,0,0,0,0,0,1
Myanmar,MMR,104,17,Ayeyarwady,ဧရာဝတီတိုင်းဒေသကြီး,25/03/2020,0,0,0,0,0,0,1
Myanmar,MMR,104,17,Ayeyarwady,ဧရာဝတီတိုင်းဒေသကြီး,26/03/2020,0,0,0,0,0,0,1
Myanmar,MMR,104,17,Ayeyarwady,ဧရာဝတီတိုင်းဒေသကြီး,27/03/2020,0,0,0,0,0,0,1
Myanmar,MMR,104,17,Ayeyarwady,ဧရာဝတီတိုင်းဒေသကြီး,28/03/2020,0,0,0,0,0,0,1
Myanmar,MMR,104,17,Ayeyarwady,ဧရာဝတီတိုင်းဒေသကြီး,29/03/2020,0,0,0,0,0,0,1
Myanmar,MMR,104,17,Ayeyarwady,ဧရာဝတီတိုင်းဒေသကြီး,30/03/2020,0,0,0,0,0,0,1
Myanmar,MMR,104,17,Ayeyarwady,ဧရာဝတီတိုင်းဒေသကြီး,31/03/2020,0,0,0,0,0,0,1
Myanmar,MMR,104,17,Ayeyarwady,ဧရာဝတီတိုင်းဒေသကြီး,01/04/2020,0,0,0,0,0,0,1
Myanmar,MMR,104,17,Ayeyarwady,ဧရာဝတီတိုင်းဒေသကြီး,02/04/2020,0,0,0,0,0,0,1
Myanmar,MMR,104,17,Ayeyarwady,ဧရာဝတီတိုင်းဒေသကြီး,03/04/2020,0,0,0,0,0,0,1
Myanmar,MMR,104,17,Ayeyarwady,ဧရာဝတီတိုင်းဒေသကြီး,04/04/2020,0,0,0,0,0,0,1
Myanmar,MMR,104,17,Ayeyarwady,ဧရာဝတီတိုင်းဒေသကြီး,05/04/2020,0,0,0,0,0,0,1
Myanmar,MMR,104,17,Ayeyarwady,ဧရာဝတီတိုင်းဒေသကြီး,06/04/2020,0,0,0,0,0,0,1
Myanmar,MMR,104,17,Ayeyarwady,ဧရာဝတီတိုင်းဒေသကြီး,07/04/2020,0,0,0,0,0,0,1
Myanmar,MMR,104,17,Ayeyarwady,ဧရာဝတီတိုင်းဒေသကြီး,08/04/2020,0,0,0,0,0,0,1
Myanmar,MMR,104,17,Ayeyarwady,ဧရာဝတီတိုင်းဒေသကြီး,09/04/2020,0,0,0,0,0,0,1
Myanmar,MMR,104,17,Ayeyarwady,ဧရာဝတီတိုင်းဒေသကြီး,10/04/2020,0,0,0,0,0,0,1
Myanmar,MMR,104,17,Ayeyarwady,ဧရာဝတီတိုင်းဒေသကြီး,11/04/2020,0,0,0,0,0,0,1
Myanmar,MMR,104,17,Ayeyarwady,ဧရာဝတီတိုင်းဒေသကြီး,12/04/2020,0,0,0,0,0,0,1
Myanmar,MMR,104,17,Ayeyarwady,ဧရာဝတီတိုင်းဒေသကြီး,13/04/2020,0,0,0,0,0,0,1
Myanmar,MMR,104,17,Ayeyarwady,ဧရာဝတီတိုင်းဒေသကြီး,14/04/2020,0,0,0,0,0,0,1
Myanmar,MMR,104,17,Ayeyarwady,ဧရာဝတီတိုင်းဒေသကြီး,15/04/2020,0,0,0,0,0,0,1
Myanmar,MMR,104,17,Ayeyarwady,ဧရာဝတီတိုင်းဒေသကြီး,16/04/2020,0,0,0,0,0,0,1
Myanmar,MMR,104,17,Ayeyarwady,ဧရာဝတီတိုင်းဒေသကြီး,17/04/2020,0,0,0,0,0,0,1
Myanmar,MMR,104,17,Ayeyarwady,ဧရာဝတီတိုင်းဒေသကြီး,18/04/2020,0,0,0,0,0,0,1
Myanmar,MMR,104,17,Ayeyarwady,ဧရာဝတီတိုင်းဒေသကြီး,19/04/2020,0,0,0,0,0,0,1
Myanmar,MMR,104,17,Ayeyarwady,ဧရာဝတီတိုင်းဒေသကြီး,20/04/2020,0,0,0,0,0,0,1
Myanmar,MMR,104,17,Ayeyarwady,ဧရာဝတီတိုင်းဒေသကြီး,21/04/2020,0,0,0,0,0,0,1
Myanmar,MMR,104,17,Ayeyarwady,ဧရာဝတီတိုင်းဒေသကြီး,22/04/2020,0,0,0,0,0,0,1
Myanmar,MMR,104,17,Ayeyarwady,ဧရာဝတီတိုင်းဒေသကြီး,23/04/2020,0,0,0,0,0,0,1
Myanmar,MMR,104,17,Ayeyarwady,ဧရာဝတီတိုင်းဒေသကြီး,24/04/2020,0,0,0,0,0,0,1
Myanmar,MMR,104,17,Ayeyarwady,ဧရာဝတီတိုင်းဒေသကြီး,25/04/2020,0,0,0,0,0,0,1
Myanmar,MMR,104,17,Ayeyarwady,ဧရာဝတီတိုင်းဒေသကြီး,26/04/2020,0,0,0,0,0,0,1
Myanmar,MMR,104,17,Ayeyarwady,ဧရာဝတီတိုင်းဒေသကြီး,27/04/2020,0,0,0,0,0,0,1
Myanmar,MMR,104,17,Ayeyarwady,ဧရာဝတီတိုင်းဒေသကြီး,28/04/2020,0,0,0,0,0,0,1
Myanmar,MMR,104,17,Ayeyarwady,ဧရာဝတီတိုင်းဒေသကြီး,29/04/2020,0,0,0,0,0,0,1
Myanmar,MMR,104,17,Ayeyarwady,ဧရာဝတီတိုင်းဒေသကြီး,30/04/2020,0,0,0,0,0,0,1
Myanmar,MMR,104,17,Ayeyarwady,ဧရာဝတီတိုင်းဒေသကြီး,01/05/2020,0,0,0,0,0,0,1
Myanmar,MMR,104,17,Ayeyarwady,ဧရာဝတီတိုင်းဒေသကြီး,02/05/2020,0,0,0,0,0,0,1
Myanmar,MMR,104,17,Ayeyarwady,ဧရာဝတီတိုင်းဒေသကြီး,03/05/2020,0,0,0,0,0,0,1
Myanmar,MMR,104,17,Ayeyarwady,ဧရာဝတီတိုင်းဒေသကြီး,04/05/2020,0,0,0,0,0,0,1
Myanmar,MMR,104,17,Ayeyarwady,ဧရာဝတီတိုင်းဒေသကြီး,05/05/2020,0,0,0,0,0,0,1
Myanmar,MMR,104,17,Ayeyarwady,ဧရာဝတီတိုင်းဒေသကြီး,06/05/2020,0,0,0,0,0,0,1
Myanmar,MMR,104,17,Ayeyarwady,ဧရာဝတီတိုင်းဒေသကြီး,07/05/2020,0,0,0,0,0,0,1
Myanmar,MMR,104,17,Ayeyarwady,ဧရာဝတီတိုင်းဒေသကြီး,08/05/2020,0,0,0,0,0,0,1
Myanmar,MMR,104,17,Ayeyarwady,ဧရာဝတီတိုင်းဒေသကြီး,09/05/2020,0,0,0,0,0,0,1
Myanmar,MMR,104,17,Ayeyarwady,ဧရာဝတီတိုင်းဒေသကြီး,10/05/2020,0,0,0,0,0,0,1
Myanmar,MMR,104,17,Ayeyarwady,ဧရာဝတီတိုင်းဒေသကြီး,11/05/2020,0,0,0,0,0,0,1
Myanmar,MMR,104,17,Ayeyarwady,ဧရာဝတီတိုင်းဒေသကြီး,12/05/2020,0,0,0,0,0,0,1
Myanmar,MMR,104,17,Ayeyarwady,ဧရာဝတီတိုင်းဒေသကြီး,13/05/2020,0,0,0,0,0,0,1
Myanmar,MMR,104,17,Ayeyarwady,ဧရာဝတီတိုင်းဒေသကြီး,14/05/2020,0,0,0,0,0,0,1
Myanmar,MMR,104,17,Ayeyarwady,ဧရာဝတီတိုင်းဒေသကြီး,15/05/2020,0,0,0,0,0,0,1
Myanmar,MMR,104,17,Ayeyarwady,ဧရာဝတီတိုင်းဒေသကြီး,16/05/2020,0,0,0,0,0,0,1
Myanmar,MMR,104,17,Ayeyarwady,ဧရာဝတီတိုင်းဒေသကြီး,17/05/2020,0,0,0,0,0,0,1
Myanmar,MMR,104,18,Nay Pyi Taw,နေပြည်တော်,22/03/2020,0,0,0,0,0,0,11
Myanmar,MMR,104,18,Nay Pyi Taw,နေပြည်တော်,23/03/2020,0,0,0,0,0,0,11
Myanmar,MMR,104,18,Nay Pyi Taw,နေပြည်တော်,24/03/2020,0,0,0,0,0,0,11
Myanmar,MMR,104,18,Nay Pyi Taw,နေပြည်တော်,25/03/2020,0,0,0,0,0,0,11
Myanmar,MMR,104,18,Nay Pyi Taw,နေပြည်တော်,26/03/2020,0,0,0,0,0,0,11
Myanmar,MMR,104,18,Nay Pyi Taw,နေပြည်တော်,27/03/2020,0,0,0,0,0,0,11
Myanmar,MMR,104,18,Nay Pyi Taw,နေပြည်တော်,28/03/2020,1,1,0,0,0,0,11
Myanmar,MMR,104,18,Nay Pyi Taw,နေပြည်တော်,29/03/2020,0,1,0,0,0,0,11
Myanmar,MMR,104,18,Nay Pyi Taw,နေပြည်တော်,30/03/2020,0,1,0,0,0,0,11
Myanmar,MMR,104,18,Nay Pyi Taw,နေပြည်တော်,31/03/2020,0,1,0,0,0,0,11
Myanmar,MMR,104,18,Nay Pyi Taw,နေပြည်တော်,01/04/2020,0,1,0,0,0,0,11
Myanmar,MMR,104,18,Nay Pyi Taw,နေပြည်တော်,02/04/2020,0,1,0,0,0,0,11
Myanmar,MMR,104,18,Nay Pyi Taw,နေပြည်တော်,03/04/2020,0,1,0,0,0,0,11
Myanmar,MMR,104,18,Nay Pyi Taw,နေပြည်တော်,04/04/2020,0,1,0,0,0,0,11
Myanmar,MMR,104,18,Nay Pyi Taw,နေပြည်တော်,05/04/2020,0,1,0,0,0,0,11
Myanmar,MMR,104,18,Nay Pyi Taw,နေပြည်တော်,06/04/2020,0,1,0,0,0,0,11
Myanmar,MMR,104,18,Nay Pyi Taw,နေပြည်တော်,07/04/2020,0,1,1,1,0,0,11
Myanmar,MMR,104,18,Nay Pyi Taw,နေပြည်တော်,08/04/2020,0,1,0,1,0,0,11
Myanmar,MMR,104,18,Nay Pyi Taw,နေပြည်တော်,09/04/2020,0,1,0,1,0,0,11
Myanmar,MMR,104,18,Nay Pyi Taw,နေပြည်တော်,10/04/2020,0,1,0,1,0,0,11
Myanmar,MMR,104,18,Nay Pyi Taw,နေပြည်တော်,11/04/2020,0,1,0,1,0,0,11
Myanmar,MMR,104,18,Nay Pyi Taw,နေပြည်တော်,12/04/2020,0,1,0,1,0,0,11
Myanmar,MMR,104,18,Nay Pyi Taw,နေပြည်တော်,13/04/2020,0,1,0,1,0,0,11
Myanmar,MMR,104,18,Nay Pyi Taw,နေပြည်တော်,14/04/2020,0,1,0,1,0,0,11
Myanmar,MMR,104,18,Nay Pyi Taw,နေပြည်တော်,15/04/2020,0,1,0,1,0,0,11
Myanmar,MMR,104,18,Nay Pyi Taw,နေပြည်တော်,16/04/2020,0,1,0,1,0,0,11
Myanmar,MMR,104,18,Nay Pyi Taw,နေပြည်တော်,17/04/2020,0,1,0,1,0,0,11
Myanmar,MMR,104,18,Nay Pyi Taw,နေပြည်တော်,18/04/2020,0,1,0,1,0,0,11
Myanmar,MMR,104,18,Nay Pyi Taw,နေပြည်တော်,19/04/2020,0,1,0,1,0,0,11
Myanmar,MMR,104,18,Nay Pyi Taw,နေပြည်တော်,20/04/2020,0,1,0,1,0,0,11
Myanmar,MMR,104,18,Nay Pyi Taw,နေပြည်တော်,21/04/2020,0,1,0,1,0,0,11
Myanmar,MMR,104,18,Nay Pyi Taw,နေပြည်တော်,22/04/2020,0,1,0,1,0,0,11
Myanmar,MMR,104,18,Nay Pyi Taw,နေပြည်တော်,23/04/2020,0,1,0,1,0,0,11
Myanmar,MMR,104,18,Nay Pyi Taw,နေပြည်တော်,24/04/2020,0,1,0,1,0,0,11
Myanmar,MMR,104,18,Nay Pyi Taw,နေပြည်တော်,25/04/2020,0,1,0,1,0,0,11
Myanmar,MMR,104,18,Nay Pyi Taw,နေပြည်တော်,26/04/2020,0,1,0,1,0,0,11
Myanmar,MMR,104,18,Nay Pyi Taw,နေပြည်တော်,27/04/2020,0,1,0,1,0,0,11
Myanmar,MMR,104,18,Nay Pyi Taw,နေပြည်တော်,28/04/2020,0,1,0,1,0,0,11
Myanmar,MMR,104,18,Nay Pyi Taw,နေပြည်တော်,29/04/2020,0,1,0,1,0,0,11
Myanmar,MMR,104,18,Nay Pyi Taw,နေပြည်တော်,30/04/2020,0,1,0,1,0,0,11
Myanmar,MMR,104,18,Nay Pyi Taw,နေပြည်တော်,01/05/2020,0,1,0,1,0,0,11
Myanmar,MMR,104,18,Nay Pyi Taw,နေပြည်တော်,02/05/2020,0,1,0,1,0,0,11
Myanmar,MMR,104,18,Nay Pyi Taw,နေပြည်တော်,03/05/2020,0,1,0,1,0,0,11
Myanmar,MMR,104,18,Nay Pyi Taw,နေပြည်တော်,04/05/2020,1,2,0,1,0,0,11
Myanmar,MMR,104,18,Nay Pyi Taw,နေပြည်တော်,05/05/2020,0,2,0,1,0,0,11
Myanmar,MMR,104,18,Nay Pyi Taw,နေပြည်တော်,06/05/2020,0,2,0,1,0,0,11
Myanmar,MMR,104,18,Nay Pyi Taw,နေပြည်တော်,07/05/2020,0,2,0,1,0,0,11
Myanmar,MMR,104,18,Nay Pyi Taw,နေပြည်တော်,08/05/2020,0,2,0,1,0,0,11
Myanmar,MMR,104,18,Nay Pyi Taw,နေပြည်တော်,09/05/2020,0,2,0,1,0,0,11
Myanmar,MMR,104,18,Nay Pyi Taw,နေပြည်တော်,10/05/2020,0,2,0,1,0,0,11
Myanmar,MMR,104,18,Nay Pyi Taw,နေပြည်တော်,11/05/2020,0,2,0,1,0,0,11
Myanmar,MMR,104,18,Nay Pyi Taw,နေပြည်တော်,12/05/2020,0,2,0,1,0,0,11
Myanmar,MMR,104,18,Nay Pyi Taw,နေပြည်တော်,13/05/2020,0,2,0,1,0,0,11
Myanmar,MMR,104,18,Nay Pyi Taw,နေပြည်တော်,14/05/2020,0,2,0,1,0,0,11
Myanmar,MMR,104,18,Nay Pyi Taw,နေပြည်တော်,15/05/2020,0,2,0,1,0,0,11
Myanmar,MMR,104,18,Nay Pyi Taw,နေပြည်တော်,16/05/2020,0,2,0,1,0,0,11
Myanmar,MMR,104,18,Nay Pyi Taw,နေပြည်တော်,17/05/2020,0,2,0,1,0,0,11
