country_name,province_code,province_name,date,case_confirmed_new,case_confirmed,case_recovered_new,case_recovered,case_relapsed_new,case_relapsed,case_death_new,case_death,gid_1,_ID
Laos,2,Phongsaly,27/01/2020,0,0,0,0,0,0,0,0,LAO.10_1,10
Laos,2,Phongsaly,28/01/2020,0,0,0,0,0,0,0,0,LAO.10_1,10
Laos,2,Phongsaly,29/01/2020,0,0,0,0,0,0,0,0,LAO.10_1,10
Laos,2,Phongsaly,30/01/2020,0,0,0,0,0,0,0,0,LAO.10_1,10
Laos,2,Phongsaly,31/01/2020,0,0,0,0,0,0,0,0,LAO.10_1,10
Laos,2,Phongsaly,01/02/2020,0,0,0,0,0,0,0,0,LAO.10_1,10
Laos,2,Phongsaly,02/02/2020,0,0,0,0,0,0,0,0,LAO.10_1,10
Laos,2,Phongsaly,03/02/2020,0,0,0,0,0,0,0,0,LAO.10_1,10
Laos,2,Phongsaly,04/02/2020,0,0,0,0,0,0,0,0,LAO.10_1,10
Laos,2,Phongsaly,05/02/2020,0,0,0,0,0,0,0,0,LAO.10_1,10
Laos,2,Phongsaly,06/02/2020,0,0,0,0,0,0,0,0,LAO.10_1,10
Laos,2,Phongsaly,07/02/2020,0,0,0,0,0,0,0,0,LAO.10_1,10
Laos,2,Phongsaly,08/02/2020,0,0,0,0,0,0,0,0,LAO.10_1,10
Laos,2,Phongsaly,09/02/2020,0,0,0,0,0,0,0,0,LAO.10_1,10
Laos,2,Phongsaly,10/02/2020,0,0,0,0,0,0,0,0,LAO.10_1,10
Laos,2,Phongsaly,11/02/2020,0,0,0,0,0,0,0,0,LAO.10_1,10
Laos,2,Phongsaly,12/02/2020,0,0,0,0,0,0,0,0,LAO.10_1,10
Laos,2,Phongsaly,13/02/2020,0,0,0,0,0,0,0,0,LAO.10_1,10
Laos,2,Phongsaly,14/02/2020,0,0,0,0,0,0,0,0,LAO.10_1,10
Laos,2,Phongsaly,15/02/2020,0,0,0,0,0,0,0,0,LAO.10_1,10
Laos,2,Phongsaly,16/02/2020,0,0,0,0,0,0,0,0,LAO.10_1,10
Laos,2,Phongsaly,17/02/2020,0,0,0,0,0,0,0,0,LAO.10_1,10
Laos,2,Phongsaly,18/02/2020,0,0,0,0,0,0,0,0,LAO.10_1,10
Laos,2,Phongsaly,19/02/2020,0,0,0,0,0,0,0,0,LAO.10_1,10
Laos,2,Phongsaly,20/02/2020,0,0,0,0,0,0,0,0,LAO.10_1,10
Laos,2,Phongsaly,21/02/2020,0,0,0,0,0,0,0,0,LAO.10_1,10
Laos,2,Phongsaly,22/02/2020,0,0,0,0,0,0,0,0,LAO.10_1,10
Laos,2,Phongsaly,23/02/2020,0,0,0,0,0,0,0,0,LAO.10_1,10
Laos,2,Phongsaly,24/02/2020,0,0,0,0,0,0,0,0,LAO.10_1,10
Laos,2,Phongsaly,25/02/2020,0,0,0,0,0,0,0,0,LAO.10_1,10
Laos,2,Phongsaly,26/02/2020,0,0,0,0,0,0,0,0,LAO.10_1,10
Laos,2,Phongsaly,27/02/2020,0,0,0,0,0,0,0,0,LAO.10_1,10
Laos,2,Phongsaly,28/02/2020,0,0,0,0,0,0,0,0,LAO.10_1,10
Laos,2,Phongsaly,29/02/2020,0,0,0,0,0,0,0,0,LAO.10_1,10
Laos,2,Phongsaly,01/03/2020,0,0,0,0,0,0,0,0,LAO.10_1,10
Laos,2,Phongsaly,02/03/2020,0,0,0,0,0,0,0,0,LAO.10_1,10
Laos,2,Phongsaly,03/03/2020,0,0,0,0,0,0,0,0,LAO.10_1,10
Laos,2,Phongsaly,04/03/2020,0,0,0,0,0,0,0,0,LAO.10_1,10
Laos,2,Phongsaly,05/03/2020,0,0,0,0,0,0,0,0,LAO.10_1,10
Laos,2,Phongsaly,06/03/2020,0,0,0,0,0,0,0,0,LAO.10_1,10
Laos,2,Phongsaly,07/03/2020,0,0,0,0,0,0,0,0,LAO.10_1,10
Laos,2,Phongsaly,08/03/2020,0,0,0,0,0,0,0,0,LAO.10_1,10
Laos,2,Phongsaly,09/03/2020,0,0,0,0,0,0,0,0,LAO.10_1,10
Laos,2,Phongsaly,10/03/2020,0,0,0,0,0,0,0,0,LAO.10_1,10
Laos,2,Phongsaly,11/03/2020,0,0,0,0,0,0,0,0,LAO.10_1,10
Laos,2,Phongsaly,12/03/2020,0,0,0,0,0,0,0,0,LAO.10_1,10
Laos,2,Phongsaly,13/03/2020,0,0,0,0,0,0,0,0,LAO.10_1,10
Laos,2,Phongsaly,14/03/2020,0,0,0,0,0,0,0,0,LAO.10_1,10
Laos,2,Phongsaly,15/03/2020,0,0,0,0,0,0,0,0,LAO.10_1,10
Laos,2,Phongsaly,16/03/2020,0,0,0,0,0,0,0,0,LAO.10_1,10
Laos,2,Phongsaly,17/03/2020,0,0,0,0,0,0,0,0,LAO.10_1,10
Laos,2,Phongsaly,18/03/2020,0,0,0,0,0,0,0,0,LAO.10_1,10
Laos,2,Phongsaly,19/03/2020,0,0,0,0,0,0,0,0,LAO.10_1,10
Laos,2,Phongsaly,20/03/2020,0,0,0,0,0,0,0,0,LAO.10_1,10
Laos,2,Phongsaly,21/03/2020,0,0,0,0,0,0,0,0,LAO.10_1,10
Laos,2,Phongsaly,22/03/2020,0,0,0,0,0,0,0,0,LAO.10_1,10
Laos,2,Phongsaly,23/03/2020,0,0,0,0,0,0,0,0,LAO.10_1,10
Laos,2,Phongsaly,24/03/2020,0,0,0,0,0,0,0,0,LAO.10_1,10
Laos,2,Phongsaly,25/03/2020,0,0,0,0,0,0,0,0,LAO.10_1,10
Laos,2,Phongsaly,26/03/2020,0,0,0,0,0,0,0,0,LAO.10_1,10
Laos,2,Phongsaly,27/03/2020,0,0,0,0,0,0,0,0,LAO.10_1,10
Laos,2,Phongsaly,28/03/2020,0,0,0,0,0,0,0,0,LAO.10_1,10
Laos,2,Phongsaly,29/03/2020,0,0,0,0,0,0,0,0,LAO.10_1,10
Laos,2,Phongsaly,30/03/2020,0,0,0,0,0,0,0,0,LAO.10_1,10
Laos,2,Phongsaly,31/03/2020,0,0,0,0,0,0,0,0,LAO.10_1,10
Laos,2,Phongsaly,01/04/2020,0,0,0,0,0,0,0,0,LAO.10_1,10
Laos,2,Phongsaly,02/04/2020,0,0,0,0,0,0,0,0,LAO.10_1,10
Laos,2,Phongsaly,03/04/2020,0,0,0,0,0,0,0,0,LAO.10_1,10
Laos,2,Phongsaly,04/04/2020,0,0,0,0,0,0,0,0,LAO.10_1,10
Laos,2,Phongsaly,05/04/2020,0,0,0,0,0,0,0,0,LAO.10_1,10
Laos,2,Phongsaly,06/04/2020,0,0,0,0,0,0,0,0,LAO.10_1,10
Laos,2,Phongsaly,07/04/2020,0,0,0,0,0,0,0,0,LAO.10_1,10
Laos,2,Phongsaly,08/04/2020,0,0,0,0,0,0,0,0,LAO.10_1,10
Laos,2,Phongsaly,09/04/2020,0,0,0,0,0,0,0,0,LAO.10_1,10
Laos,2,Phongsaly,10/04/2020,0,0,0,0,0,0,0,0,LAO.10_1,10
Laos,2,Phongsaly,11/04/2020,0,0,0,0,0,0,0,0,LAO.10_1,10
Laos,2,Phongsaly,12/04/2020,0,0,0,0,0,0,0,0,LAO.10_1,10
Laos,14,Saravane,27/01/2020,0,0,0,0,0,0,0,0,LAO.11_1,11
Laos,14,Saravane,28/01/2020,0,0,0,0,0,0,0,0,LAO.11_1,11
Laos,14,Saravane,29/01/2020,0,0,0,0,0,0,0,0,LAO.11_1,11
Laos,14,Saravane,30/01/2020,0,0,0,0,0,0,0,0,LAO.11_1,11
Laos,14,Saravane,31/01/2020,0,0,0,0,0,0,0,0,LAO.11_1,11
Laos,14,Saravane,01/02/2020,0,0,0,0,0,0,0,0,LAO.11_1,11
Laos,14,Saravane,02/02/2020,0,0,0,0,0,0,0,0,LAO.11_1,11
Laos,14,Saravane,03/02/2020,0,0,0,0,0,0,0,0,LAO.11_1,11
Laos,14,Saravane,04/02/2020,0,0,0,0,0,0,0,0,LAO.11_1,11
Laos,14,Saravane,05/02/2020,0,0,0,0,0,0,0,0,LAO.11_1,11
Laos,14,Saravane,06/02/2020,0,0,0,0,0,0,0,0,LAO.11_1,11
Laos,14,Saravane,07/02/2020,0,0,0,0,0,0,0,0,LAO.11_1,11
Laos,14,Saravane,08/02/2020,0,0,0,0,0,0,0,0,LAO.11_1,11
Laos,14,Saravane,09/02/2020,0,0,0,0,0,0,0,0,LAO.11_1,11
Laos,14,Saravane,10/02/2020,0,0,0,0,0,0,0,0,LAO.11_1,11
Laos,14,Saravane,11/02/2020,0,0,0,0,0,0,0,0,LAO.11_1,11
Laos,14,Saravane,12/02/2020,0,0,0,0,0,0,0,0,LAO.11_1,11
Laos,14,Saravane,13/02/2020,0,0,0,0,0,0,0,0,LAO.11_1,11
Laos,14,Saravane,14/02/2020,0,0,0,0,0,0,0,0,LAO.11_1,11
Laos,14,Saravane,15/02/2020,0,0,0,0,0,0,0,0,LAO.11_1,11
Laos,14,Saravane,16/02/2020,0,0,0,0,0,0,0,0,LAO.11_1,11
Laos,14,Saravane,17/02/2020,0,0,0,0,0,0,0,0,LAO.11_1,11
Laos,14,Saravane,18/02/2020,0,0,0,0,0,0,0,0,LAO.11_1,11
Laos,14,Saravane,19/02/2020,0,0,0,0,0,0,0,0,LAO.11_1,11
Laos,14,Saravane,20/02/2020,0,0,0,0,0,0,0,0,LAO.11_1,11
Laos,14,Saravane,21/02/2020,0,0,0,0,0,0,0,0,LAO.11_1,11
Laos,14,Saravane,22/02/2020,0,0,0,0,0,0,0,0,LAO.11_1,11
Laos,14,Saravane,23/02/2020,0,0,0,0,0,0,0,0,LAO.11_1,11
Laos,14,Saravane,24/02/2020,0,0,0,0,0,0,0,0,LAO.11_1,11
Laos,14,Saravane,25/02/2020,0,0,0,0,0,0,0,0,LAO.11_1,11
Laos,14,Saravane,26/02/2020,0,0,0,0,0,0,0,0,LAO.11_1,11
Laos,14,Saravane,27/02/2020,0,0,0,0,0,0,0,0,LAO.11_1,11
Laos,14,Saravane,28/02/2020,0,0,0,0,0,0,0,0,LAO.11_1,11
Laos,14,Saravane,29/02/2020,0,0,0,0,0,0,0,0,LAO.11_1,11
Laos,14,Saravane,01/03/2020,0,0,0,0,0,0,0,0,LAO.11_1,11
Laos,14,Saravane,02/03/2020,0,0,0,0,0,0,0,0,LAO.11_1,11
Laos,14,Saravane,03/03/2020,0,0,0,0,0,0,0,0,LAO.11_1,11
Laos,14,Saravane,04/03/2020,0,0,0,0,0,0,0,0,LAO.11_1,11
Laos,14,Saravane,05/03/2020,0,0,0,0,0,0,0,0,LAO.11_1,11
Laos,14,Saravane,06/03/2020,0,0,0,0,0,0,0,0,LAO.11_1,11
Laos,14,Saravane,07/03/2020,0,0,0,0,0,0,0,0,LAO.11_1,11
Laos,14,Saravane,08/03/2020,0,0,0,0,0,0,0,0,LAO.11_1,11
Laos,14,Saravane,09/03/2020,0,0,0,0,0,0,0,0,LAO.11_1,11
Laos,14,Saravane,10/03/2020,0,0,0,0,0,0,0,0,LAO.11_1,11
Laos,14,Saravane,11/03/2020,0,0,0,0,0,0,0,0,LAO.11_1,11
Laos,14,Saravane,12/03/2020,0,0,0,0,0,0,0,0,LAO.11_1,11
Laos,14,Saravane,13/03/2020,0,0,0,0,0,0,0,0,LAO.11_1,11
Laos,14,Saravane,14/03/2020,0,0,0,0,0,0,0,0,LAO.11_1,11
Laos,14,Saravane,15/03/2020,0,0,0,0,0,0,0,0,LAO.11_1,11
Laos,14,Saravane,16/03/2020,0,0,0,0,0,0,0,0,LAO.11_1,11
Laos,14,Saravane,17/03/2020,0,0,0,0,0,0,0,0,LAO.11_1,11
Laos,14,Saravane,18/03/2020,0,0,0,0,0,0,0,0,LAO.11_1,11
Laos,14,Saravane,19/03/2020,0,0,0,0,0,0,0,0,LAO.11_1,11
Laos,14,Saravane,20/03/2020,0,0,0,0,0,0,0,0,LAO.11_1,11
Laos,14,Saravane,21/03/2020,0,0,0,0,0,0,0,0,LAO.11_1,11
Laos,14,Saravane,22/03/2020,0,0,0,0,0,0,0,0,LAO.11_1,11
Laos,14,Saravane,23/03/2020,0,0,0,0,0,0,0,0,LAO.11_1,11
Laos,14,Saravane,24/03/2020,0,0,0,0,0,0,0,0,LAO.11_1,11
Laos,14,Saravane,25/03/2020,0,0,0,0,0,0,0,0,LAO.11_1,11
Laos,14,Saravane,26/03/2020,0,0,0,0,0,0,0,0,LAO.11_1,11
Laos,14,Saravane,27/03/2020,0,0,0,0,0,0,0,0,LAO.11_1,11
Laos,14,Saravane,28/03/2020,0,0,0,0,0,0,0,0,LAO.11_1,11
Laos,14,Saravane,29/03/2020,0,0,0,0,0,0,0,0,LAO.11_1,11
Laos,14,Saravane,30/03/2020,0,0,0,0,0,0,0,0,LAO.11_1,11
Laos,14,Saravane,31/03/2020,0,0,0,0,0,0,0,0,LAO.11_1,11
Laos,14,Saravane,01/04/2020,0,0,0,0,0,0,0,0,LAO.11_1,11
Laos,14,Saravane,02/04/2020,0,0,0,0,0,0,0,0,LAO.11_1,11
Laos,14,Saravane,03/04/2020,0,0,0,0,0,0,0,0,LAO.11_1,11
Laos,14,Saravane,04/04/2020,0,0,0,0,0,0,0,0,LAO.11_1,11
Laos,14,Saravane,05/04/2020,0,0,0,0,0,0,0,0,LAO.11_1,11
Laos,14,Saravane,06/04/2020,0,0,0,0,0,0,0,0,LAO.11_1,11
Laos,14,Saravane,07/04/2020,0,0,0,0,0,0,0,0,LAO.11_1,11
Laos,14,Saravane,08/04/2020,0,0,0,0,0,0,0,0,LAO.11_1,11
Laos,14,Saravane,09/04/2020,0,0,0,0,0,0,0,0,LAO.11_1,11
Laos,14,Saravane,10/04/2020,0,0,0,0,0,0,0,0,LAO.11_1,11
Laos,14,Saravane,11/04/2020,0,0,0,0,0,0,0,0,LAO.11_1,11
Laos,14,Saravane,12/04/2020,0,0,0,0,0,0,0,0,LAO.11_1,11
Laos,13,Savannakhet,27/01/2020,0,0,0,0,0,0,0,0,LAO.12_1,12
Laos,13,Savannakhet,28/01/2020,0,0,0,0,0,0,0,0,LAO.12_1,12
Laos,13,Savannakhet,29/01/2020,0,0,0,0,0,0,0,0,LAO.12_1,12
Laos,13,Savannakhet,30/01/2020,0,0,0,0,0,0,0,0,LAO.12_1,12
Laos,13,Savannakhet,31/01/2020,0,0,0,0,0,0,0,0,LAO.12_1,12
Laos,13,Savannakhet,01/02/2020,0,0,0,0,0,0,0,0,LAO.12_1,12
Laos,13,Savannakhet,02/02/2020,0,0,0,0,0,0,0,0,LAO.12_1,12
Laos,13,Savannakhet,03/02/2020,0,0,0,0,0,0,0,0,LAO.12_1,12
Laos,13,Savannakhet,04/02/2020,0,0,0,0,0,0,0,0,LAO.12_1,12
Laos,13,Savannakhet,05/02/2020,0,0,0,0,0,0,0,0,LAO.12_1,12
Laos,13,Savannakhet,06/02/2020,0,0,0,0,0,0,0,0,LAO.12_1,12
Laos,13,Savannakhet,07/02/2020,0,0,0,0,0,0,0,0,LAO.12_1,12
Laos,13,Savannakhet,08/02/2020,0,0,0,0,0,0,0,0,LAO.12_1,12
Laos,13,Savannakhet,09/02/2020,0,0,0,0,0,0,0,0,LAO.12_1,12
Laos,13,Savannakhet,10/02/2020,0,0,0,0,0,0,0,0,LAO.12_1,12
Laos,13,Savannakhet,11/02/2020,0,0,0,0,0,0,0,0,LAO.12_1,12
Laos,13,Savannakhet,12/02/2020,0,0,0,0,0,0,0,0,LAO.12_1,12
Laos,13,Savannakhet,13/02/2020,0,0,0,0,0,0,0,0,LAO.12_1,12
Laos,13,Savannakhet,14/02/2020,0,0,0,0,0,0,0,0,LAO.12_1,12
Laos,13,Savannakhet,15/02/2020,0,0,0,0,0,0,0,0,LAO.12_1,12
Laos,13,Savannakhet,16/02/2020,0,0,0,0,0,0,0,0,LAO.12_1,12
Laos,13,Savannakhet,17/02/2020,0,0,0,0,0,0,0,0,LAO.12_1,12
Laos,13,Savannakhet,18/02/2020,0,0,0,0,0,0,0,0,LAO.12_1,12
Laos,13,Savannakhet,19/02/2020,0,0,0,0,0,0,0,0,LAO.12_1,12
Laos,13,Savannakhet,20/02/2020,0,0,0,0,0,0,0,0,LAO.12_1,12
Laos,13,Savannakhet,21/02/2020,0,0,0,0,0,0,0,0,LAO.12_1,12
Laos,13,Savannakhet,22/02/2020,0,0,0,0,0,0,0,0,LAO.12_1,12
Laos,13,Savannakhet,23/02/2020,0,0,0,0,0,0,0,0,LAO.12_1,12
Laos,13,Savannakhet,24/02/2020,0,0,0,0,0,0,0,0,LAO.12_1,12
Laos,13,Savannakhet,25/02/2020,0,0,0,0,0,0,0,0,LAO.12_1,12
Laos,13,Savannakhet,26/02/2020,0,0,0,0,0,0,0,0,LAO.12_1,12
Laos,13,Savannakhet,27/02/2020,0,0,0,0,0,0,0,0,LAO.12_1,12
Laos,13,Savannakhet,28/02/2020,0,0,0,0,0,0,0,0,LAO.12_1,12
Laos,13,Savannakhet,29/02/2020,0,0,0,0,0,0,0,0,LAO.12_1,12
Laos,13,Savannakhet,01/03/2020,0,0,0,0,0,0,0,0,LAO.12_1,12
Laos,13,Savannakhet,02/03/2020,0,0,0,0,0,0,0,0,LAO.12_1,12
Laos,13,Savannakhet,03/03/2020,0,0,0,0,0,0,0,0,LAO.12_1,12
Laos,13,Savannakhet,04/03/2020,0,0,0,0,0,0,0,0,LAO.12_1,12
Laos,13,Savannakhet,05/03/2020,0,0,0,0,0,0,0,0,LAO.12_1,12
Laos,13,Savannakhet,06/03/2020,0,0,0,0,0,0,0,0,LAO.12_1,12
Laos,13,Savannakhet,07/03/2020,0,0,0,0,0,0,0,0,LAO.12_1,12
Laos,13,Savannakhet,08/03/2020,0,0,0,0,0,0,0,0,LAO.12_1,12
Laos,13,Savannakhet,09/03/2020,0,0,0,0,0,0,0,0,LAO.12_1,12
Laos,13,Savannakhet,10/03/2020,0,0,0,0,0,0,0,0,LAO.12_1,12
Laos,13,Savannakhet,11/03/2020,0,0,0,0,0,0,0,0,LAO.12_1,12
Laos,13,Savannakhet,12/03/2020,0,0,0,0,0,0,0,0,LAO.12_1,12
Laos,13,Savannakhet,13/03/2020,0,0,0,0,0,0,0,0,LAO.12_1,12
Laos,13,Savannakhet,14/03/2020,0,0,0,0,0,0,0,0,LAO.12_1,12
Laos,13,Savannakhet,15/03/2020,0,0,0,0,0,0,0,0,LAO.12_1,12
Laos,13,Savannakhet,16/03/2020,0,0,0,0,0,0,0,0,LAO.12_1,12
Laos,13,Savannakhet,17/03/2020,0,0,0,0,0,0,0,0,LAO.12_1,12
Laos,13,Savannakhet,18/03/2020,0,0,0,0,0,0,0,0,LAO.12_1,12
Laos,13,Savannakhet,19/03/2020,0,0,0,0,0,0,0,0,LAO.12_1,12
Laos,13,Savannakhet,20/03/2020,0,0,0,0,0,0,0,0,LAO.12_1,12
Laos,13,Savannakhet,21/03/2020,0,0,0,0,0,0,0,0,LAO.12_1,12
Laos,13,Savannakhet,22/03/2020,0,0,0,0,0,0,0,0,LAO.12_1,12
Laos,13,Savannakhet,23/03/2020,0,0,0,0,0,0,0,0,LAO.12_1,12
Laos,13,Savannakhet,24/03/2020,0,0,0,0,0,0,0,0,LAO.12_1,12
Laos,13,Savannakhet,25/03/2020,0,0,0,0,0,0,0,0,LAO.12_1,12
Laos,13,Savannakhet,26/03/2020,0,0,0,0,0,0,0,0,LAO.12_1,12
Laos,13,Savannakhet,27/03/2020,0,0,0,0,0,0,0,0,LAO.12_1,12
Laos,13,Savannakhet,28/03/2020,0,0,0,0,0,0,0,0,LAO.12_1,12
Laos,13,Savannakhet,29/03/2020,0,0,0,0,0,0,0,0,LAO.12_1,12
Laos,13,Savannakhet,30/03/2020,0,0,0,0,0,0,0,0,LAO.12_1,12
Laos,13,Savannakhet,31/03/2020,0,0,0,0,0,0,0,0,LAO.12_1,12
Laos,13,Savannakhet,01/04/2020,0,0,0,0,0,0,0,0,LAO.12_1,12
Laos,13,Savannakhet,02/04/2020,0,0,0,0,0,0,0,0,LAO.12_1,12
Laos,13,Savannakhet,03/04/2020,0,0,0,0,0,0,0,0,LAO.12_1,12
Laos,13,Savannakhet,04/04/2020,0,0,0,0,0,0,0,0,LAO.12_1,12
Laos,13,Savannakhet,05/04/2020,0,0,0,0,0,0,0,0,LAO.12_1,12
Laos,13,Savannakhet,06/04/2020,0,0,0,0,0,0,0,0,LAO.12_1,12
Laos,13,Savannakhet,07/04/2020,0,0,0,0,0,0,0,0,LAO.12_1,12
Laos,13,Savannakhet,08/04/2020,0,0,0,0,0,0,0,0,LAO.12_1,12
Laos,13,Savannakhet,09/04/2020,0,0,0,0,0,0,0,0,LAO.12_1,12
Laos,13,Savannakhet,10/04/2020,0,0,0,0,0,0,0,0,LAO.12_1,12
Laos,13,Savannakhet,11/04/2020,0,0,0,0,0,0,0,0,LAO.12_1,12
Laos,13,Savannakhet,12/04/2020,0,0,0,0,0,0,0,0,LAO.12_1,12
Laos,10,Vientiane,27/01/2020,0,0,0,0,0,0,0,0,LAO.13_1,14
Laos,10,Vientiane,28/01/2020,0,0,0,0,0,0,0,0,LAO.13_1,14
Laos,10,Vientiane,29/01/2020,0,0,0,0,0,0,0,0,LAO.13_1,14
Laos,10,Vientiane,30/01/2020,0,0,0,0,0,0,0,0,LAO.13_1,14
Laos,10,Vientiane,31/01/2020,0,0,0,0,0,0,0,0,LAO.13_1,14
Laos,10,Vientiane,01/02/2020,0,0,0,0,0,0,0,0,LAO.13_1,14
Laos,10,Vientiane,02/02/2020,0,0,0,0,0,0,0,0,LAO.13_1,14
Laos,10,Vientiane,03/02/2020,0,0,0,0,0,0,0,0,LAO.13_1,14
Laos,10,Vientiane,04/02/2020,0,0,0,0,0,0,0,0,LAO.13_1,14
Laos,10,Vientiane,05/02/2020,0,0,0,0,0,0,0,0,LAO.13_1,14
Laos,10,Vientiane,06/02/2020,0,0,0,0,0,0,0,0,LAO.13_1,14
Laos,10,Vientiane,07/02/2020,0,0,0,0,0,0,0,0,LAO.13_1,14
Laos,10,Vientiane,08/02/2020,0,0,0,0,0,0,0,0,LAO.13_1,14
Laos,10,Vientiane,09/02/2020,0,0,0,0,0,0,0,0,LAO.13_1,14
Laos,10,Vientiane,10/02/2020,0,0,0,0,0,0,0,0,LAO.13_1,14
Laos,10,Vientiane,11/02/2020,0,0,0,0,0,0,0,0,LAO.13_1,14
Laos,10,Vientiane,12/02/2020,0,0,0,0,0,0,0,0,LAO.13_1,14
Laos,10,Vientiane,13/02/2020,0,0,0,0,0,0,0,0,LAO.13_1,14
Laos,10,Vientiane,14/02/2020,0,0,0,0,0,0,0,0,LAO.13_1,14
Laos,10,Vientiane,15/02/2020,0,0,0,0,0,0,0,0,LAO.13_1,14
Laos,10,Vientiane,16/02/2020,0,0,0,0,0,0,0,0,LAO.13_1,14
Laos,10,Vientiane,17/02/2020,0,0,0,0,0,0,0,0,LAO.13_1,14
Laos,10,Vientiane,18/02/2020,0,0,0,0,0,0,0,0,LAO.13_1,14
Laos,10,Vientiane,19/02/2020,0,0,0,0,0,0,0,0,LAO.13_1,14
Laos,10,Vientiane,20/02/2020,0,0,0,0,0,0,0,0,LAO.13_1,14
Laos,10,Vientiane,21/02/2020,0,0,0,0,0,0,0,0,LAO.13_1,14
Laos,10,Vientiane,22/02/2020,0,0,0,0,0,0,0,0,LAO.13_1,14
Laos,10,Vientiane,23/02/2020,0,0,0,0,0,0,0,0,LAO.13_1,14
Laos,10,Vientiane,24/02/2020,0,0,0,0,0,0,0,0,LAO.13_1,14
Laos,10,Vientiane,25/02/2020,0,0,0,0,0,0,0,0,LAO.13_1,14
Laos,10,Vientiane,26/02/2020,0,0,0,0,0,0,0,0,LAO.13_1,14
Laos,10,Vientiane,27/02/2020,0,0,0,0,0,0,0,0,LAO.13_1,14
Laos,10,Vientiane,28/02/2020,0,0,0,0,0,0,0,0,LAO.13_1,14
Laos,10,Vientiane,29/02/2020,0,0,0,0,0,0,0,0,LAO.13_1,14
Laos,10,Vientiane,01/03/2020,0,0,0,0,0,0,0,0,LAO.13_1,14
Laos,10,Vientiane,02/03/2020,0,0,0,0,0,0,0,0,LAO.13_1,14
Laos,10,Vientiane,03/03/2020,0,0,0,0,0,0,0,0,LAO.13_1,14
Laos,10,Vientiane,04/03/2020,0,0,0,0,0,0,0,0,LAO.13_1,14
Laos,10,Vientiane,05/03/2020,0,0,0,0,0,0,0,0,LAO.13_1,14
Laos,10,Vientiane,06/03/2020,0,0,0,0,0,0,0,0,LAO.13_1,14
Laos,10,Vientiane,07/03/2020,0,0,0,0,0,0,0,0,LAO.13_1,14
Laos,10,Vientiane,08/03/2020,0,0,0,0,0,0,0,0,LAO.13_1,14
Laos,10,Vientiane,09/03/2020,0,0,0,0,0,0,0,0,LAO.13_1,14
Laos,10,Vientiane,10/03/2020,0,0,0,0,0,0,0,0,LAO.13_1,14
Laos,10,Vientiane,11/03/2020,0,0,0,0,0,0,0,0,LAO.13_1,14
Laos,10,Vientiane,12/03/2020,0,0,0,0,0,0,0,0,LAO.13_1,14
Laos,10,Vientiane,13/03/2020,0,0,0,0,0,0,0,0,LAO.13_1,14
Laos,10,Vientiane,14/03/2020,0,0,0,0,0,0,0,0,LAO.13_1,14
Laos,10,Vientiane,15/03/2020,0,0,0,0,0,0,0,0,LAO.13_1,14
Laos,10,Vientiane,16/03/2020,0,0,0,0,0,0,0,0,LAO.13_1,14
Laos,10,Vientiane,17/03/2020,0,0,0,0,0,0,0,0,LAO.13_1,14
Laos,10,Vientiane,18/03/2020,0,0,0,0,0,0,0,0,LAO.13_1,14
Laos,10,Vientiane,19/03/2020,0,0,0,0,0,0,0,0,LAO.13_1,14
Laos,10,Vientiane,20/03/2020,0,0,0,0,0,0,0,0,LAO.13_1,14
Laos,10,Vientiane,21/03/2020,0,0,0,0,0,0,0,0,LAO.13_1,14
Laos,10,Vientiane,22/03/2020,0,0,0,0,0,0,0,0,LAO.13_1,14
Laos,10,Vientiane,23/03/2020,0,0,0,0,0,0,0,0,LAO.13_1,14
Laos,10,Vientiane,24/03/2020,0,0,0,0,0,0,0,0,LAO.13_1,14
Laos,10,Vientiane,25/03/2020,0,0,0,0,0,0,0,0,LAO.13_1,14
Laos,10,Vientiane,26/03/2020,0,0,0,0,0,0,0,0,LAO.13_1,14
Laos,10,Vientiane,27/03/2020,0,0,0,0,0,0,0,0,LAO.13_1,14
Laos,10,Vientiane,28/03/2020,0,0,0,0,0,0,0,0,LAO.13_1,14
Laos,10,Vientiane,29/03/2020,0,0,0,0,0,0,0,0,LAO.13_1,14
Laos,10,Vientiane,30/03/2020,0,0,0,0,0,0,0,0,LAO.13_1,14
Laos,10,Vientiane,31/03/2020,0,0,0,0,0,0,0,0,LAO.13_1,14
Laos,10,Vientiane,01/04/2020,0,0,0,0,0,0,0,0,LAO.13_1,14
Laos,10,Vientiane,02/04/2020,0,0,0,0,0,0,0,0,LAO.13_1,14
Laos,10,Vientiane,03/04/2020,0,0,0,0,0,0,0,0,LAO.13_1,14
Laos,10,Vientiane,04/04/2020,0,0,0,0,0,0,0,0,LAO.13_1,14
Laos,10,Vientiane,05/04/2020,0,0,0,0,0,0,0,0,LAO.13_1,14
Laos,10,Vientiane,06/04/2020,0,0,0,0,0,0,0,0,LAO.13_1,14
Laos,10,Vientiane,07/04/2020,0,0,0,0,0,0,0,0,LAO.13_1,14
Laos,10,Vientiane,08/04/2020,0,0,0,0,0,0,0,0,LAO.13_1,14
Laos,10,Vientiane,09/04/2020,0,0,0,0,0,0,0,0,LAO.13_1,14
Laos,10,Vientiane,10/04/2020,0,0,0,0,0,0,0,0,LAO.13_1,14
Laos,10,Vientiane,11/04/2020,0,0,0,0,0,0,0,0,LAO.13_1,14
Laos,10,Vientiane,12/04/2020,0,0,0,0,0,0,0,0,LAO.13_1,14
Laos,1,Vientiane Capital,27/01/2020,0,0,0,0,0,0,0,0,LAO.14_1,13
Laos,1,Vientiane Capital,28/01/2020,0,0,0,0,0,0,0,0,LAO.14_1,13
Laos,1,Vientiane Capital,29/01/2020,0,0,0,0,0,0,0,0,LAO.14_1,13
Laos,1,Vientiane Capital,30/01/2020,0,0,0,0,0,0,0,0,LAO.14_1,13
Laos,1,Vientiane Capital,31/01/2020,0,0,0,0,0,0,0,0,LAO.14_1,13
Laos,1,Vientiane Capital,01/02/2020,0,0,0,0,0,0,0,0,LAO.14_1,13
Laos,1,Vientiane Capital,02/02/2020,0,0,0,0,0,0,0,0,LAO.14_1,13
Laos,1,Vientiane Capital,03/02/2020,0,0,0,0,0,0,0,0,LAO.14_1,13
Laos,1,Vientiane Capital,04/02/2020,0,0,0,0,0,0,0,0,LAO.14_1,13
Laos,1,Vientiane Capital,05/02/2020,0,0,0,0,0,0,0,0,LAO.14_1,13
Laos,1,Vientiane Capital,06/02/2020,0,0,0,0,0,0,0,0,LAO.14_1,13
Laos,1,Vientiane Capital,07/02/2020,0,0,0,0,0,0,0,0,LAO.14_1,13
Laos,1,Vientiane Capital,08/02/2020,0,0,0,0,0,0,0,0,LAO.14_1,13
Laos,1,Vientiane Capital,09/02/2020,0,0,0,0,0,0,0,0,LAO.14_1,13
Laos,1,Vientiane Capital,10/02/2020,0,0,0,0,0,0,0,0,LAO.14_1,13
Laos,1,Vientiane Capital,11/02/2020,0,0,0,0,0,0,0,0,LAO.14_1,13
Laos,1,Vientiane Capital,12/02/2020,0,0,0,0,0,0,0,0,LAO.14_1,13
Laos,1,Vientiane Capital,13/02/2020,0,0,0,0,0,0,0,0,LAO.14_1,13
Laos,1,Vientiane Capital,14/02/2020,0,0,0,0,0,0,0,0,LAO.14_1,13
Laos,1,Vientiane Capital,15/02/2020,0,0,0,0,0,0,0,0,LAO.14_1,13
Laos,1,Vientiane Capital,16/02/2020,0,0,0,0,0,0,0,0,LAO.14_1,13
Laos,1,Vientiane Capital,17/02/2020,0,0,0,0,0,0,0,0,LAO.14_1,13
Laos,1,Vientiane Capital,18/02/2020,0,0,0,0,0,0,0,0,LAO.14_1,13
Laos,1,Vientiane Capital,19/02/2020,0,0,0,0,0,0,0,0,LAO.14_1,13
Laos,1,Vientiane Capital,20/02/2020,0,0,0,0,0,0,0,0,LAO.14_1,13
Laos,1,Vientiane Capital,21/02/2020,0,0,0,0,0,0,0,0,LAO.14_1,13
Laos,1,Vientiane Capital,22/02/2020,0,0,0,0,0,0,0,0,LAO.14_1,13
Laos,1,Vientiane Capital,23/02/2020,0,0,0,0,0,0,0,0,LAO.14_1,13
Laos,1,Vientiane Capital,24/02/2020,0,0,0,0,0,0,0,0,LAO.14_1,13
Laos,1,Vientiane Capital,25/02/2020,0,0,0,0,0,0,0,0,LAO.14_1,13
Laos,1,Vientiane Capital,26/02/2020,0,0,0,0,0,0,0,0,LAO.14_1,13
Laos,1,Vientiane Capital,27/02/2020,0,0,0,0,0,0,0,0,LAO.14_1,13
Laos,1,Vientiane Capital,28/02/2020,0,0,0,0,0,0,0,0,LAO.14_1,13
Laos,1,Vientiane Capital,29/02/2020,0,0,0,0,0,0,0,0,LAO.14_1,13
Laos,1,Vientiane Capital,01/03/2020,0,0,0,0,0,0,0,0,LAO.14_1,13
Laos,1,Vientiane Capital,02/03/2020,0,0,0,0,0,0,0,0,LAO.14_1,13
Laos,1,Vientiane Capital,03/03/2020,0,0,0,0,0,0,0,0,LAO.14_1,13
Laos,1,Vientiane Capital,04/03/2020,0,0,0,0,0,0,0,0,LAO.14_1,13
Laos,1,Vientiane Capital,05/03/2020,0,0,0,0,0,0,0,0,LAO.14_1,13
Laos,1,Vientiane Capital,06/03/2020,0,0,0,0,0,0,0,0,LAO.14_1,13
Laos,1,Vientiane Capital,07/03/2020,0,0,0,0,0,0,0,0,LAO.14_1,13
Laos,1,Vientiane Capital,08/03/2020,0,0,0,0,0,0,0,0,LAO.14_1,13
Laos,1,Vientiane Capital,09/03/2020,0,0,0,0,0,0,0,0,LAO.14_1,13
Laos,1,Vientiane Capital,10/03/2020,0,0,0,0,0,0,0,0,LAO.14_1,13
Laos,1,Vientiane Capital,11/03/2020,0,0,0,0,0,0,0,0,LAO.14_1,13
Laos,1,Vientiane Capital,12/03/2020,0,0,0,0,0,0,0,0,LAO.14_1,13
Laos,1,Vientiane Capital,13/03/2020,0,0,0,0,0,0,0,0,LAO.14_1,13
Laos,1,Vientiane Capital,14/03/2020,0,0,0,0,0,0,0,0,LAO.14_1,13
Laos,1,Vientiane Capital,15/03/2020,0,0,0,0,0,0,0,0,LAO.14_1,13
Laos,1,Vientiane Capital,16/03/2020,0,0,0,0,0,0,0,0,LAO.14_1,13
Laos,1,Vientiane Capital,17/03/2020,0,0,0,0,0,0,0,0,LAO.14_1,13
Laos,1,Vientiane Capital,18/03/2020,0,0,0,0,0,0,0,0,LAO.14_1,13
Laos,1,Vientiane Capital,19/03/2020,0,0,0,0,0,0,0,0,LAO.14_1,13
Laos,1,Vientiane Capital,20/03/2020,0,0,0,0,0,0,0,0,LAO.14_1,13
Laos,1,Vientiane Capital,21/03/2020,0,0,0,0,0,0,0,0,LAO.14_1,13
Laos,1,Vientiane Capital,22/03/2020,0,0,0,0,0,0,0,0,LAO.14_1,13
Laos,1,Vientiane Capital,23/03/2020,0,0,0,0,0,0,0,0,LAO.14_1,13
Laos,1,Vientiane Capital,24/03/2020,2,2,0,0,0,0,0,0,LAO.14_1,13
Laos,1,Vientiane Capital,25/03/2020,2,4,0,0,0,0,0,0,LAO.14_1,13
Laos,1,Vientiane Capital,26/03/2020,1,5,0,0,0,0,0,0,LAO.14_1,13
Laos,1,Vientiane Capital,27/03/2020,0,5,0,0,0,0,0,0,LAO.14_1,13
Laos,1,Vientiane Capital,28/03/2020,1,6,0,0,0,0,0,0,LAO.14_1,13
Laos,1,Vientiane Capital,29/03/2020,1,7,0,0,0,0,0,0,LAO.14_1,13
Laos,1,Vientiane Capital,30/03/2020,0,7,0,0,0,0,0,0,LAO.14_1,13
Laos,1,Vientiane Capital,31/03/2020,0,7,0,0,0,0,0,0,LAO.14_1,13
Laos,1,Vientiane Capital,01/04/2020,0,7,0,0,0,0,0,0,LAO.14_1,13
Laos,1,Vientiane Capital,02/04/2020,0,7,0,0,0,0,0,0,LAO.14_1,13
Laos,1,Vientiane Capital,03/04/2020,0,7,0,0,0,0,0,0,LAO.14_1,13
Laos,1,Vientiane Capital,04/04/2020,0,7,0,0,0,0,0,0,LAO.14_1,13
Laos,1,Vientiane Capital,05/04/2020,1,8,0,0,0,0,0,0,LAO.14_1,13
Laos,1,Vientiane Capital,06/04/2020,1,9,0,0,0,0,0,0,LAO.14_1,13
Laos,1,Vientiane Capital,07/04/2020,2,11,0,0,0,0,0,0,LAO.14_1,13
Laos,1,Vientiane Capital,08/04/2020,1,12,0,0,0,0,0,0,LAO.14_1,13
Laos,1,Vientiane Capital,09/04/2020,0,12,0,0,0,0,0,0,LAO.14_1,13
Laos,1,Vientiane Capital,10/04/2020,1,13,0,0,0,0,0,0,LAO.14_1,13
Laos,1,Vientiane Capital,11/04/2020,2,15,0,0,0,0,0,0,LAO.14_1,13
Laos,1,Vientiane Capital,12/04/2020,1,16,0,0,0,0,0,0,LAO.14_1,13
Laos,8,Xayaboury,27/01/2020,0,0,0,0,0,0,0,0,LAO.15_1,15
Laos,8,Xayaboury,28/01/2020,0,0,0,0,0,0,0,0,LAO.15_1,15
Laos,8,Xayaboury,29/01/2020,0,0,0,0,0,0,0,0,LAO.15_1,15
Laos,8,Xayaboury,30/01/2020,0,0,0,0,0,0,0,0,LAO.15_1,15
Laos,8,Xayaboury,31/01/2020,0,0,0,0,0,0,0,0,LAO.15_1,15
Laos,8,Xayaboury,01/02/2020,0,0,0,0,0,0,0,0,LAO.15_1,15
Laos,8,Xayaboury,02/02/2020,0,0,0,0,0,0,0,0,LAO.15_1,15
Laos,8,Xayaboury,03/02/2020,0,0,0,0,0,0,0,0,LAO.15_1,15
Laos,8,Xayaboury,04/02/2020,0,0,0,0,0,0,0,0,LAO.15_1,15
Laos,8,Xayaboury,05/02/2020,0,0,0,0,0,0,0,0,LAO.15_1,15
Laos,8,Xayaboury,06/02/2020,0,0,0,0,0,0,0,0,LAO.15_1,15
Laos,8,Xayaboury,07/02/2020,0,0,0,0,0,0,0,0,LAO.15_1,15
Laos,8,Xayaboury,08/02/2020,0,0,0,0,0,0,0,0,LAO.15_1,15
Laos,8,Xayaboury,09/02/2020,0,0,0,0,0,0,0,0,LAO.15_1,15
Laos,8,Xayaboury,10/02/2020,0,0,0,0,0,0,0,0,LAO.15_1,15
Laos,8,Xayaboury,11/02/2020,0,0,0,0,0,0,0,0,LAO.15_1,15
Laos,8,Xayaboury,12/02/2020,0,0,0,0,0,0,0,0,LAO.15_1,15
Laos,8,Xayaboury,13/02/2020,0,0,0,0,0,0,0,0,LAO.15_1,15
Laos,8,Xayaboury,14/02/2020,0,0,0,0,0,0,0,0,LAO.15_1,15
Laos,8,Xayaboury,15/02/2020,0,0,0,0,0,0,0,0,LAO.15_1,15
Laos,8,Xayaboury,16/02/2020,0,0,0,0,0,0,0,0,LAO.15_1,15
Laos,8,Xayaboury,17/02/2020,0,0,0,0,0,0,0,0,LAO.15_1,15
Laos,8,Xayaboury,18/02/2020,0,0,0,0,0,0,0,0,LAO.15_1,15
Laos,8,Xayaboury,19/02/2020,0,0,0,0,0,0,0,0,LAO.15_1,15
Laos,8,Xayaboury,20/02/2020,0,0,0,0,0,0,0,0,LAO.15_1,15
Laos,8,Xayaboury,21/02/2020,0,0,0,0,0,0,0,0,LAO.15_1,15
Laos,8,Xayaboury,22/02/2020,0,0,0,0,0,0,0,0,LAO.15_1,15
Laos,8,Xayaboury,23/02/2020,0,0,0,0,0,0,0,0,LAO.15_1,15
Laos,8,Xayaboury,24/02/2020,0,0,0,0,0,0,0,0,LAO.15_1,15
Laos,8,Xayaboury,25/02/2020,0,0,0,0,0,0,0,0,LAO.15_1,15
Laos,8,Xayaboury,26/02/2020,0,0,0,0,0,0,0,0,LAO.15_1,15
Laos,8,Xayaboury,27/02/2020,0,0,0,0,0,0,0,0,LAO.15_1,15
Laos,8,Xayaboury,28/02/2020,0,0,0,0,0,0,0,0,LAO.15_1,15
Laos,8,Xayaboury,29/02/2020,0,0,0,0,0,0,0,0,LAO.15_1,15
Laos,8,Xayaboury,01/03/2020,0,0,0,0,0,0,0,0,LAO.15_1,15
Laos,8,Xayaboury,02/03/2020,0,0,0,0,0,0,0,0,LAO.15_1,15
Laos,8,Xayaboury,03/03/2020,0,0,0,0,0,0,0,0,LAO.15_1,15
Laos,8,Xayaboury,04/03/2020,0,0,0,0,0,0,0,0,LAO.15_1,15
Laos,8,Xayaboury,05/03/2020,0,0,0,0,0,0,0,0,LAO.15_1,15
Laos,8,Xayaboury,06/03/2020,0,0,0,0,0,0,0,0,LAO.15_1,15
Laos,8,Xayaboury,07/03/2020,0,0,0,0,0,0,0,0,LAO.15_1,15
Laos,8,Xayaboury,08/03/2020,0,0,0,0,0,0,0,0,LAO.15_1,15
Laos,8,Xayaboury,09/03/2020,0,0,0,0,0,0,0,0,LAO.15_1,15
Laos,8,Xayaboury,10/03/2020,0,0,0,0,0,0,0,0,LAO.15_1,15
Laos,8,Xayaboury,11/03/2020,0,0,0,0,0,0,0,0,LAO.15_1,15
Laos,8,Xayaboury,12/03/2020,0,0,0,0,0,0,0,0,LAO.15_1,15
Laos,8,Xayaboury,13/03/2020,0,0,0,0,0,0,0,0,LAO.15_1,15
Laos,8,Xayaboury,14/03/2020,0,0,0,0,0,0,0,0,LAO.15_1,15
Laos,8,Xayaboury,15/03/2020,0,0,0,0,0,0,0,0,LAO.15_1,15
Laos,8,Xayaboury,16/03/2020,0,0,0,0,0,0,0,0,LAO.15_1,15
Laos,8,Xayaboury,17/03/2020,0,0,0,0,0,0,0,0,LAO.15_1,15
Laos,8,Xayaboury,18/03/2020,0,0,0,0,0,0,0,0,LAO.15_1,15
Laos,8,Xayaboury,19/03/2020,0,0,0,0,0,0,0,0,LAO.15_1,15
Laos,8,Xayaboury,20/03/2020,0,0,0,0,0,0,0,0,LAO.15_1,15
Laos,8,Xayaboury,21/03/2020,0,0,0,0,0,0,0,0,LAO.15_1,15
Laos,8,Xayaboury,22/03/2020,0,0,0,0,0,0,0,0,LAO.15_1,15
Laos,8,Xayaboury,23/03/2020,0,0,0,0,0,0,0,0,LAO.15_1,15
Laos,8,Xayaboury,24/03/2020,0,0,0,0,0,0,0,0,LAO.15_1,15
Laos,8,Xayaboury,25/03/2020,0,0,0,0,0,0,0,0,LAO.15_1,15
Laos,8,Xayaboury,26/03/2020,0,0,0,0,0,0,0,0,LAO.15_1,15
Laos,8,Xayaboury,27/03/2020,0,0,0,0,0,0,0,0,LAO.15_1,15
Laos,8,Xayaboury,28/03/2020,0,0,0,0,0,0,0,0,LAO.15_1,15
Laos,8,Xayaboury,29/03/2020,0,0,0,0,0,0,0,0,LAO.15_1,15
Laos,8,Xayaboury,30/03/2020,0,0,0,0,0,0,0,0,LAO.15_1,15
Laos,8,Xayaboury,31/03/2020,0,0,0,0,0,0,0,0,LAO.15_1,15
Laos,8,Xayaboury,01/04/2020,0,0,0,0,0,0,0,0,LAO.15_1,15
Laos,8,Xayaboury,02/04/2020,0,0,0,0,0,0,0,0,LAO.15_1,15
Laos,8,Xayaboury,03/04/2020,0,0,0,0,0,0,0,0,LAO.15_1,15
Laos,8,Xayaboury,04/04/2020,0,0,0,0,0,0,0,0,LAO.15_1,15
Laos,8,Xayaboury,05/04/2020,0,0,0,0,0,0,0,0,LAO.15_1,15
Laos,8,Xayaboury,06/04/2020,0,0,0,0,0,0,0,0,LAO.15_1,15
Laos,8,Xayaboury,07/04/2020,0,0,0,0,0,0,0,0,LAO.15_1,15
Laos,8,Xayaboury,08/04/2020,0,0,0,0,0,0,0,0,LAO.15_1,15
Laos,8,Xayaboury,09/04/2020,0,0,0,0,0,0,0,0,LAO.15_1,15
Laos,8,Xayaboury,10/04/2020,0,0,0,0,0,0,0,0,LAO.15_1,15
Laos,8,Xayaboury,11/04/2020,0,0,0,0,0,0,0,0,LAO.15_1,15
Laos,8,Xayaboury,12/04/2020,0,0,0,0,0,0,0,0,LAO.15_1,15
Laos,18,Xaysomboon,27/01/2020,0,0,0,0,0,0,0,0,LAO.16_1,16
Laos,18,Xaysomboon,28/01/2020,0,0,0,0,0,0,0,0,LAO.16_1,16
Laos,18,Xaysomboon,29/01/2020,0,0,0,0,0,0,0,0,LAO.16_1,16
Laos,18,Xaysomboon,30/01/2020,0,0,0,0,0,0,0,0,LAO.16_1,16
Laos,18,Xaysomboon,31/01/2020,0,0,0,0,0,0,0,0,LAO.16_1,16
Laos,18,Xaysomboon,01/02/2020,0,0,0,0,0,0,0,0,LAO.16_1,16
Laos,18,Xaysomboon,02/02/2020,0,0,0,0,0,0,0,0,LAO.16_1,16
Laos,18,Xaysomboon,03/02/2020,0,0,0,0,0,0,0,0,LAO.16_1,16
Laos,18,Xaysomboon,04/02/2020,0,0,0,0,0,0,0,0,LAO.16_1,16
Laos,18,Xaysomboon,05/02/2020,0,0,0,0,0,0,0,0,LAO.16_1,16
Laos,18,Xaysomboon,06/02/2020,0,0,0,0,0,0,0,0,LAO.16_1,16
Laos,18,Xaysomboon,07/02/2020,0,0,0,0,0,0,0,0,LAO.16_1,16
Laos,18,Xaysomboon,08/02/2020,0,0,0,0,0,0,0,0,LAO.16_1,16
Laos,18,Xaysomboon,09/02/2020,0,0,0,0,0,0,0,0,LAO.16_1,16
Laos,18,Xaysomboon,10/02/2020,0,0,0,0,0,0,0,0,LAO.16_1,16
Laos,18,Xaysomboon,11/02/2020,0,0,0,0,0,0,0,0,LAO.16_1,16
Laos,18,Xaysomboon,12/02/2020,0,0,0,0,0,0,0,0,LAO.16_1,16
Laos,18,Xaysomboon,13/02/2020,0,0,0,0,0,0,0,0,LAO.16_1,16
Laos,18,Xaysomboon,14/02/2020,0,0,0,0,0,0,0,0,LAO.16_1,16
Laos,18,Xaysomboon,15/02/2020,0,0,0,0,0,0,0,0,LAO.16_1,16
Laos,18,Xaysomboon,16/02/2020,0,0,0,0,0,0,0,0,LAO.16_1,16
Laos,18,Xaysomboon,17/02/2020,0,0,0,0,0,0,0,0,LAO.16_1,16
Laos,18,Xaysomboon,18/02/2020,0,0,0,0,0,0,0,0,LAO.16_1,16
Laos,18,Xaysomboon,19/02/2020,0,0,0,0,0,0,0,0,LAO.16_1,16
Laos,18,Xaysomboon,20/02/2020,0,0,0,0,0,0,0,0,LAO.16_1,16
Laos,18,Xaysomboon,21/02/2020,0,0,0,0,0,0,0,0,LAO.16_1,16
Laos,18,Xaysomboon,22/02/2020,0,0,0,0,0,0,0,0,LAO.16_1,16
Laos,18,Xaysomboon,23/02/2020,0,0,0,0,0,0,0,0,LAO.16_1,16
Laos,18,Xaysomboon,24/02/2020,0,0,0,0,0,0,0,0,LAO.16_1,16
Laos,18,Xaysomboon,25/02/2020,0,0,0,0,0,0,0,0,LAO.16_1,16
Laos,18,Xaysomboon,26/02/2020,0,0,0,0,0,0,0,0,LAO.16_1,16
Laos,18,Xaysomboon,27/02/2020,0,0,0,0,0,0,0,0,LAO.16_1,16
Laos,18,Xaysomboon,28/02/2020,0,0,0,0,0,0,0,0,LAO.16_1,16
Laos,18,Xaysomboon,29/02/2020,0,0,0,0,0,0,0,0,LAO.16_1,16
Laos,18,Xaysomboon,01/03/2020,0,0,0,0,0,0,0,0,LAO.16_1,16
Laos,18,Xaysomboon,02/03/2020,0,0,0,0,0,0,0,0,LAO.16_1,16
Laos,18,Xaysomboon,03/03/2020,0,0,0,0,0,0,0,0,LAO.16_1,16
Laos,18,Xaysomboon,04/03/2020,0,0,0,0,0,0,0,0,LAO.16_1,16
Laos,18,Xaysomboon,05/03/2020,0,0,0,0,0,0,0,0,LAO.16_1,16
Laos,18,Xaysomboon,06/03/2020,0,0,0,0,0,0,0,0,LAO.16_1,16
Laos,18,Xaysomboon,07/03/2020,0,0,0,0,0,0,0,0,LAO.16_1,16
Laos,18,Xaysomboon,08/03/2020,0,0,0,0,0,0,0,0,LAO.16_1,16
Laos,18,Xaysomboon,09/03/2020,0,0,0,0,0,0,0,0,LAO.16_1,16
Laos,18,Xaysomboon,10/03/2020,0,0,0,0,0,0,0,0,LAO.16_1,16
Laos,18,Xaysomboon,11/03/2020,0,0,0,0,0,0,0,0,LAO.16_1,16
Laos,18,Xaysomboon,12/03/2020,0,0,0,0,0,0,0,0,LAO.16_1,16
Laos,18,Xaysomboon,13/03/2020,0,0,0,0,0,0,0,0,LAO.16_1,16
Laos,18,Xaysomboon,14/03/2020,0,0,0,0,0,0,0,0,LAO.16_1,16
Laos,18,Xaysomboon,15/03/2020,0,0,0,0,0,0,0,0,LAO.16_1,16
Laos,18,Xaysomboon,16/03/2020,0,0,0,0,0,0,0,0,LAO.16_1,16
Laos,18,Xaysomboon,17/03/2020,0,0,0,0,0,0,0,0,LAO.16_1,16
Laos,18,Xaysomboon,18/03/2020,0,0,0,0,0,0,0,0,LAO.16_1,16
Laos,18,Xaysomboon,19/03/2020,0,0,0,0,0,0,0,0,LAO.16_1,16
Laos,18,Xaysomboon,20/03/2020,0,0,0,0,0,0,0,0,LAO.16_1,16
Laos,18,Xaysomboon,21/03/2020,0,0,0,0,0,0,0,0,LAO.16_1,16
Laos,18,Xaysomboon,22/03/2020,0,0,0,0,0,0,0,0,LAO.16_1,16
Laos,18,Xaysomboon,23/03/2020,0,0,0,0,0,0,0,0,LAO.16_1,16
Laos,18,Xaysomboon,24/03/2020,0,0,0,0,0,0,0,0,LAO.16_1,16
Laos,18,Xaysomboon,25/03/2020,0,0,0,0,0,0,0,0,LAO.16_1,16
Laos,18,Xaysomboon,26/03/2020,0,0,0,0,0,0,0,0,LAO.16_1,16
Laos,18,Xaysomboon,27/03/2020,0,0,0,0,0,0,0,0,LAO.16_1,16
Laos,18,Xaysomboon,28/03/2020,0,0,0,0,0,0,0,0,LAO.16_1,16
Laos,18,Xaysomboon,29/03/2020,0,0,0,0,0,0,0,0,LAO.16_1,16
Laos,18,Xaysomboon,30/03/2020,0,0,0,0,0,0,0,0,LAO.16_1,16
Laos,18,Xaysomboon,31/03/2020,0,0,0,0,0,0,0,0,LAO.16_1,16
Laos,18,Xaysomboon,01/04/2020,0,0,0,0,0,0,0,0,LAO.16_1,16
Laos,18,Xaysomboon,02/04/2020,0,0,0,0,0,0,0,0,LAO.16_1,16
Laos,18,Xaysomboon,03/04/2020,0,0,0,0,0,0,0,0,LAO.16_1,16
Laos,18,Xaysomboon,04/04/2020,0,0,0,0,0,0,0,0,LAO.16_1,16
Laos,18,Xaysomboon,05/04/2020,0,0,0,0,0,0,0,0,LAO.16_1,16
Laos,18,Xaysomboon,06/04/2020,0,0,0,0,0,0,0,0,LAO.16_1,16
Laos,18,Xaysomboon,07/04/2020,0,0,0,0,0,0,0,0,LAO.16_1,16
Laos,18,Xaysomboon,08/04/2020,0,0,0,0,0,0,0,0,LAO.16_1,16
Laos,18,Xaysomboon,09/04/2020,0,0,0,0,0,0,0,0,LAO.16_1,16
Laos,18,Xaysomboon,10/04/2020,0,0,0,0,0,0,0,0,LAO.16_1,16
Laos,18,Xaysomboon,11/04/2020,0,0,0,0,0,0,0,0,LAO.16_1,16
Laos,18,Xaysomboon,12/04/2020,0,0,0,0,0,0,0,0,LAO.16_1,16
Laos,15,Sekong,27/01/2020,0,0,0,0,0,0,0,0,LAO.17_1,17
Laos,15,Sekong,28/01/2020,0,0,0,0,0,0,0,0,LAO.17_1,17
Laos,15,Sekong,29/01/2020,0,0,0,0,0,0,0,0,LAO.17_1,17
Laos,15,Sekong,30/01/2020,0,0,0,0,0,0,0,0,LAO.17_1,17
Laos,15,Sekong,31/01/2020,0,0,0,0,0,0,0,0,LAO.17_1,17
Laos,15,Sekong,01/02/2020,0,0,0,0,0,0,0,0,LAO.17_1,17
Laos,15,Sekong,02/02/2020,0,0,0,0,0,0,0,0,LAO.17_1,17
Laos,15,Sekong,03/02/2020,0,0,0,0,0,0,0,0,LAO.17_1,17
Laos,15,Sekong,04/02/2020,0,0,0,0,0,0,0,0,LAO.17_1,17
Laos,15,Sekong,05/02/2020,0,0,0,0,0,0,0,0,LAO.17_1,17
Laos,15,Sekong,06/02/2020,0,0,0,0,0,0,0,0,LAO.17_1,17
Laos,15,Sekong,07/02/2020,0,0,0,0,0,0,0,0,LAO.17_1,17
Laos,15,Sekong,08/02/2020,0,0,0,0,0,0,0,0,LAO.17_1,17
Laos,15,Sekong,09/02/2020,0,0,0,0,0,0,0,0,LAO.17_1,17
Laos,15,Sekong,10/02/2020,0,0,0,0,0,0,0,0,LAO.17_1,17
Laos,15,Sekong,11/02/2020,0,0,0,0,0,0,0,0,LAO.17_1,17
Laos,15,Sekong,12/02/2020,0,0,0,0,0,0,0,0,LAO.17_1,17
Laos,15,Sekong,13/02/2020,0,0,0,0,0,0,0,0,LAO.17_1,17
Laos,15,Sekong,14/02/2020,0,0,0,0,0,0,0,0,LAO.17_1,17
Laos,15,Sekong,15/02/2020,0,0,0,0,0,0,0,0,LAO.17_1,17
Laos,15,Sekong,16/02/2020,0,0,0,0,0,0,0,0,LAO.17_1,17
Laos,15,Sekong,17/02/2020,0,0,0,0,0,0,0,0,LAO.17_1,17
Laos,15,Sekong,18/02/2020,0,0,0,0,0,0,0,0,LAO.17_1,17
Laos,15,Sekong,19/02/2020,0,0,0,0,0,0,0,0,LAO.17_1,17
Laos,15,Sekong,20/02/2020,0,0,0,0,0,0,0,0,LAO.17_1,17
Laos,15,Sekong,21/02/2020,0,0,0,0,0,0,0,0,LAO.17_1,17
Laos,15,Sekong,22/02/2020,0,0,0,0,0,0,0,0,LAO.17_1,17
Laos,15,Sekong,23/02/2020,0,0,0,0,0,0,0,0,LAO.17_1,17
Laos,15,Sekong,24/02/2020,0,0,0,0,0,0,0,0,LAO.17_1,17
Laos,15,Sekong,25/02/2020,0,0,0,0,0,0,0,0,LAO.17_1,17
Laos,15,Sekong,26/02/2020,0,0,0,0,0,0,0,0,LAO.17_1,17
Laos,15,Sekong,27/02/2020,0,0,0,0,0,0,0,0,LAO.17_1,17
Laos,15,Sekong,28/02/2020,0,0,0,0,0,0,0,0,LAO.17_1,17
Laos,15,Sekong,29/02/2020,0,0,0,0,0,0,0,0,LAO.17_1,17
Laos,15,Sekong,01/03/2020,0,0,0,0,0,0,0,0,LAO.17_1,17
Laos,15,Sekong,02/03/2020,0,0,0,0,0,0,0,0,LAO.17_1,17
Laos,15,Sekong,03/03/2020,0,0,0,0,0,0,0,0,LAO.17_1,17
Laos,15,Sekong,04/03/2020,0,0,0,0,0,0,0,0,LAO.17_1,17
Laos,15,Sekong,05/03/2020,0,0,0,0,0,0,0,0,LAO.17_1,17
Laos,15,Sekong,06/03/2020,0,0,0,0,0,0,0,0,LAO.17_1,17
Laos,15,Sekong,07/03/2020,0,0,0,0,0,0,0,0,LAO.17_1,17
Laos,15,Sekong,08/03/2020,0,0,0,0,0,0,0,0,LAO.17_1,17
Laos,15,Sekong,09/03/2020,0,0,0,0,0,0,0,0,LAO.17_1,17
Laos,15,Sekong,10/03/2020,0,0,0,0,0,0,0,0,LAO.17_1,17
Laos,15,Sekong,11/03/2020,0,0,0,0,0,0,0,0,LAO.17_1,17
Laos,15,Sekong,12/03/2020,0,0,0,0,0,0,0,0,LAO.17_1,17
Laos,15,Sekong,13/03/2020,0,0,0,0,0,0,0,0,LAO.17_1,17
Laos,15,Sekong,14/03/2020,0,0,0,0,0,0,0,0,LAO.17_1,17
Laos,15,Sekong,15/03/2020,0,0,0,0,0,0,0,0,LAO.17_1,17
Laos,15,Sekong,16/03/2020,0,0,0,0,0,0,0,0,LAO.17_1,17
Laos,15,Sekong,17/03/2020,0,0,0,0,0,0,0,0,LAO.17_1,17
Laos,15,Sekong,18/03/2020,0,0,0,0,0,0,0,0,LAO.17_1,17
Laos,15,Sekong,19/03/2020,0,0,0,0,0,0,0,0,LAO.17_1,17
Laos,15,Sekong,20/03/2020,0,0,0,0,0,0,0,0,LAO.17_1,17
Laos,15,Sekong,21/03/2020,0,0,0,0,0,0,0,0,LAO.17_1,17
Laos,15,Sekong,22/03/2020,0,0,0,0,0,0,0,0,LAO.17_1,17
Laos,15,Sekong,23/03/2020,0,0,0,0,0,0,0,0,LAO.17_1,17
Laos,15,Sekong,24/03/2020,0,0,0,0,0,0,0,0,LAO.17_1,17
Laos,15,Sekong,25/03/2020,0,0,0,0,0,0,0,0,LAO.17_1,17
Laos,15,Sekong,26/03/2020,0,0,0,0,0,0,0,0,LAO.17_1,17
Laos,15,Sekong,27/03/2020,0,0,0,0,0,0,0,0,LAO.17_1,17
Laos,15,Sekong,28/03/2020,0,0,0,0,0,0,0,0,LAO.17_1,17
Laos,15,Sekong,29/03/2020,0,0,0,0,0,0,0,0,LAO.17_1,17
Laos,15,Sekong,30/03/2020,0,0,0,0,0,0,0,0,LAO.17_1,17
Laos,15,Sekong,31/03/2020,0,0,0,0,0,0,0,0,LAO.17_1,17
Laos,15,Sekong,01/04/2020,0,0,0,0,0,0,0,0,LAO.17_1,17
Laos,15,Sekong,02/04/2020,0,0,0,0,0,0,0,0,LAO.17_1,17
Laos,15,Sekong,03/04/2020,0,0,0,0,0,0,0,0,LAO.17_1,17
Laos,15,Sekong,04/04/2020,0,0,0,0,0,0,0,0,LAO.17_1,17
Laos,15,Sekong,05/04/2020,0,0,0,0,0,0,0,0,LAO.17_1,17
Laos,15,Sekong,06/04/2020,0,0,0,0,0,0,0,0,LAO.17_1,17
Laos,15,Sekong,07/04/2020,0,0,0,0,0,0,0,0,LAO.17_1,17
Laos,15,Sekong,08/04/2020,0,0,0,0,0,0,0,0,LAO.17_1,17
Laos,15,Sekong,09/04/2020,0,0,0,0,0,0,0,0,LAO.17_1,17
Laos,15,Sekong,10/04/2020,0,0,0,0,0,0,0,0,LAO.17_1,17
Laos,15,Sekong,11/04/2020,0,0,0,0,0,0,0,0,LAO.17_1,17
Laos,15,Sekong,12/04/2020,0,0,0,0,0,0,0,0,LAO.17_1,17
Laos,9,Xiengkhuang,27/01/2020,0,0,0,0,0,0,0,0,LAO.18_1,18
Laos,9,Xiengkhuang,28/01/2020,0,0,0,0,0,0,0,0,LAO.18_1,18
Laos,9,Xiengkhuang,29/01/2020,0,0,0,0,0,0,0,0,LAO.18_1,18
Laos,9,Xiengkhuang,30/01/2020,0,0,0,0,0,0,0,0,LAO.18_1,18
Laos,9,Xiengkhuang,31/01/2020,0,0,0,0,0,0,0,0,LAO.18_1,18
Laos,9,Xiengkhuang,01/02/2020,0,0,0,0,0,0,0,0,LAO.18_1,18
Laos,9,Xiengkhuang,02/02/2020,0,0,0,0,0,0,0,0,LAO.18_1,18
Laos,9,Xiengkhuang,03/02/2020,0,0,0,0,0,0,0,0,LAO.18_1,18
Laos,9,Xiengkhuang,04/02/2020,0,0,0,0,0,0,0,0,LAO.18_1,18
Laos,9,Xiengkhuang,05/02/2020,0,0,0,0,0,0,0,0,LAO.18_1,18
Laos,9,Xiengkhuang,06/02/2020,0,0,0,0,0,0,0,0,LAO.18_1,18
Laos,9,Xiengkhuang,07/02/2020,0,0,0,0,0,0,0,0,LAO.18_1,18
Laos,9,Xiengkhuang,08/02/2020,0,0,0,0,0,0,0,0,LAO.18_1,18
Laos,9,Xiengkhuang,09/02/2020,0,0,0,0,0,0,0,0,LAO.18_1,18
Laos,9,Xiengkhuang,10/02/2020,0,0,0,0,0,0,0,0,LAO.18_1,18
Laos,9,Xiengkhuang,11/02/2020,0,0,0,0,0,0,0,0,LAO.18_1,18
Laos,9,Xiengkhuang,12/02/2020,0,0,0,0,0,0,0,0,LAO.18_1,18
Laos,9,Xiengkhuang,13/02/2020,0,0,0,0,0,0,0,0,LAO.18_1,18
Laos,9,Xiengkhuang,14/02/2020,0,0,0,0,0,0,0,0,LAO.18_1,18
Laos,9,Xiengkhuang,15/02/2020,0,0,0,0,0,0,0,0,LAO.18_1,18
Laos,9,Xiengkhuang,16/02/2020,0,0,0,0,0,0,0,0,LAO.18_1,18
Laos,9,Xiengkhuang,17/02/2020,0,0,0,0,0,0,0,0,LAO.18_1,18
Laos,9,Xiengkhuang,18/02/2020,0,0,0,0,0,0,0,0,LAO.18_1,18
Laos,9,Xiengkhuang,19/02/2020,0,0,0,0,0,0,0,0,LAO.18_1,18
Laos,9,Xiengkhuang,20/02/2020,0,0,0,0,0,0,0,0,LAO.18_1,18
Laos,9,Xiengkhuang,21/02/2020,0,0,0,0,0,0,0,0,LAO.18_1,18
Laos,9,Xiengkhuang,22/02/2020,0,0,0,0,0,0,0,0,LAO.18_1,18
Laos,9,Xiengkhuang,23/02/2020,0,0,0,0,0,0,0,0,LAO.18_1,18
Laos,9,Xiengkhuang,24/02/2020,0,0,0,0,0,0,0,0,LAO.18_1,18
Laos,9,Xiengkhuang,25/02/2020,0,0,0,0,0,0,0,0,LAO.18_1,18
Laos,9,Xiengkhuang,26/02/2020,0,0,0,0,0,0,0,0,LAO.18_1,18
Laos,9,Xiengkhuang,27/02/2020,0,0,0,0,0,0,0,0,LAO.18_1,18
Laos,9,Xiengkhuang,28/02/2020,0,0,0,0,0,0,0,0,LAO.18_1,18
Laos,9,Xiengkhuang,29/02/2020,0,0,0,0,0,0,0,0,LAO.18_1,18
Laos,9,Xiengkhuang,01/03/2020,0,0,0,0,0,0,0,0,LAO.18_1,18
Laos,9,Xiengkhuang,02/03/2020,0,0,0,0,0,0,0,0,LAO.18_1,18
Laos,9,Xiengkhuang,03/03/2020,0,0,0,0,0,0,0,0,LAO.18_1,18
Laos,9,Xiengkhuang,04/03/2020,0,0,0,0,0,0,0,0,LAO.18_1,18
Laos,9,Xiengkhuang,05/03/2020,0,0,0,0,0,0,0,0,LAO.18_1,18
Laos,9,Xiengkhuang,06/03/2020,0,0,0,0,0,0,0,0,LAO.18_1,18
Laos,9,Xiengkhuang,07/03/2020,0,0,0,0,0,0,0,0,LAO.18_1,18
Laos,9,Xiengkhuang,08/03/2020,0,0,0,0,0,0,0,0,LAO.18_1,18
Laos,9,Xiengkhuang,09/03/2020,0,0,0,0,0,0,0,0,LAO.18_1,18
Laos,9,Xiengkhuang,10/03/2020,0,0,0,0,0,0,0,0,LAO.18_1,18
Laos,9,Xiengkhuang,11/03/2020,0,0,0,0,0,0,0,0,LAO.18_1,18
Laos,9,Xiengkhuang,12/03/2020,0,0,0,0,0,0,0,0,LAO.18_1,18
Laos,9,Xiengkhuang,13/03/2020,0,0,0,0,0,0,0,0,LAO.18_1,18
Laos,9,Xiengkhuang,14/03/2020,0,0,0,0,0,0,0,0,LAO.18_1,18
Laos,9,Xiengkhuang,15/03/2020,0,0,0,0,0,0,0,0,LAO.18_1,18
Laos,9,Xiengkhuang,16/03/2020,0,0,0,0,0,0,0,0,LAO.18_1,18
Laos,9,Xiengkhuang,17/03/2020,0,0,0,0,0,0,0,0,LAO.18_1,18
Laos,9,Xiengkhuang,18/03/2020,0,0,0,0,0,0,0,0,LAO.18_1,18
Laos,9,Xiengkhuang,19/03/2020,0,0,0,0,0,0,0,0,LAO.18_1,18
Laos,9,Xiengkhuang,20/03/2020,0,0,0,0,0,0,0,0,LAO.18_1,18
Laos,9,Xiengkhuang,21/03/2020,0,0,0,0,0,0,0,0,LAO.18_1,18
Laos,9,Xiengkhuang,22/03/2020,0,0,0,0,0,0,0,0,LAO.18_1,18
Laos,9,Xiengkhuang,23/03/2020,0,0,0,0,0,0,0,0,LAO.18_1,18
Laos,9,Xiengkhuang,24/03/2020,0,0,0,0,0,0,0,0,LAO.18_1,18
Laos,9,Xiengkhuang,25/03/2020,0,0,0,0,0,0,0,0,LAO.18_1,18
Laos,9,Xiengkhuang,26/03/2020,0,0,0,0,0,0,0,0,LAO.18_1,18
Laos,9,Xiengkhuang,27/03/2020,0,0,0,0,0,0,0,0,LAO.18_1,18
Laos,9,Xiengkhuang,28/03/2020,0,0,0,0,0,0,0,0,LAO.18_1,18
Laos,9,Xiengkhuang,29/03/2020,0,0,0,0,0,0,0,0,LAO.18_1,18
Laos,9,Xiengkhuang,30/03/2020,0,0,0,0,0,0,0,0,LAO.18_1,18
Laos,9,Xiengkhuang,31/03/2020,0,0,0,0,0,0,0,0,LAO.18_1,18
Laos,9,Xiengkhuang,01/04/2020,0,0,0,0,0,0,0,0,LAO.18_1,18
Laos,9,Xiengkhuang,02/04/2020,0,0,0,0,0,0,0,0,LAO.18_1,18
Laos,9,Xiengkhuang,03/04/2020,0,0,0,0,0,0,0,0,LAO.18_1,18
Laos,9,Xiengkhuang,04/04/2020,0,0,0,0,0,0,0,0,LAO.18_1,18
Laos,9,Xiengkhuang,05/04/2020,0,0,0,0,0,0,0,0,LAO.18_1,18
Laos,9,Xiengkhuang,06/04/2020,0,0,0,0,0,0,0,0,LAO.18_1,18
Laos,9,Xiengkhuang,07/04/2020,0,0,0,0,0,0,0,0,LAO.18_1,18
Laos,9,Xiengkhuang,08/04/2020,0,0,0,0,0,0,0,0,LAO.18_1,18
Laos,9,Xiengkhuang,09/04/2020,0,0,0,0,0,0,0,0,LAO.18_1,18
Laos,9,Xiengkhuang,10/04/2020,0,0,0,0,0,0,0,0,LAO.18_1,18
Laos,9,Xiengkhuang,11/04/2020,0,0,0,0,0,0,0,0,LAO.18_1,18
Laos,9,Xiengkhuang,12/04/2020,0,0,0,0,0,0,0,0,LAO.18_1,18
Laos,17,Attapeu,27/01/2020,0,0,0,0,0,0,0,0,LAO.1_1,1
Laos,17,Attapeu,28/01/2020,0,0,0,0,0,0,0,0,LAO.1_1,1
Laos,17,Attapeu,29/01/2020,0,0,0,0,0,0,0,0,LAO.1_1,1
Laos,17,Attapeu,30/01/2020,0,0,0,0,0,0,0,0,LAO.1_1,1
Laos,17,Attapeu,31/01/2020,0,0,0,0,0,0,0,0,LAO.1_1,1
Laos,17,Attapeu,01/02/2020,0,0,0,0,0,0,0,0,LAO.1_1,1
Laos,17,Attapeu,02/02/2020,0,0,0,0,0,0,0,0,LAO.1_1,1
Laos,17,Attapeu,03/02/2020,0,0,0,0,0,0,0,0,LAO.1_1,1
Laos,17,Attapeu,04/02/2020,0,0,0,0,0,0,0,0,LAO.1_1,1
Laos,17,Attapeu,05/02/2020,0,0,0,0,0,0,0,0,LAO.1_1,1
Laos,17,Attapeu,06/02/2020,0,0,0,0,0,0,0,0,LAO.1_1,1
Laos,17,Attapeu,07/02/2020,0,0,0,0,0,0,0,0,LAO.1_1,1
Laos,17,Attapeu,08/02/2020,0,0,0,0,0,0,0,0,LAO.1_1,1
Laos,17,Attapeu,09/02/2020,0,0,0,0,0,0,0,0,LAO.1_1,1
Laos,17,Attapeu,10/02/2020,0,0,0,0,0,0,0,0,LAO.1_1,1
Laos,17,Attapeu,11/02/2020,0,0,0,0,0,0,0,0,LAO.1_1,1
Laos,17,Attapeu,12/02/2020,0,0,0,0,0,0,0,0,LAO.1_1,1
Laos,17,Attapeu,13/02/2020,0,0,0,0,0,0,0,0,LAO.1_1,1
Laos,17,Attapeu,14/02/2020,0,0,0,0,0,0,0,0,LAO.1_1,1
Laos,17,Attapeu,15/02/2020,0,0,0,0,0,0,0,0,LAO.1_1,1
Laos,17,Attapeu,16/02/2020,0,0,0,0,0,0,0,0,LAO.1_1,1
Laos,17,Attapeu,17/02/2020,0,0,0,0,0,0,0,0,LAO.1_1,1
Laos,17,Attapeu,18/02/2020,0,0,0,0,0,0,0,0,LAO.1_1,1
Laos,17,Attapeu,19/02/2020,0,0,0,0,0,0,0,0,LAO.1_1,1
Laos,17,Attapeu,20/02/2020,0,0,0,0,0,0,0,0,LAO.1_1,1
Laos,17,Attapeu,21/02/2020,0,0,0,0,0,0,0,0,LAO.1_1,1
Laos,17,Attapeu,22/02/2020,0,0,0,0,0,0,0,0,LAO.1_1,1
Laos,17,Attapeu,23/02/2020,0,0,0,0,0,0,0,0,LAO.1_1,1
Laos,17,Attapeu,24/02/2020,0,0,0,0,0,0,0,0,LAO.1_1,1
Laos,17,Attapeu,25/02/2020,0,0,0,0,0,0,0,0,LAO.1_1,1
Laos,17,Attapeu,26/02/2020,0,0,0,0,0,0,0,0,LAO.1_1,1
Laos,17,Attapeu,27/02/2020,0,0,0,0,0,0,0,0,LAO.1_1,1
Laos,17,Attapeu,28/02/2020,0,0,0,0,0,0,0,0,LAO.1_1,1
Laos,17,Attapeu,29/02/2020,0,0,0,0,0,0,0,0,LAO.1_1,1
Laos,17,Attapeu,01/03/2020,0,0,0,0,0,0,0,0,LAO.1_1,1
Laos,17,Attapeu,02/03/2020,0,0,0,0,0,0,0,0,LAO.1_1,1
Laos,17,Attapeu,03/03/2020,0,0,0,0,0,0,0,0,LAO.1_1,1
Laos,17,Attapeu,04/03/2020,0,0,0,0,0,0,0,0,LAO.1_1,1
Laos,17,Attapeu,05/03/2020,0,0,0,0,0,0,0,0,LAO.1_1,1
Laos,17,Attapeu,06/03/2020,0,0,0,0,0,0,0,0,LAO.1_1,1
Laos,17,Attapeu,07/03/2020,0,0,0,0,0,0,0,0,LAO.1_1,1
Laos,17,Attapeu,08/03/2020,0,0,0,0,0,0,0,0,LAO.1_1,1
Laos,17,Attapeu,09/03/2020,0,0,0,0,0,0,0,0,LAO.1_1,1
Laos,17,Attapeu,10/03/2020,0,0,0,0,0,0,0,0,LAO.1_1,1
Laos,17,Attapeu,11/03/2020,0,0,0,0,0,0,0,0,LAO.1_1,1
Laos,17,Attapeu,12/03/2020,0,0,0,0,0,0,0,0,LAO.1_1,1
Laos,17,Attapeu,13/03/2020,0,0,0,0,0,0,0,0,LAO.1_1,1
Laos,17,Attapeu,14/03/2020,0,0,0,0,0,0,0,0,LAO.1_1,1
Laos,17,Attapeu,15/03/2020,0,0,0,0,0,0,0,0,LAO.1_1,1
Laos,17,Attapeu,16/03/2020,0,0,0,0,0,0,0,0,LAO.1_1,1
Laos,17,Attapeu,17/03/2020,0,0,0,0,0,0,0,0,LAO.1_1,1
Laos,17,Attapeu,18/03/2020,0,0,0,0,0,0,0,0,LAO.1_1,1
Laos,17,Attapeu,19/03/2020,0,0,0,0,0,0,0,0,LAO.1_1,1
Laos,17,Attapeu,20/03/2020,0,0,0,0,0,0,0,0,LAO.1_1,1
Laos,17,Attapeu,21/03/2020,0,0,0,0,0,0,0,0,LAO.1_1,1
Laos,17,Attapeu,22/03/2020,0,0,0,0,0,0,0,0,LAO.1_1,1
Laos,17,Attapeu,23/03/2020,0,0,0,0,0,0,0,0,LAO.1_1,1
Laos,17,Attapeu,24/03/2020,0,0,0,0,0,0,0,0,LAO.1_1,1
Laos,17,Attapeu,25/03/2020,0,0,0,0,0,0,0,0,LAO.1_1,1
Laos,17,Attapeu,26/03/2020,0,0,0,0,0,0,0,0,LAO.1_1,1
Laos,17,Attapeu,27/03/2020,0,0,0,0,0,0,0,0,LAO.1_1,1
Laos,17,Attapeu,28/03/2020,0,0,0,0,0,0,0,0,LAO.1_1,1
Laos,17,Attapeu,29/03/2020,0,0,0,0,0,0,0,0,LAO.1_1,1
Laos,17,Attapeu,30/03/2020,0,0,0,0,0,0,0,0,LAO.1_1,1
Laos,17,Attapeu,31/03/2020,0,0,0,0,0,0,0,0,LAO.1_1,1
Laos,17,Attapeu,01/04/2020,0,0,0,0,0,0,0,0,LAO.1_1,1
Laos,17,Attapeu,02/04/2020,0,0,0,0,0,0,0,0,LAO.1_1,1
Laos,17,Attapeu,03/04/2020,0,0,0,0,0,0,0,0,LAO.1_1,1
Laos,17,Attapeu,04/04/2020,0,0,0,0,0,0,0,0,LAO.1_1,1
Laos,17,Attapeu,05/04/2020,0,0,0,0,0,0,0,0,LAO.1_1,1
Laos,17,Attapeu,06/04/2020,0,0,0,0,0,0,0,0,LAO.1_1,1
Laos,17,Attapeu,07/04/2020,0,0,0,0,0,0,0,0,LAO.1_1,1
Laos,17,Attapeu,08/04/2020,0,0,0,0,0,0,0,0,LAO.1_1,1
Laos,17,Attapeu,09/04/2020,0,0,0,0,0,0,0,0,LAO.1_1,1
Laos,17,Attapeu,10/04/2020,0,0,0,0,0,0,0,0,LAO.1_1,1
Laos,17,Attapeu,11/04/2020,0,0,0,0,0,0,0,0,LAO.1_1,1
Laos,17,Attapeu,12/04/2020,0,0,0,0,0,0,0,0,LAO.1_1,1
Laos,5,Bokeo,27/01/2020,0,0,0,0,0,0,0,0,LAO.2_1,2
Laos,5,Bokeo,28/01/2020,0,0,0,0,0,0,0,0,LAO.2_1,2
Laos,5,Bokeo,29/01/2020,0,0,0,0,0,0,0,0,LAO.2_1,2
Laos,5,Bokeo,30/01/2020,0,0,0,0,0,0,0,0,LAO.2_1,2
Laos,5,Bokeo,31/01/2020,0,0,0,0,0,0,0,0,LAO.2_1,2
Laos,5,Bokeo,01/02/2020,0,0,0,0,0,0,0,0,LAO.2_1,2
Laos,5,Bokeo,02/02/2020,0,0,0,0,0,0,0,0,LAO.2_1,2
Laos,5,Bokeo,03/02/2020,0,0,0,0,0,0,0,0,LAO.2_1,2
Laos,5,Bokeo,04/02/2020,0,0,0,0,0,0,0,0,LAO.2_1,2
Laos,5,Bokeo,05/02/2020,0,0,0,0,0,0,0,0,LAO.2_1,2
Laos,5,Bokeo,06/02/2020,0,0,0,0,0,0,0,0,LAO.2_1,2
Laos,5,Bokeo,07/02/2020,0,0,0,0,0,0,0,0,LAO.2_1,2
Laos,5,Bokeo,08/02/2020,0,0,0,0,0,0,0,0,LAO.2_1,2
Laos,5,Bokeo,09/02/2020,0,0,0,0,0,0,0,0,LAO.2_1,2
Laos,5,Bokeo,10/02/2020,0,0,0,0,0,0,0,0,LAO.2_1,2
Laos,5,Bokeo,11/02/2020,0,0,0,0,0,0,0,0,LAO.2_1,2
Laos,5,Bokeo,12/02/2020,0,0,0,0,0,0,0,0,LAO.2_1,2
Laos,5,Bokeo,13/02/2020,0,0,0,0,0,0,0,0,LAO.2_1,2
Laos,5,Bokeo,14/02/2020,0,0,0,0,0,0,0,0,LAO.2_1,2
Laos,5,Bokeo,15/02/2020,0,0,0,0,0,0,0,0,LAO.2_1,2
Laos,5,Bokeo,16/02/2020,0,0,0,0,0,0,0,0,LAO.2_1,2
Laos,5,Bokeo,17/02/2020,0,0,0,0,0,0,0,0,LAO.2_1,2
Laos,5,Bokeo,18/02/2020,0,0,0,0,0,0,0,0,LAO.2_1,2
Laos,5,Bokeo,19/02/2020,0,0,0,0,0,0,0,0,LAO.2_1,2
Laos,5,Bokeo,20/02/2020,0,0,0,0,0,0,0,0,LAO.2_1,2
Laos,5,Bokeo,21/02/2020,0,0,0,0,0,0,0,0,LAO.2_1,2
Laos,5,Bokeo,22/02/2020,0,0,0,0,0,0,0,0,LAO.2_1,2
Laos,5,Bokeo,23/02/2020,0,0,0,0,0,0,0,0,LAO.2_1,2
Laos,5,Bokeo,24/02/2020,0,0,0,0,0,0,0,0,LAO.2_1,2
Laos,5,Bokeo,25/02/2020,0,0,0,0,0,0,0,0,LAO.2_1,2
Laos,5,Bokeo,26/02/2020,0,0,0,0,0,0,0,0,LAO.2_1,2
Laos,5,Bokeo,27/02/2020,0,0,0,0,0,0,0,0,LAO.2_1,2
Laos,5,Bokeo,28/02/2020,0,0,0,0,0,0,0,0,LAO.2_1,2
Laos,5,Bokeo,29/02/2020,0,0,0,0,0,0,0,0,LAO.2_1,2
Laos,5,Bokeo,01/03/2020,0,0,0,0,0,0,0,0,LAO.2_1,2
Laos,5,Bokeo,02/03/2020,0,0,0,0,0,0,0,0,LAO.2_1,2
Laos,5,Bokeo,03/03/2020,0,0,0,0,0,0,0,0,LAO.2_1,2
Laos,5,Bokeo,04/03/2020,0,0,0,0,0,0,0,0,LAO.2_1,2
Laos,5,Bokeo,05/03/2020,0,0,0,0,0,0,0,0,LAO.2_1,2
Laos,5,Bokeo,06/03/2020,0,0,0,0,0,0,0,0,LAO.2_1,2
Laos,5,Bokeo,07/03/2020,0,0,0,0,0,0,0,0,LAO.2_1,2
Laos,5,Bokeo,08/03/2020,0,0,0,0,0,0,0,0,LAO.2_1,2
Laos,5,Bokeo,09/03/2020,0,0,0,0,0,0,0,0,LAO.2_1,2
Laos,5,Bokeo,10/03/2020,0,0,0,0,0,0,0,0,LAO.2_1,2
Laos,5,Bokeo,11/03/2020,0,0,0,0,0,0,0,0,LAO.2_1,2
Laos,5,Bokeo,12/03/2020,0,0,0,0,0,0,0,0,LAO.2_1,2
Laos,5,Bokeo,13/03/2020,0,0,0,0,0,0,0,0,LAO.2_1,2
Laos,5,Bokeo,14/03/2020,0,0,0,0,0,0,0,0,LAO.2_1,2
Laos,5,Bokeo,15/03/2020,0,0,0,0,0,0,0,0,LAO.2_1,2
Laos,5,Bokeo,16/03/2020,0,0,0,0,0,0,0,0,LAO.2_1,2
Laos,5,Bokeo,17/03/2020,0,0,0,0,0,0,0,0,LAO.2_1,2
Laos,5,Bokeo,18/03/2020,0,0,0,0,0,0,0,0,LAO.2_1,2
Laos,5,Bokeo,19/03/2020,0,0,0,0,0,0,0,0,LAO.2_1,2
Laos,5,Bokeo,20/03/2020,0,0,0,0,0,0,0,0,LAO.2_1,2
Laos,5,Bokeo,21/03/2020,0,0,0,0,0,0,0,0,LAO.2_1,2
Laos,5,Bokeo,22/03/2020,0,0,0,0,0,0,0,0,LAO.2_1,2
Laos,5,Bokeo,23/03/2020,0,0,0,0,0,0,0,0,LAO.2_1,2
Laos,5,Bokeo,24/03/2020,0,0,0,0,0,0,0,0,LAO.2_1,2
Laos,5,Bokeo,25/03/2020,0,0,0,0,0,0,0,0,LAO.2_1,2
Laos,5,Bokeo,26/03/2020,0,0,0,0,0,0,0,0,LAO.2_1,2
Laos,5,Bokeo,27/03/2020,0,0,0,0,0,0,0,0,LAO.2_1,2
Laos,5,Bokeo,28/03/2020,0,0,0,0,0,0,0,0,LAO.2_1,2
Laos,5,Bokeo,29/03/2020,0,0,0,0,0,0,0,0,LAO.2_1,2
Laos,5,Bokeo,30/03/2020,0,0,0,0,0,0,0,0,LAO.2_1,2
Laos,5,Bokeo,31/03/2020,0,0,0,0,0,0,0,0,LAO.2_1,2
Laos,5,Bokeo,01/04/2020,0,0,0,0,0,0,0,0,LAO.2_1,2
Laos,5,Bokeo,02/04/2020,0,0,0,0,0,0,0,0,LAO.2_1,2
Laos,5,Bokeo,03/04/2020,0,0,0,0,0,0,0,0,LAO.2_1,2
Laos,5,Bokeo,04/04/2020,0,0,0,0,0,0,0,0,LAO.2_1,2
Laos,5,Bokeo,05/04/2020,0,0,0,0,0,0,0,0,LAO.2_1,2
Laos,5,Bokeo,06/04/2020,0,0,0,0,0,0,0,0,LAO.2_1,2
Laos,5,Bokeo,07/04/2020,0,0,0,0,0,0,0,0,LAO.2_1,2
Laos,5,Bokeo,08/04/2020,0,0,0,0,0,0,0,0,LAO.2_1,2
Laos,5,Bokeo,09/04/2020,0,0,0,0,0,0,0,0,LAO.2_1,2
Laos,5,Bokeo,10/04/2020,0,0,0,0,0,0,0,0,LAO.2_1,2
Laos,5,Bokeo,11/04/2020,0,0,0,0,0,0,0,0,LAO.2_1,2
Laos,5,Bokeo,12/04/2020,0,0,0,0,0,0,0,0,LAO.2_1,2
Laos,11,Borikhamxay,27/01/2020,0,0,0,0,0,0,0,0,LAO.3_1,3
Laos,11,Borikhamxay,28/01/2020,0,0,0,0,0,0,0,0,LAO.3_1,3
Laos,11,Borikhamxay,29/01/2020,0,0,0,0,0,0,0,0,LAO.3_1,3
Laos,11,Borikhamxay,30/01/2020,0,0,0,0,0,0,0,0,LAO.3_1,3
Laos,11,Borikhamxay,31/01/2020,0,0,0,0,0,0,0,0,LAO.3_1,3
Laos,11,Borikhamxay,01/02/2020,0,0,0,0,0,0,0,0,LAO.3_1,3
Laos,11,Borikhamxay,02/02/2020,0,0,0,0,0,0,0,0,LAO.3_1,3
Laos,11,Borikhamxay,03/02/2020,0,0,0,0,0,0,0,0,LAO.3_1,3
Laos,11,Borikhamxay,04/02/2020,0,0,0,0,0,0,0,0,LAO.3_1,3
Laos,11,Borikhamxay,05/02/2020,0,0,0,0,0,0,0,0,LAO.3_1,3
Laos,11,Borikhamxay,06/02/2020,0,0,0,0,0,0,0,0,LAO.3_1,3
Laos,11,Borikhamxay,07/02/2020,0,0,0,0,0,0,0,0,LAO.3_1,3
Laos,11,Borikhamxay,08/02/2020,0,0,0,0,0,0,0,0,LAO.3_1,3
Laos,11,Borikhamxay,09/02/2020,0,0,0,0,0,0,0,0,LAO.3_1,3
Laos,11,Borikhamxay,10/02/2020,0,0,0,0,0,0,0,0,LAO.3_1,3
Laos,11,Borikhamxay,11/02/2020,0,0,0,0,0,0,0,0,LAO.3_1,3
Laos,11,Borikhamxay,12/02/2020,0,0,0,0,0,0,0,0,LAO.3_1,3
Laos,11,Borikhamxay,13/02/2020,0,0,0,0,0,0,0,0,LAO.3_1,3
Laos,11,Borikhamxay,14/02/2020,0,0,0,0,0,0,0,0,LAO.3_1,3
Laos,11,Borikhamxay,15/02/2020,0,0,0,0,0,0,0,0,LAO.3_1,3
Laos,11,Borikhamxay,16/02/2020,0,0,0,0,0,0,0,0,LAO.3_1,3
Laos,11,Borikhamxay,17/02/2020,0,0,0,0,0,0,0,0,LAO.3_1,3
Laos,11,Borikhamxay,18/02/2020,0,0,0,0,0,0,0,0,LAO.3_1,3
Laos,11,Borikhamxay,19/02/2020,0,0,0,0,0,0,0,0,LAO.3_1,3
Laos,11,Borikhamxay,20/02/2020,0,0,0,0,0,0,0,0,LAO.3_1,3
Laos,11,Borikhamxay,21/02/2020,0,0,0,0,0,0,0,0,LAO.3_1,3
Laos,11,Borikhamxay,22/02/2020,0,0,0,0,0,0,0,0,LAO.3_1,3
Laos,11,Borikhamxay,23/02/2020,0,0,0,0,0,0,0,0,LAO.3_1,3
Laos,11,Borikhamxay,24/02/2020,0,0,0,0,0,0,0,0,LAO.3_1,3
Laos,11,Borikhamxay,25/02/2020,0,0,0,0,0,0,0,0,LAO.3_1,3
Laos,11,Borikhamxay,26/02/2020,0,0,0,0,0,0,0,0,LAO.3_1,3
Laos,11,Borikhamxay,27/02/2020,0,0,0,0,0,0,0,0,LAO.3_1,3
Laos,11,Borikhamxay,28/02/2020,0,0,0,0,0,0,0,0,LAO.3_1,3
Laos,11,Borikhamxay,29/02/2020,0,0,0,0,0,0,0,0,LAO.3_1,3
Laos,11,Borikhamxay,01/03/2020,0,0,0,0,0,0,0,0,LAO.3_1,3
Laos,11,Borikhamxay,02/03/2020,0,0,0,0,0,0,0,0,LAO.3_1,3
Laos,11,Borikhamxay,03/03/2020,0,0,0,0,0,0,0,0,LAO.3_1,3
Laos,11,Borikhamxay,04/03/2020,0,0,0,0,0,0,0,0,LAO.3_1,3
Laos,11,Borikhamxay,05/03/2020,0,0,0,0,0,0,0,0,LAO.3_1,3
Laos,11,Borikhamxay,06/03/2020,0,0,0,0,0,0,0,0,LAO.3_1,3
Laos,11,Borikhamxay,07/03/2020,0,0,0,0,0,0,0,0,LAO.3_1,3
Laos,11,Borikhamxay,08/03/2020,0,0,0,0,0,0,0,0,LAO.3_1,3
Laos,11,Borikhamxay,09/03/2020,0,0,0,0,0,0,0,0,LAO.3_1,3
Laos,11,Borikhamxay,10/03/2020,0,0,0,0,0,0,0,0,LAO.3_1,3
Laos,11,Borikhamxay,11/03/2020,0,0,0,0,0,0,0,0,LAO.3_1,3
Laos,11,Borikhamxay,12/03/2020,0,0,0,0,0,0,0,0,LAO.3_1,3
Laos,11,Borikhamxay,13/03/2020,0,0,0,0,0,0,0,0,LAO.3_1,3
Laos,11,Borikhamxay,14/03/2020,0,0,0,0,0,0,0,0,LAO.3_1,3
Laos,11,Borikhamxay,15/03/2020,0,0,0,0,0,0,0,0,LAO.3_1,3
Laos,11,Borikhamxay,16/03/2020,0,0,0,0,0,0,0,0,LAO.3_1,3
Laos,11,Borikhamxay,17/03/2020,0,0,0,0,0,0,0,0,LAO.3_1,3
Laos,11,Borikhamxay,18/03/2020,0,0,0,0,0,0,0,0,LAO.3_1,3
Laos,11,Borikhamxay,19/03/2020,0,0,0,0,0,0,0,0,LAO.3_1,3
Laos,11,Borikhamxay,20/03/2020,0,0,0,0,0,0,0,0,LAO.3_1,3
Laos,11,Borikhamxay,21/03/2020,0,0,0,0,0,0,0,0,LAO.3_1,3
Laos,11,Borikhamxay,22/03/2020,0,0,0,0,0,0,0,0,LAO.3_1,3
Laos,11,Borikhamxay,23/03/2020,0,0,0,0,0,0,0,0,LAO.3_1,3
Laos,11,Borikhamxay,24/03/2020,0,0,0,0,0,0,0,0,LAO.3_1,3
Laos,11,Borikhamxay,25/03/2020,0,0,0,0,0,0,0,0,LAO.3_1,3
Laos,11,Borikhamxay,26/03/2020,0,0,0,0,0,0,0,0,LAO.3_1,3
Laos,11,Borikhamxay,27/03/2020,0,0,0,0,0,0,0,0,LAO.3_1,3
Laos,11,Borikhamxay,28/03/2020,0,0,0,0,0,0,0,0,LAO.3_1,3
Laos,11,Borikhamxay,29/03/2020,0,0,0,0,0,0,0,0,LAO.3_1,3
Laos,11,Borikhamxay,30/03/2020,0,0,0,0,0,0,0,0,LAO.3_1,3
Laos,11,Borikhamxay,31/03/2020,0,0,0,0,0,0,0,0,LAO.3_1,3
Laos,11,Borikhamxay,01/04/2020,0,0,0,0,0,0,0,0,LAO.3_1,3
Laos,11,Borikhamxay,02/04/2020,0,0,0,0,0,0,0,0,LAO.3_1,3
Laos,11,Borikhamxay,03/04/2020,0,0,0,0,0,0,0,0,LAO.3_1,3
Laos,11,Borikhamxay,04/04/2020,0,0,0,0,0,0,0,0,LAO.3_1,3
Laos,11,Borikhamxay,05/04/2020,0,0,0,0,0,0,0,0,LAO.3_1,3
Laos,11,Borikhamxay,06/04/2020,0,0,0,0,0,0,0,0,LAO.3_1,3
Laos,11,Borikhamxay,07/04/2020,0,0,0,0,0,0,0,0,LAO.3_1,3
Laos,11,Borikhamxay,08/04/2020,0,0,0,0,0,0,0,0,LAO.3_1,3
Laos,11,Borikhamxay,09/04/2020,0,0,0,0,0,0,0,0,LAO.3_1,3
Laos,11,Borikhamxay,10/04/2020,0,0,0,0,0,0,0,0,LAO.3_1,3
Laos,11,Borikhamxay,11/04/2020,0,0,0,0,0,0,0,0,LAO.3_1,3
Laos,11,Borikhamxay,12/04/2020,0,0,0,0,0,0,0,0,LAO.3_1,3
Laos,16,Champasack,27/01/2020,0,0,0,0,0,0,0,0,LAO.4_1,4
Laos,16,Champasack,28/01/2020,0,0,0,0,0,0,0,0,LAO.4_1,4
Laos,16,Champasack,29/01/2020,0,0,0,0,0,0,0,0,LAO.4_1,4
Laos,16,Champasack,30/01/2020,0,0,0,0,0,0,0,0,LAO.4_1,4
Laos,16,Champasack,31/01/2020,0,0,0,0,0,0,0,0,LAO.4_1,4
Laos,16,Champasack,01/02/2020,0,0,0,0,0,0,0,0,LAO.4_1,4
Laos,16,Champasack,02/02/2020,0,0,0,0,0,0,0,0,LAO.4_1,4
Laos,16,Champasack,03/02/2020,0,0,0,0,0,0,0,0,LAO.4_1,4
Laos,16,Champasack,04/02/2020,0,0,0,0,0,0,0,0,LAO.4_1,4
Laos,16,Champasack,05/02/2020,0,0,0,0,0,0,0,0,LAO.4_1,4
Laos,16,Champasack,06/02/2020,0,0,0,0,0,0,0,0,LAO.4_1,4
Laos,16,Champasack,07/02/2020,0,0,0,0,0,0,0,0,LAO.4_1,4
Laos,16,Champasack,08/02/2020,0,0,0,0,0,0,0,0,LAO.4_1,4
Laos,16,Champasack,09/02/2020,0,0,0,0,0,0,0,0,LAO.4_1,4
Laos,16,Champasack,10/02/2020,0,0,0,0,0,0,0,0,LAO.4_1,4
Laos,16,Champasack,11/02/2020,0,0,0,0,0,0,0,0,LAO.4_1,4
Laos,16,Champasack,12/02/2020,0,0,0,0,0,0,0,0,LAO.4_1,4
Laos,16,Champasack,13/02/2020,0,0,0,0,0,0,0,0,LAO.4_1,4
Laos,16,Champasack,14/02/2020,0,0,0,0,0,0,0,0,LAO.4_1,4
Laos,16,Champasack,15/02/2020,0,0,0,0,0,0,0,0,LAO.4_1,4
Laos,16,Champasack,16/02/2020,0,0,0,0,0,0,0,0,LAO.4_1,4
Laos,16,Champasack,17/02/2020,0,0,0,0,0,0,0,0,LAO.4_1,4
Laos,16,Champasack,18/02/2020,0,0,0,0,0,0,0,0,LAO.4_1,4
Laos,16,Champasack,19/02/2020,0,0,0,0,0,0,0,0,LAO.4_1,4
Laos,16,Champasack,20/02/2020,0,0,0,0,0,0,0,0,LAO.4_1,4
Laos,16,Champasack,21/02/2020,0,0,0,0,0,0,0,0,LAO.4_1,4
Laos,16,Champasack,22/02/2020,0,0,0,0,0,0,0,0,LAO.4_1,4
Laos,16,Champasack,23/02/2020,0,0,0,0,0,0,0,0,LAO.4_1,4
Laos,16,Champasack,24/02/2020,0,0,0,0,0,0,0,0,LAO.4_1,4
Laos,16,Champasack,25/02/2020,0,0,0,0,0,0,0,0,LAO.4_1,4
Laos,16,Champasack,26/02/2020,0,0,0,0,0,0,0,0,LAO.4_1,4
Laos,16,Champasack,27/02/2020,0,0,0,0,0,0,0,0,LAO.4_1,4
Laos,16,Champasack,28/02/2020,0,0,0,0,0,0,0,0,LAO.4_1,4
Laos,16,Champasack,29/02/2020,0,0,0,0,0,0,0,0,LAO.4_1,4
Laos,16,Champasack,01/03/2020,0,0,0,0,0,0,0,0,LAO.4_1,4
Laos,16,Champasack,02/03/2020,0,0,0,0,0,0,0,0,LAO.4_1,4
Laos,16,Champasack,03/03/2020,0,0,0,0,0,0,0,0,LAO.4_1,4
Laos,16,Champasack,04/03/2020,0,0,0,0,0,0,0,0,LAO.4_1,4
Laos,16,Champasack,05/03/2020,0,0,0,0,0,0,0,0,LAO.4_1,4
Laos,16,Champasack,06/03/2020,0,0,0,0,0,0,0,0,LAO.4_1,4
Laos,16,Champasack,07/03/2020,0,0,0,0,0,0,0,0,LAO.4_1,4
Laos,16,Champasack,08/03/2020,0,0,0,0,0,0,0,0,LAO.4_1,4
Laos,16,Champasack,09/03/2020,0,0,0,0,0,0,0,0,LAO.4_1,4
Laos,16,Champasack,10/03/2020,0,0,0,0,0,0,0,0,LAO.4_1,4
Laos,16,Champasack,11/03/2020,0,0,0,0,0,0,0,0,LAO.4_1,4
Laos,16,Champasack,12/03/2020,0,0,0,0,0,0,0,0,LAO.4_1,4
Laos,16,Champasack,13/03/2020,0,0,0,0,0,0,0,0,LAO.4_1,4
Laos,16,Champasack,14/03/2020,0,0,0,0,0,0,0,0,LAO.4_1,4
Laos,16,Champasack,15/03/2020,0,0,0,0,0,0,0,0,LAO.4_1,4
Laos,16,Champasack,16/03/2020,0,0,0,0,0,0,0,0,LAO.4_1,4
Laos,16,Champasack,17/03/2020,0,0,0,0,0,0,0,0,LAO.4_1,4
Laos,16,Champasack,18/03/2020,0,0,0,0,0,0,0,0,LAO.4_1,4
Laos,16,Champasack,19/03/2020,0,0,0,0,0,0,0,0,LAO.4_1,4
Laos,16,Champasack,20/03/2020,0,0,0,0,0,0,0,0,LAO.4_1,4
Laos,16,Champasack,21/03/2020,0,0,0,0,0,0,0,0,LAO.4_1,4
Laos,16,Champasack,22/03/2020,0,0,0,0,0,0,0,0,LAO.4_1,4
Laos,16,Champasack,23/03/2020,0,0,0,0,0,0,0,0,LAO.4_1,4
Laos,16,Champasack,24/03/2020,0,0,0,0,0,0,0,0,LAO.4_1,4
Laos,16,Champasack,25/03/2020,0,0,0,0,0,0,0,0,LAO.4_1,4
Laos,16,Champasack,26/03/2020,0,0,0,0,0,0,0,0,LAO.4_1,4
Laos,16,Champasack,27/03/2020,0,0,0,0,0,0,0,0,LAO.4_1,4
Laos,16,Champasack,28/03/2020,0,0,0,0,0,0,0,0,LAO.4_1,4
Laos,16,Champasack,29/03/2020,0,0,0,0,0,0,0,0,LAO.4_1,4
Laos,16,Champasack,30/03/2020,0,0,0,0,0,0,0,0,LAO.4_1,4
Laos,16,Champasack,31/03/2020,0,0,0,0,0,0,0,0,LAO.4_1,4
Laos,16,Champasack,01/04/2020,0,0,0,0,0,0,0,0,LAO.4_1,4
Laos,16,Champasack,02/04/2020,0,0,0,0,0,0,0,0,LAO.4_1,4
Laos,16,Champasack,03/04/2020,0,0,0,0,0,0,0,0,LAO.4_1,4
Laos,16,Champasack,04/04/2020,0,0,0,0,0,0,0,0,LAO.4_1,4
Laos,16,Champasack,05/04/2020,0,0,0,0,0,0,0,0,LAO.4_1,4
Laos,16,Champasack,06/04/2020,0,0,0,0,0,0,0,0,LAO.4_1,4
Laos,16,Champasack,07/04/2020,0,0,0,0,0,0,0,0,LAO.4_1,4
Laos,16,Champasack,08/04/2020,0,0,0,0,0,0,0,0,LAO.4_1,4
Laos,16,Champasack,09/04/2020,0,0,0,0,0,0,0,0,LAO.4_1,4
Laos,16,Champasack,10/04/2020,0,0,0,0,0,0,0,0,LAO.4_1,4
Laos,16,Champasack,11/04/2020,0,0,0,0,0,0,0,0,LAO.4_1,4
Laos,16,Champasack,12/04/2020,0,0,0,0,0,0,0,0,LAO.4_1,4
Laos,7,Huaphanh,27/01/2020,0,0,0,0,0,0,0,0,LAO.5_1,5
Laos,7,Huaphanh,28/01/2020,0,0,0,0,0,0,0,0,LAO.5_1,5
Laos,7,Huaphanh,29/01/2020,0,0,0,0,0,0,0,0,LAO.5_1,5
Laos,7,Huaphanh,30/01/2020,0,0,0,0,0,0,0,0,LAO.5_1,5
Laos,7,Huaphanh,31/01/2020,0,0,0,0,0,0,0,0,LAO.5_1,5
Laos,7,Huaphanh,01/02/2020,0,0,0,0,0,0,0,0,LAO.5_1,5
Laos,7,Huaphanh,02/02/2020,0,0,0,0,0,0,0,0,LAO.5_1,5
Laos,7,Huaphanh,03/02/2020,0,0,0,0,0,0,0,0,LAO.5_1,5
Laos,7,Huaphanh,04/02/2020,0,0,0,0,0,0,0,0,LAO.5_1,5
Laos,7,Huaphanh,05/02/2020,0,0,0,0,0,0,0,0,LAO.5_1,5
Laos,7,Huaphanh,06/02/2020,0,0,0,0,0,0,0,0,LAO.5_1,5
Laos,7,Huaphanh,07/02/2020,0,0,0,0,0,0,0,0,LAO.5_1,5
Laos,7,Huaphanh,08/02/2020,0,0,0,0,0,0,0,0,LAO.5_1,5
Laos,7,Huaphanh,09/02/2020,0,0,0,0,0,0,0,0,LAO.5_1,5
Laos,7,Huaphanh,10/02/2020,0,0,0,0,0,0,0,0,LAO.5_1,5
Laos,7,Huaphanh,11/02/2020,0,0,0,0,0,0,0,0,LAO.5_1,5
Laos,7,Huaphanh,12/02/2020,0,0,0,0,0,0,0,0,LAO.5_1,5
Laos,7,Huaphanh,13/02/2020,0,0,0,0,0,0,0,0,LAO.5_1,5
Laos,7,Huaphanh,14/02/2020,0,0,0,0,0,0,0,0,LAO.5_1,5
Laos,7,Huaphanh,15/02/2020,0,0,0,0,0,0,0,0,LAO.5_1,5
Laos,7,Huaphanh,16/02/2020,0,0,0,0,0,0,0,0,LAO.5_1,5
Laos,7,Huaphanh,17/02/2020,0,0,0,0,0,0,0,0,LAO.5_1,5
Laos,7,Huaphanh,18/02/2020,0,0,0,0,0,0,0,0,LAO.5_1,5
Laos,7,Huaphanh,19/02/2020,0,0,0,0,0,0,0,0,LAO.5_1,5
Laos,7,Huaphanh,20/02/2020,0,0,0,0,0,0,0,0,LAO.5_1,5
Laos,7,Huaphanh,21/02/2020,0,0,0,0,0,0,0,0,LAO.5_1,5
Laos,7,Huaphanh,22/02/2020,0,0,0,0,0,0,0,0,LAO.5_1,5
Laos,7,Huaphanh,23/02/2020,0,0,0,0,0,0,0,0,LAO.5_1,5
Laos,7,Huaphanh,24/02/2020,0,0,0,0,0,0,0,0,LAO.5_1,5
Laos,7,Huaphanh,25/02/2020,0,0,0,0,0,0,0,0,LAO.5_1,5
Laos,7,Huaphanh,26/02/2020,0,0,0,0,0,0,0,0,LAO.5_1,5
Laos,7,Huaphanh,27/02/2020,0,0,0,0,0,0,0,0,LAO.5_1,5
Laos,7,Huaphanh,28/02/2020,0,0,0,0,0,0,0,0,LAO.5_1,5
Laos,7,Huaphanh,29/02/2020,0,0,0,0,0,0,0,0,LAO.5_1,5
Laos,7,Huaphanh,01/03/2020,0,0,0,0,0,0,0,0,LAO.5_1,5
Laos,7,Huaphanh,02/03/2020,0,0,0,0,0,0,0,0,LAO.5_1,5
Laos,7,Huaphanh,03/03/2020,0,0,0,0,0,0,0,0,LAO.5_1,5
Laos,7,Huaphanh,04/03/2020,0,0,0,0,0,0,0,0,LAO.5_1,5
Laos,7,Huaphanh,05/03/2020,0,0,0,0,0,0,0,0,LAO.5_1,5
Laos,7,Huaphanh,06/03/2020,0,0,0,0,0,0,0,0,LAO.5_1,5
Laos,7,Huaphanh,07/03/2020,0,0,0,0,0,0,0,0,LAO.5_1,5
Laos,7,Huaphanh,08/03/2020,0,0,0,0,0,0,0,0,LAO.5_1,5
Laos,7,Huaphanh,09/03/2020,0,0,0,0,0,0,0,0,LAO.5_1,5
Laos,7,Huaphanh,10/03/2020,0,0,0,0,0,0,0,0,LAO.5_1,5
Laos,7,Huaphanh,11/03/2020,0,0,0,0,0,0,0,0,LAO.5_1,5
Laos,7,Huaphanh,12/03/2020,0,0,0,0,0,0,0,0,LAO.5_1,5
Laos,7,Huaphanh,13/03/2020,0,0,0,0,0,0,0,0,LAO.5_1,5
Laos,7,Huaphanh,14/03/2020,0,0,0,0,0,0,0,0,LAO.5_1,5
Laos,7,Huaphanh,15/03/2020,0,0,0,0,0,0,0,0,LAO.5_1,5
Laos,7,Huaphanh,16/03/2020,0,0,0,0,0,0,0,0,LAO.5_1,5
Laos,7,Huaphanh,17/03/2020,0,0,0,0,0,0,0,0,LAO.5_1,5
Laos,7,Huaphanh,18/03/2020,0,0,0,0,0,0,0,0,LAO.5_1,5
Laos,7,Huaphanh,19/03/2020,0,0,0,0,0,0,0,0,LAO.5_1,5
Laos,7,Huaphanh,20/03/2020,0,0,0,0,0,0,0,0,LAO.5_1,5
Laos,7,Huaphanh,21/03/2020,0,0,0,0,0,0,0,0,LAO.5_1,5
Laos,7,Huaphanh,22/03/2020,0,0,0,0,0,0,0,0,LAO.5_1,5
Laos,7,Huaphanh,23/03/2020,0,0,0,0,0,0,0,0,LAO.5_1,5
Laos,7,Huaphanh,24/03/2020,0,0,0,0,0,0,0,0,LAO.5_1,5
Laos,7,Huaphanh,25/03/2020,0,0,0,0,0,0,0,0,LAO.5_1,5
Laos,7,Huaphanh,26/03/2020,0,0,0,0,0,0,0,0,LAO.5_1,5
Laos,7,Huaphanh,27/03/2020,0,0,0,0,0,0,0,0,LAO.5_1,5
Laos,7,Huaphanh,28/03/2020,0,0,0,0,0,0,0,0,LAO.5_1,5
Laos,7,Huaphanh,29/03/2020,0,0,0,0,0,0,0,0,LAO.5_1,5
Laos,7,Huaphanh,30/03/2020,0,0,0,0,0,0,0,0,LAO.5_1,5
Laos,7,Huaphanh,31/03/2020,0,0,0,0,0,0,0,0,LAO.5_1,5
Laos,7,Huaphanh,01/04/2020,0,0,0,0,0,0,0,0,LAO.5_1,5
Laos,7,Huaphanh,02/04/2020,0,0,0,0,0,0,0,0,LAO.5_1,5
Laos,7,Huaphanh,03/04/2020,0,0,0,0,0,0,0,0,LAO.5_1,5
Laos,7,Huaphanh,04/04/2020,0,0,0,0,0,0,0,0,LAO.5_1,5
Laos,7,Huaphanh,05/04/2020,0,0,0,0,0,0,0,0,LAO.5_1,5
Laos,7,Huaphanh,06/04/2020,0,0,0,0,0,0,0,0,LAO.5_1,5
Laos,7,Huaphanh,07/04/2020,0,0,0,0,0,0,0,0,LAO.5_1,5
Laos,7,Huaphanh,08/04/2020,0,0,0,0,0,0,0,0,LAO.5_1,5
Laos,7,Huaphanh,09/04/2020,0,0,0,0,0,0,0,0,LAO.5_1,5
Laos,7,Huaphanh,10/04/2020,0,0,0,0,0,0,0,0,LAO.5_1,5
Laos,7,Huaphanh,11/04/2020,0,0,0,0,0,0,0,0,LAO.5_1,5
Laos,7,Huaphanh,12/04/2020,0,0,0,0,0,0,0,0,LAO.5_1,5
Laos,12,Khammuane,27/01/2020,0,0,0,0,0,0,0,0,LAO.6_1,6
Laos,12,Khammuane,28/01/2020,0,0,0,0,0,0,0,0,LAO.6_1,6
Laos,12,Khammuane,29/01/2020,0,0,0,0,0,0,0,0,LAO.6_1,6
Laos,12,Khammuane,30/01/2020,0,0,0,0,0,0,0,0,LAO.6_1,6
Laos,12,Khammuane,31/01/2020,0,0,0,0,0,0,0,0,LAO.6_1,6
Laos,12,Khammuane,01/02/2020,0,0,0,0,0,0,0,0,LAO.6_1,6
Laos,12,Khammuane,02/02/2020,0,0,0,0,0,0,0,0,LAO.6_1,6
Laos,12,Khammuane,03/02/2020,0,0,0,0,0,0,0,0,LAO.6_1,6
Laos,12,Khammuane,04/02/2020,0,0,0,0,0,0,0,0,LAO.6_1,6
Laos,12,Khammuane,05/02/2020,0,0,0,0,0,0,0,0,LAO.6_1,6
Laos,12,Khammuane,06/02/2020,0,0,0,0,0,0,0,0,LAO.6_1,6
Laos,12,Khammuane,07/02/2020,0,0,0,0,0,0,0,0,LAO.6_1,6
Laos,12,Khammuane,08/02/2020,0,0,0,0,0,0,0,0,LAO.6_1,6
Laos,12,Khammuane,09/02/2020,0,0,0,0,0,0,0,0,LAO.6_1,6
Laos,12,Khammuane,10/02/2020,0,0,0,0,0,0,0,0,LAO.6_1,6
Laos,12,Khammuane,11/02/2020,0,0,0,0,0,0,0,0,LAO.6_1,6
Laos,12,Khammuane,12/02/2020,0,0,0,0,0,0,0,0,LAO.6_1,6
Laos,12,Khammuane,13/02/2020,0,0,0,0,0,0,0,0,LAO.6_1,6
Laos,12,Khammuane,14/02/2020,0,0,0,0,0,0,0,0,LAO.6_1,6
Laos,12,Khammuane,15/02/2020,0,0,0,0,0,0,0,0,LAO.6_1,6
Laos,12,Khammuane,16/02/2020,0,0,0,0,0,0,0,0,LAO.6_1,6
Laos,12,Khammuane,17/02/2020,0,0,0,0,0,0,0,0,LAO.6_1,6
Laos,12,Khammuane,18/02/2020,0,0,0,0,0,0,0,0,LAO.6_1,6
Laos,12,Khammuane,19/02/2020,0,0,0,0,0,0,0,0,LAO.6_1,6
Laos,12,Khammuane,20/02/2020,0,0,0,0,0,0,0,0,LAO.6_1,6
Laos,12,Khammuane,21/02/2020,0,0,0,0,0,0,0,0,LAO.6_1,6
Laos,12,Khammuane,22/02/2020,0,0,0,0,0,0,0,0,LAO.6_1,6
Laos,12,Khammuane,23/02/2020,0,0,0,0,0,0,0,0,LAO.6_1,6
Laos,12,Khammuane,24/02/2020,0,0,0,0,0,0,0,0,LAO.6_1,6
Laos,12,Khammuane,25/02/2020,0,0,0,0,0,0,0,0,LAO.6_1,6
Laos,12,Khammuane,26/02/2020,0,0,0,0,0,0,0,0,LAO.6_1,6
Laos,12,Khammuane,27/02/2020,0,0,0,0,0,0,0,0,LAO.6_1,6
Laos,12,Khammuane,28/02/2020,0,0,0,0,0,0,0,0,LAO.6_1,6
Laos,12,Khammuane,29/02/2020,0,0,0,0,0,0,0,0,LAO.6_1,6
Laos,12,Khammuane,01/03/2020,0,0,0,0,0,0,0,0,LAO.6_1,6
Laos,12,Khammuane,02/03/2020,0,0,0,0,0,0,0,0,LAO.6_1,6
Laos,12,Khammuane,03/03/2020,0,0,0,0,0,0,0,0,LAO.6_1,6
Laos,12,Khammuane,04/03/2020,0,0,0,0,0,0,0,0,LAO.6_1,6
Laos,12,Khammuane,05/03/2020,0,0,0,0,0,0,0,0,LAO.6_1,6
Laos,12,Khammuane,06/03/2020,0,0,0,0,0,0,0,0,LAO.6_1,6
Laos,12,Khammuane,07/03/2020,0,0,0,0,0,0,0,0,LAO.6_1,6
Laos,12,Khammuane,08/03/2020,0,0,0,0,0,0,0,0,LAO.6_1,6
Laos,12,Khammuane,09/03/2020,0,0,0,0,0,0,0,0,LAO.6_1,6
Laos,12,Khammuane,10/03/2020,0,0,0,0,0,0,0,0,LAO.6_1,6
Laos,12,Khammuane,11/03/2020,0,0,0,0,0,0,0,0,LAO.6_1,6
Laos,12,Khammuane,12/03/2020,0,0,0,0,0,0,0,0,LAO.6_1,6
Laos,12,Khammuane,13/03/2020,0,0,0,0,0,0,0,0,LAO.6_1,6
Laos,12,Khammuane,14/03/2020,0,0,0,0,0,0,0,0,LAO.6_1,6
Laos,12,Khammuane,15/03/2020,0,0,0,0,0,0,0,0,LAO.6_1,6
Laos,12,Khammuane,16/03/2020,0,0,0,0,0,0,0,0,LAO.6_1,6
Laos,12,Khammuane,17/03/2020,0,0,0,0,0,0,0,0,LAO.6_1,6
Laos,12,Khammuane,18/03/2020,0,0,0,0,0,0,0,0,LAO.6_1,6
Laos,12,Khammuane,19/03/2020,0,0,0,0,0,0,0,0,LAO.6_1,6
Laos,12,Khammuane,20/03/2020,0,0,0,0,0,0,0,0,LAO.6_1,6
Laos,12,Khammuane,21/03/2020,0,0,0,0,0,0,0,0,LAO.6_1,6
Laos,12,Khammuane,22/03/2020,0,0,0,0,0,0,0,0,LAO.6_1,6
Laos,12,Khammuane,23/03/2020,0,0,0,0,0,0,0,0,LAO.6_1,6
Laos,12,Khammuane,24/03/2020,0,0,0,0,0,0,0,0,LAO.6_1,6
Laos,12,Khammuane,25/03/2020,0,0,0,0,0,0,0,0,LAO.6_1,6
Laos,12,Khammuane,26/03/2020,0,0,0,0,0,0,0,0,LAO.6_1,6
Laos,12,Khammuane,27/03/2020,0,0,0,0,0,0,0,0,LAO.6_1,6
Laos,12,Khammuane,28/03/2020,0,0,0,0,0,0,0,0,LAO.6_1,6
Laos,12,Khammuane,29/03/2020,0,0,0,0,0,0,0,0,LAO.6_1,6
Laos,12,Khammuane,30/03/2020,0,0,0,0,0,0,0,0,LAO.6_1,6
Laos,12,Khammuane,31/03/2020,0,0,0,0,0,0,0,0,LAO.6_1,6
Laos,12,Khammuane,01/04/2020,0,0,0,0,0,0,0,0,LAO.6_1,6
Laos,12,Khammuane,02/04/2020,0,0,0,0,0,0,0,0,LAO.6_1,6
Laos,12,Khammuane,03/04/2020,0,0,0,0,0,0,0,0,LAO.6_1,6
Laos,12,Khammuane,04/04/2020,0,0,0,0,0,0,0,0,LAO.6_1,6
Laos,12,Khammuane,05/04/2020,0,0,0,0,0,0,0,0,LAO.6_1,6
Laos,12,Khammuane,06/04/2020,0,0,0,0,0,0,0,0,LAO.6_1,6
Laos,12,Khammuane,07/04/2020,0,0,0,0,0,0,0,0,LAO.6_1,6
Laos,12,Khammuane,08/04/2020,0,0,0,0,0,0,0,0,LAO.6_1,6
Laos,12,Khammuane,09/04/2020,0,0,0,0,0,0,0,0,LAO.6_1,6
Laos,12,Khammuane,10/04/2020,0,0,0,0,0,0,0,0,LAO.6_1,6
Laos,12,Khammuane,11/04/2020,0,0,0,0,0,0,0,0,LAO.6_1,6
Laos,12,Khammuane,12/04/2020,0,0,0,0,0,0,0,0,LAO.6_1,6
Laos,3,Luangnamtha,27/01/2020,0,0,0,0,0,0,0,0,LAO.7_1,7
Laos,3,Luangnamtha,28/01/2020,0,0,0,0,0,0,0,0,LAO.7_1,7
Laos,3,Luangnamtha,29/01/2020,0,0,0,0,0,0,0,0,LAO.7_1,7
Laos,3,Luangnamtha,30/01/2020,0,0,0,0,0,0,0,0,LAO.7_1,7
Laos,3,Luangnamtha,31/01/2020,0,0,0,0,0,0,0,0,LAO.7_1,7
Laos,3,Luangnamtha,01/02/2020,0,0,0,0,0,0,0,0,LAO.7_1,7
Laos,3,Luangnamtha,02/02/2020,0,0,0,0,0,0,0,0,LAO.7_1,7
Laos,3,Luangnamtha,03/02/2020,0,0,0,0,0,0,0,0,LAO.7_1,7
Laos,3,Luangnamtha,04/02/2020,0,0,0,0,0,0,0,0,LAO.7_1,7
Laos,3,Luangnamtha,05/02/2020,0,0,0,0,0,0,0,0,LAO.7_1,7
Laos,3,Luangnamtha,06/02/2020,0,0,0,0,0,0,0,0,LAO.7_1,7
Laos,3,Luangnamtha,07/02/2020,0,0,0,0,0,0,0,0,LAO.7_1,7
Laos,3,Luangnamtha,08/02/2020,0,0,0,0,0,0,0,0,LAO.7_1,7
Laos,3,Luangnamtha,09/02/2020,0,0,0,0,0,0,0,0,LAO.7_1,7
Laos,3,Luangnamtha,10/02/2020,0,0,0,0,0,0,0,0,LAO.7_1,7
Laos,3,Luangnamtha,11/02/2020,0,0,0,0,0,0,0,0,LAO.7_1,7
Laos,3,Luangnamtha,12/02/2020,0,0,0,0,0,0,0,0,LAO.7_1,7
Laos,3,Luangnamtha,13/02/2020,0,0,0,0,0,0,0,0,LAO.7_1,7
Laos,3,Luangnamtha,14/02/2020,0,0,0,0,0,0,0,0,LAO.7_1,7
Laos,3,Luangnamtha,15/02/2020,0,0,0,0,0,0,0,0,LAO.7_1,7
Laos,3,Luangnamtha,16/02/2020,0,0,0,0,0,0,0,0,LAO.7_1,7
Laos,3,Luangnamtha,17/02/2020,0,0,0,0,0,0,0,0,LAO.7_1,7
Laos,3,Luangnamtha,18/02/2020,0,0,0,0,0,0,0,0,LAO.7_1,7
Laos,3,Luangnamtha,19/02/2020,0,0,0,0,0,0,0,0,LAO.7_1,7
Laos,3,Luangnamtha,20/02/2020,0,0,0,0,0,0,0,0,LAO.7_1,7
Laos,3,Luangnamtha,21/02/2020,0,0,0,0,0,0,0,0,LAO.7_1,7
Laos,3,Luangnamtha,22/02/2020,0,0,0,0,0,0,0,0,LAO.7_1,7
Laos,3,Luangnamtha,23/02/2020,0,0,0,0,0,0,0,0,LAO.7_1,7
Laos,3,Luangnamtha,24/02/2020,0,0,0,0,0,0,0,0,LAO.7_1,7
Laos,3,Luangnamtha,25/02/2020,0,0,0,0,0,0,0,0,LAO.7_1,7
Laos,3,Luangnamtha,26/02/2020,0,0,0,0,0,0,0,0,LAO.7_1,7
Laos,3,Luangnamtha,27/02/2020,0,0,0,0,0,0,0,0,LAO.7_1,7
Laos,3,Luangnamtha,28/02/2020,0,0,0,0,0,0,0,0,LAO.7_1,7
Laos,3,Luangnamtha,29/02/2020,0,0,0,0,0,0,0,0,LAO.7_1,7
Laos,3,Luangnamtha,01/03/2020,0,0,0,0,0,0,0,0,LAO.7_1,7
Laos,3,Luangnamtha,02/03/2020,0,0,0,0,0,0,0,0,LAO.7_1,7
Laos,3,Luangnamtha,03/03/2020,0,0,0,0,0,0,0,0,LAO.7_1,7
Laos,3,Luangnamtha,04/03/2020,0,0,0,0,0,0,0,0,LAO.7_1,7
Laos,3,Luangnamtha,05/03/2020,0,0,0,0,0,0,0,0,LAO.7_1,7
Laos,3,Luangnamtha,06/03/2020,0,0,0,0,0,0,0,0,LAO.7_1,7
Laos,3,Luangnamtha,07/03/2020,0,0,0,0,0,0,0,0,LAO.7_1,7
Laos,3,Luangnamtha,08/03/2020,0,0,0,0,0,0,0,0,LAO.7_1,7
Laos,3,Luangnamtha,09/03/2020,0,0,0,0,0,0,0,0,LAO.7_1,7
Laos,3,Luangnamtha,10/03/2020,0,0,0,0,0,0,0,0,LAO.7_1,7
Laos,3,Luangnamtha,11/03/2020,0,0,0,0,0,0,0,0,LAO.7_1,7
Laos,3,Luangnamtha,12/03/2020,0,0,0,0,0,0,0,0,LAO.7_1,7
Laos,3,Luangnamtha,13/03/2020,0,0,0,0,0,0,0,0,LAO.7_1,7
Laos,3,Luangnamtha,14/03/2020,0,0,0,0,0,0,0,0,LAO.7_1,7
Laos,3,Luangnamtha,15/03/2020,0,0,0,0,0,0,0,0,LAO.7_1,7
Laos,3,Luangnamtha,16/03/2020,0,0,0,0,0,0,0,0,LAO.7_1,7
Laos,3,Luangnamtha,17/03/2020,0,0,0,0,0,0,0,0,LAO.7_1,7
Laos,3,Luangnamtha,18/03/2020,0,0,0,0,0,0,0,0,LAO.7_1,7
Laos,3,Luangnamtha,19/03/2020,0,0,0,0,0,0,0,0,LAO.7_1,7
Laos,3,Luangnamtha,20/03/2020,0,0,0,0,0,0,0,0,LAO.7_1,7
Laos,3,Luangnamtha,21/03/2020,0,0,0,0,0,0,0,0,LAO.7_1,7
Laos,3,Luangnamtha,22/03/2020,0,0,0,0,0,0,0,0,LAO.7_1,7
Laos,3,Luangnamtha,23/03/2020,0,0,0,0,0,0,0,0,LAO.7_1,7
Laos,3,Luangnamtha,24/03/2020,0,0,0,0,0,0,0,0,LAO.7_1,7
Laos,3,Luangnamtha,25/03/2020,0,0,0,0,0,0,0,0,LAO.7_1,7
Laos,3,Luangnamtha,26/03/2020,0,0,0,0,0,0,0,0,LAO.7_1,7
Laos,3,Luangnamtha,27/03/2020,0,0,0,0,0,0,0,0,LAO.7_1,7
Laos,3,Luangnamtha,28/03/2020,0,0,0,0,0,0,0,0,LAO.7_1,7
Laos,3,Luangnamtha,29/03/2020,0,0,0,0,0,0,0,0,LAO.7_1,7
Laos,3,Luangnamtha,30/03/2020,0,0,0,0,0,0,0,0,LAO.7_1,7
Laos,3,Luangnamtha,31/03/2020,0,0,0,0,0,0,0,0,LAO.7_1,7
Laos,3,Luangnamtha,01/04/2020,0,0,0,0,0,0,0,0,LAO.7_1,7
Laos,3,Luangnamtha,02/04/2020,0,0,0,0,0,0,0,0,LAO.7_1,7
Laos,3,Luangnamtha,03/04/2020,0,0,0,0,0,0,0,0,LAO.7_1,7
Laos,3,Luangnamtha,04/04/2020,0,0,0,0,0,0,0,0,LAO.7_1,7
Laos,3,Luangnamtha,05/04/2020,0,0,0,0,0,0,0,0,LAO.7_1,7
Laos,3,Luangnamtha,06/04/2020,0,0,0,0,0,0,0,0,LAO.7_1,7
Laos,3,Luangnamtha,07/04/2020,0,0,0,0,0,0,0,0,LAO.7_1,7
Laos,3,Luangnamtha,08/04/2020,0,0,0,0,0,0,0,0,LAO.7_1,7
Laos,3,Luangnamtha,09/04/2020,0,0,0,0,0,0,0,0,LAO.7_1,7
Laos,3,Luangnamtha,10/04/2020,0,0,0,0,0,0,0,0,LAO.7_1,7
Laos,3,Luangnamtha,11/04/2020,0,0,0,0,0,0,0,0,LAO.7_1,7
Laos,3,Luangnamtha,12/04/2020,0,0,0,0,0,0,0,0,LAO.7_1,7
Laos,6,Luangprabang,27/01/2020,0,0,0,0,0,0,0,0,LAO.8_1,8
Laos,6,Luangprabang,28/01/2020,0,0,0,0,0,0,0,0,LAO.8_1,8
Laos,6,Luangprabang,29/01/2020,0,0,0,0,0,0,0,0,LAO.8_1,8
Laos,6,Luangprabang,30/01/2020,0,0,0,0,0,0,0,0,LAO.8_1,8
Laos,6,Luangprabang,31/01/2020,0,0,0,0,0,0,0,0,LAO.8_1,8
Laos,6,Luangprabang,01/02/2020,0,0,0,0,0,0,0,0,LAO.8_1,8
Laos,6,Luangprabang,02/02/2020,0,0,0,0,0,0,0,0,LAO.8_1,8
Laos,6,Luangprabang,03/02/2020,0,0,0,0,0,0,0,0,LAO.8_1,8
Laos,6,Luangprabang,04/02/2020,0,0,0,0,0,0,0,0,LAO.8_1,8
Laos,6,Luangprabang,05/02/2020,0,0,0,0,0,0,0,0,LAO.8_1,8
Laos,6,Luangprabang,06/02/2020,0,0,0,0,0,0,0,0,LAO.8_1,8
Laos,6,Luangprabang,07/02/2020,0,0,0,0,0,0,0,0,LAO.8_1,8
Laos,6,Luangprabang,08/02/2020,0,0,0,0,0,0,0,0,LAO.8_1,8
Laos,6,Luangprabang,09/02/2020,0,0,0,0,0,0,0,0,LAO.8_1,8
Laos,6,Luangprabang,10/02/2020,0,0,0,0,0,0,0,0,LAO.8_1,8
Laos,6,Luangprabang,11/02/2020,0,0,0,0,0,0,0,0,LAO.8_1,8
Laos,6,Luangprabang,12/02/2020,0,0,0,0,0,0,0,0,LAO.8_1,8
Laos,6,Luangprabang,13/02/2020,0,0,0,0,0,0,0,0,LAO.8_1,8
Laos,6,Luangprabang,14/02/2020,0,0,0,0,0,0,0,0,LAO.8_1,8
Laos,6,Luangprabang,15/02/2020,0,0,0,0,0,0,0,0,LAO.8_1,8
Laos,6,Luangprabang,16/02/2020,0,0,0,0,0,0,0,0,LAO.8_1,8
Laos,6,Luangprabang,17/02/2020,0,0,0,0,0,0,0,0,LAO.8_1,8
Laos,6,Luangprabang,18/02/2020,0,0,0,0,0,0,0,0,LAO.8_1,8
Laos,6,Luangprabang,19/02/2020,0,0,0,0,0,0,0,0,LAO.8_1,8
Laos,6,Luangprabang,20/02/2020,0,0,0,0,0,0,0,0,LAO.8_1,8
Laos,6,Luangprabang,21/02/2020,0,0,0,0,0,0,0,0,LAO.8_1,8
Laos,6,Luangprabang,22/02/2020,0,0,0,0,0,0,0,0,LAO.8_1,8
Laos,6,Luangprabang,23/02/2020,0,0,0,0,0,0,0,0,LAO.8_1,8
Laos,6,Luangprabang,24/02/2020,0,0,0,0,0,0,0,0,LAO.8_1,8
Laos,6,Luangprabang,25/02/2020,0,0,0,0,0,0,0,0,LAO.8_1,8
Laos,6,Luangprabang,26/02/2020,0,0,0,0,0,0,0,0,LAO.8_1,8
Laos,6,Luangprabang,27/02/2020,0,0,0,0,0,0,0,0,LAO.8_1,8
Laos,6,Luangprabang,28/02/2020,0,0,0,0,0,0,0,0,LAO.8_1,8
Laos,6,Luangprabang,29/02/2020,0,0,0,0,0,0,0,0,LAO.8_1,8
Laos,6,Luangprabang,01/03/2020,0,0,0,0,0,0,0,0,LAO.8_1,8
Laos,6,Luangprabang,02/03/2020,0,0,0,0,0,0,0,0,LAO.8_1,8
Laos,6,Luangprabang,03/03/2020,0,0,0,0,0,0,0,0,LAO.8_1,8
Laos,6,Luangprabang,04/03/2020,0,0,0,0,0,0,0,0,LAO.8_1,8
Laos,6,Luangprabang,05/03/2020,0,0,0,0,0,0,0,0,LAO.8_1,8
Laos,6,Luangprabang,06/03/2020,0,0,0,0,0,0,0,0,LAO.8_1,8
Laos,6,Luangprabang,07/03/2020,0,0,0,0,0,0,0,0,LAO.8_1,8
Laos,6,Luangprabang,08/03/2020,0,0,0,0,0,0,0,0,LAO.8_1,8
Laos,6,Luangprabang,09/03/2020,0,0,0,0,0,0,0,0,LAO.8_1,8
Laos,6,Luangprabang,10/03/2020,0,0,0,0,0,0,0,0,LAO.8_1,8
Laos,6,Luangprabang,11/03/2020,0,0,0,0,0,0,0,0,LAO.8_1,8
Laos,6,Luangprabang,12/03/2020,0,0,0,0,0,0,0,0,LAO.8_1,8
Laos,6,Luangprabang,13/03/2020,0,0,0,0,0,0,0,0,LAO.8_1,8
Laos,6,Luangprabang,14/03/2020,0,0,0,0,0,0,0,0,LAO.8_1,8
Laos,6,Luangprabang,15/03/2020,0,0,0,0,0,0,0,0,LAO.8_1,8
Laos,6,Luangprabang,16/03/2020,0,0,0,0,0,0,0,0,LAO.8_1,8
Laos,6,Luangprabang,17/03/2020,0,0,0,0,0,0,0,0,LAO.8_1,8
Laos,6,Luangprabang,18/03/2020,0,0,0,0,0,0,0,0,LAO.8_1,8
Laos,6,Luangprabang,19/03/2020,0,0,0,0,0,0,0,0,LAO.8_1,8
Laos,6,Luangprabang,20/03/2020,0,0,0,0,0,0,0,0,LAO.8_1,8
Laos,6,Luangprabang,21/03/2020,0,0,0,0,0,0,0,0,LAO.8_1,8
Laos,6,Luangprabang,22/03/2020,0,0,0,0,0,0,0,0,LAO.8_1,8
Laos,6,Luangprabang,23/03/2020,0,0,0,0,0,0,0,0,LAO.8_1,8
Laos,6,Luangprabang,24/03/2020,0,0,0,0,0,0,0,0,LAO.8_1,8
Laos,6,Luangprabang,25/03/2020,0,0,0,0,0,0,0,0,LAO.8_1,8
Laos,6,Luangprabang,26/03/2020,2,2,0,0,0,0,0,0,LAO.8_1,8
Laos,6,Luangprabang,27/03/2020,0,2,0,0,0,0,0,0,LAO.8_1,8
Laos,6,Luangprabang,28/03/2020,1,3,0,0,0,0,0,0,LAO.8_1,8
Laos,6,Luangprabang,29/03/2020,0,3,0,0,0,0,0,0,LAO.8_1,8
Laos,6,Luangprabang,30/03/2020,0,3,0,0,0,0,0,0,LAO.8_1,8
Laos,6,Luangprabang,31/03/2020,0,3,0,0,0,0,0,0,LAO.8_1,8
Laos,6,Luangprabang,01/04/2020,0,3,0,0,0,0,0,0,LAO.8_1,8
Laos,6,Luangprabang,02/04/2020,0,3,0,0,0,0,0,0,LAO.8_1,8
Laos,6,Luangprabang,03/04/2020,0,3,0,0,0,0,0,0,LAO.8_1,8
Laos,6,Luangprabang,04/04/2020,0,3,0,0,0,0,0,0,LAO.8_1,8
Laos,6,Luangprabang,05/04/2020,0,3,0,0,0,0,0,0,LAO.8_1,8
Laos,6,Luangprabang,06/04/2020,0,3,0,0,0,0,0,0,LAO.8_1,8
Laos,6,Luangprabang,07/04/2020,0,3,0,0,0,0,0,0,LAO.8_1,8
Laos,6,Luangprabang,08/04/2020,0,3,0,0,0,0,0,0,LAO.8_1,8
Laos,6,Luangprabang,09/04/2020,0,3,0,0,0,0,0,0,LAO.8_1,8
Laos,6,Luangprabang,10/04/2020,0,3,0,0,0,0,0,0,LAO.8_1,8
Laos,6,Luangprabang,11/04/2020,0,3,0,0,0,0,0,0,LAO.8_1,8
Laos,6,Luangprabang,12/04/2020,0,3,0,0,0,0,0,0,LAO.8_1,8
Laos,4,Oudomxay,27/01/2020,0,0,0,0,0,0,0,0,LAO.9_1,9
Laos,4,Oudomxay,28/01/2020,0,0,0,0,0,0,0,0,LAO.9_1,9
Laos,4,Oudomxay,29/01/2020,0,0,0,0,0,0,0,0,LAO.9_1,9
Laos,4,Oudomxay,30/01/2020,0,0,0,0,0,0,0,0,LAO.9_1,9
Laos,4,Oudomxay,31/01/2020,0,0,0,0,0,0,0,0,LAO.9_1,9
Laos,4,Oudomxay,01/02/2020,0,0,0,0,0,0,0,0,LAO.9_1,9
Laos,4,Oudomxay,02/02/2020,0,0,0,0,0,0,0,0,LAO.9_1,9
Laos,4,Oudomxay,03/02/2020,0,0,0,0,0,0,0,0,LAO.9_1,9
Laos,4,Oudomxay,04/02/2020,0,0,0,0,0,0,0,0,LAO.9_1,9
Laos,4,Oudomxay,05/02/2020,0,0,0,0,0,0,0,0,LAO.9_1,9
Laos,4,Oudomxay,06/02/2020,0,0,0,0,0,0,0,0,LAO.9_1,9
Laos,4,Oudomxay,07/02/2020,0,0,0,0,0,0,0,0,LAO.9_1,9
Laos,4,Oudomxay,08/02/2020,0,0,0,0,0,0,0,0,LAO.9_1,9
Laos,4,Oudomxay,09/02/2020,0,0,0,0,0,0,0,0,LAO.9_1,9
Laos,4,Oudomxay,10/02/2020,0,0,0,0,0,0,0,0,LAO.9_1,9
Laos,4,Oudomxay,11/02/2020,0,0,0,0,0,0,0,0,LAO.9_1,9
Laos,4,Oudomxay,12/02/2020,0,0,0,0,0,0,0,0,LAO.9_1,9
Laos,4,Oudomxay,13/02/2020,0,0,0,0,0,0,0,0,LAO.9_1,9
Laos,4,Oudomxay,14/02/2020,0,0,0,0,0,0,0,0,LAO.9_1,9
Laos,4,Oudomxay,15/02/2020,0,0,0,0,0,0,0,0,LAO.9_1,9
Laos,4,Oudomxay,16/02/2020,0,0,0,0,0,0,0,0,LAO.9_1,9
Laos,4,Oudomxay,17/02/2020,0,0,0,0,0,0,0,0,LAO.9_1,9
Laos,4,Oudomxay,18/02/2020,0,0,0,0,0,0,0,0,LAO.9_1,9
Laos,4,Oudomxay,19/02/2020,0,0,0,0,0,0,0,0,LAO.9_1,9
Laos,4,Oudomxay,20/02/2020,0,0,0,0,0,0,0,0,LAO.9_1,9
Laos,4,Oudomxay,21/02/2020,0,0,0,0,0,0,0,0,LAO.9_1,9
Laos,4,Oudomxay,22/02/2020,0,0,0,0,0,0,0,0,LAO.9_1,9
Laos,4,Oudomxay,23/02/2020,0,0,0,0,0,0,0,0,LAO.9_1,9
Laos,4,Oudomxay,24/02/2020,0,0,0,0,0,0,0,0,LAO.9_1,9
Laos,4,Oudomxay,25/02/2020,0,0,0,0,0,0,0,0,LAO.9_1,9
Laos,4,Oudomxay,26/02/2020,0,0,0,0,0,0,0,0,LAO.9_1,9
Laos,4,Oudomxay,27/02/2020,0,0,0,0,0,0,0,0,LAO.9_1,9
Laos,4,Oudomxay,28/02/2020,0,0,0,0,0,0,0,0,LAO.9_1,9
Laos,4,Oudomxay,29/02/2020,0,0,0,0,0,0,0,0,LAO.9_1,9
Laos,4,Oudomxay,01/03/2020,0,0,0,0,0,0,0,0,LAO.9_1,9
Laos,4,Oudomxay,02/03/2020,0,0,0,0,0,0,0,0,LAO.9_1,9
Laos,4,Oudomxay,03/03/2020,0,0,0,0,0,0,0,0,LAO.9_1,9
Laos,4,Oudomxay,04/03/2020,0,0,0,0,0,0,0,0,LAO.9_1,9
Laos,4,Oudomxay,05/03/2020,0,0,0,0,0,0,0,0,LAO.9_1,9
Laos,4,Oudomxay,06/03/2020,0,0,0,0,0,0,0,0,LAO.9_1,9
Laos,4,Oudomxay,07/03/2020,0,0,0,0,0,0,0,0,LAO.9_1,9
Laos,4,Oudomxay,08/03/2020,0,0,0,0,0,0,0,0,LAO.9_1,9
Laos,4,Oudomxay,09/03/2020,0,0,0,0,0,0,0,0,LAO.9_1,9
Laos,4,Oudomxay,10/03/2020,0,0,0,0,0,0,0,0,LAO.9_1,9
Laos,4,Oudomxay,11/03/2020,0,0,0,0,0,0,0,0,LAO.9_1,9
Laos,4,Oudomxay,12/03/2020,0,0,0,0,0,0,0,0,LAO.9_1,9
Laos,4,Oudomxay,13/03/2020,0,0,0,0,0,0,0,0,LAO.9_1,9
Laos,4,Oudomxay,14/03/2020,0,0,0,0,0,0,0,0,LAO.9_1,9
Laos,4,Oudomxay,15/03/2020,0,0,0,0,0,0,0,0,LAO.9_1,9
Laos,4,Oudomxay,16/03/2020,0,0,0,0,0,0,0,0,LAO.9_1,9
Laos,4,Oudomxay,17/03/2020,0,0,0,0,0,0,0,0,LAO.9_1,9
Laos,4,Oudomxay,18/03/2020,0,0,0,0,0,0,0,0,LAO.9_1,9
Laos,4,Oudomxay,19/03/2020,0,0,0,0,0,0,0,0,LAO.9_1,9
Laos,4,Oudomxay,20/03/2020,0,0,0,0,0,0,0,0,LAO.9_1,9
Laos,4,Oudomxay,21/03/2020,0,0,0,0,0,0,0,0,LAO.9_1,9
Laos,4,Oudomxay,22/03/2020,0,0,0,0,0,0,0,0,LAO.9_1,9
Laos,4,Oudomxay,23/03/2020,0,0,0,0,0,0,0,0,LAO.9_1,9
Laos,4,Oudomxay,24/03/2020,0,0,0,0,0,0,0,0,LAO.9_1,9
Laos,4,Oudomxay,25/03/2020,0,0,0,0,0,0,0,0,LAO.9_1,9
Laos,4,Oudomxay,26/03/2020,0,0,0,0,0,0,0,0,LAO.9_1,9
Laos,4,Oudomxay,27/03/2020,0,0,0,0,0,0,0,0,LAO.9_1,9
Laos,4,Oudomxay,28/03/2020,0,0,0,0,0,0,0,0,LAO.9_1,9
Laos,4,Oudomxay,29/03/2020,0,0,0,0,0,0,0,0,LAO.9_1,9
Laos,4,Oudomxay,30/03/2020,0,0,0,0,0,0,0,0,LAO.9_1,9
Laos,4,Oudomxay,31/03/2020,0,0,0,0,0,0,0,0,LAO.9_1,9
Laos,4,Oudomxay,01/04/2020,0,0,0,0,0,0,0,0,LAO.9_1,9
Laos,4,Oudomxay,02/04/2020,0,0,0,0,0,0,0,0,LAO.9_1,9
Laos,4,Oudomxay,03/04/2020,0,0,0,0,0,0,0,0,LAO.9_1,9
Laos,4,Oudomxay,04/04/2020,0,0,0,0,0,0,0,0,LAO.9_1,9
Laos,4,Oudomxay,05/04/2020,0,0,0,0,0,0,0,0,LAO.9_1,9
Laos,4,Oudomxay,06/04/2020,0,0,0,0,0,0,0,0,LAO.9_1,9
Laos,4,Oudomxay,07/04/2020,0,0,0,0,0,0,0,0,LAO.9_1,9
Laos,4,Oudomxay,08/04/2020,0,0,0,0,0,0,0,0,LAO.9_1,9
Laos,4,Oudomxay,09/04/2020,0,0,0,0,0,0,0,0,LAO.9_1,9
Laos,4,Oudomxay,10/04/2020,0,0,0,0,0,0,0,0,LAO.9_1,9
Laos,4,Oudomxay,11/04/2020,0,0,0,0,0,0,0,0,LAO.9_1,9
Laos,4,Oudomxay,12/04/2020,0,0,0,0,0,0,0,0,LAO.9_1,9
