country_region,country_region_name,country_name,country_unsd,country_iso,date,region_code,region_name,gid_0,gid_1,case_confirmed,case_deaths,case_recovered
2,ECS,Spain,724,ESP,15/05/2020,1,Andalucía,ESP,ESP.1_1,12359,1336,9918
2,ECS,Spain,724,ESP,16/05/2020,1,Andalucía,ESP,ESP.1_1,12401,1344,10148
2,ECS,Spain,724,ESP,17/05/2020,1,Andalucía,ESP,ESP.1_1,12420,1355,10319
2,ECS,Spain,724,ESP,18/05/2020,1,Andalucía,ESP,ESP.1_1,12420,1355,10319
2,ECS,Spain,724,ESP,19/05/2020,1,Andalucía,ESP,ESP.1_1,12458,1358,10671
2,ECS,Spain,724,ESP,20/05/2020,1,Andalucía,ESP,ESP.1_1,12471,1358,0
2,ECS,Spain,724,ESP,21/05/2020,1,Andalucía,ESP,ESP.1_1,12502,1371,0
2,ECS,Spain,724,ESP,22/05/2020,1,Andalucía,ESP,ESP.1_1,12547,1375,0
2,ECS,Spain,724,ESP,23/05/2020,1,Andalucía,ESP,ESP.1_1,12576,1377,0
2,ECS,Spain,724,ESP,24/05/2020,1,Andalucía,ESP,ESP.1_1,12597,1389,0
2,ECS,Spain,724,ESP,25/05/2020,1,Andalucía,ESP,ESP.1_1,12600,1391,0
2,ECS,Spain,724,ESP,26/05/2020,1,Andalucía,ESP,ESP.1_1,12450,1334,0
2,ECS,Spain,724,ESP,27/05/2020,1,Andalucía,ESP,ESP.1_1,12612,1404,10671
2,ECS,Spain,724,ESP,28/05/2020,1,Andalucía,ESP,ESP.1_1,12612,1404,10671
2,ECS,Spain,724,ESP,29/05/2020,1,Andalucía,ESP,ESP.1_1,12639,1404,10671
2,ECS,Spain,724,ESP,30/05/2020,1,Andalucía,ESP,ESP.1_1,12655,1404,10671
2,ECS,Spain,724,ESP,31/05/2020,1,Andalucía,ESP,ESP.1_1,12668,1404,10671
2,ECS,Spain,724,ESP,01/06/2020,1,Andalucía,ESP,ESP.1_1,12673,1404,10671
2,ECS,Spain,724,ESP,02/06/2020,1,Andalucía,ESP,ESP.1_1,12679,1404,10671
2,ECS,Spain,724,ESP,03/06/2020,1,Andalucía,ESP,ESP.1_1,12708,1404,10671
2,ECS,Spain,724,ESP,04/06/2020,1,Andalucía,ESP,ESP.1_1,12726,1404,10671
2,ECS,Spain,724,ESP,05/06/2020,1,Andalucía,ESP,ESP.1_1,12743,1404,10671
2,ECS,Spain,724,ESP,06/06/2020,1,Andalucía,ESP,ESP.1_1,12759,1404,10671
2,ECS,Spain,724,ESP,07/06/2020,1,Andalucía,ESP,ESP.1_1,12776,1404,10671
2,ECS,Spain,724,ESP,08/06/2020,1,Andalucía,ESP,ESP.1_1,12783,1404,10671
2,ECS,Spain,724,ESP,09/06/2020,1,Andalucía,ESP,ESP.1_1,12785,1404,10671
2,ECS,Spain,724,ESP,10/06/2020,1,Andalucía,ESP,ESP.1_1,12791,1404,10671
2,ECS,Spain,724,ESP,11/06/2020,1,Andalucía,ESP,ESP.1_1,12800,1404,10671
2,ECS,Spain,724,ESP,12/06/2020,1,Andalucía,ESP,ESP.1_1,12804,1404,10671
2,ECS,Spain,724,ESP,13/06/2020,1,Andalucía,ESP,ESP.1_1,12814,1404,10671
2,ECS,Spain,724,ESP,14/06/2020,1,Andalucía,ESP,ESP.1_1,12823,1404,10671
2,ECS,Spain,724,ESP,15/06/2020,1,Andalucía,ESP,ESP.1_1,12827,1404,10671
2,ECS,Spain,724,ESP,16/06/2020,1,Andalucía,ESP,ESP.1_1,12830,1404,10671
2,ECS,Spain,724,ESP,17/06/2020,1,Andalucía,ESP,ESP.1_1,12835,1404,10671
2,ECS,Spain,724,ESP,18/06/2020,1,Andalucía,ESP,ESP.1_1,12839,1404,10671
2,ECS,Spain,724,ESP,19/06/2020,1,Andalucía,ESP,ESP.1_1,12844,1404,10671
2,ECS,Spain,724,ESP,20/06/2020,1,Andalucía,ESP,ESP.1_1,12864,1426,10671
2,ECS,Spain,724,ESP,21/06/2020,1,Andalucía,ESP,ESP.1_1,12875,1426,10671
2,ECS,Spain,724,ESP,22/06/2020,1,Andalucía,ESP,ESP.1_1,12884,1426,10671
2,ECS,Spain,724,ESP,23/06/2020,1,Andalucía,ESP,ESP.1_1,12892,1426,10671
2,ECS,Spain,724,ESP,24/06/2020,1,Andalucía,ESP,ESP.1_1,12895,1426,10671
2,ECS,Spain,724,ESP,25/06/2020,1,Andalucía,ESP,ESP.1_1,12917,1426,10671
2,ECS,Spain,724,ESP,26/06/2020,1,Andalucía,ESP,ESP.1_1,12957,1426,10671
2,ECS,Spain,724,ESP,27/06/2020,1,Andalucía,ESP,ESP.1_1,12984,1426,10671
2,ECS,Spain,724,ESP,28/06/2020,1,Andalucía,ESP,ESP.1_1,13027,1426,10671
2,ECS,Spain,724,ESP,29/06/2020,1,Andalucía,ESP,ESP.1_1,13045,1426,10671
2,ECS,Spain,724,ESP,30/06/2020,1,Andalucía,ESP,ESP.1_1,13080,1426,10671
2,ECS,Spain,724,ESP,01/07/2020,1,Andalucía,ESP,ESP.1_1,13102,1427,10671
2,ECS,Spain,724,ESP,02/07/2020,1,Andalucía,ESP,ESP.1_1,13139,1428,10671
2,ECS,Spain,724,ESP,03/07/2020,1,Andalucía,ESP,ESP.1_1,13123,1428,10671
2,ECS,Spain,724,ESP,04/07/2020,1,Andalucía,ESP,ESP.1_1,13205,1433,10671
2,ECS,Spain,724,ESP,05/07/2020,1,Andalucía,ESP,ESP.1_1,13205,1433,10671
2,ECS,Spain,724,ESP,06/07/2020,1,Andalucía,ESP,ESP.1_1,13205,1433,10671
2,ECS,Spain,724,ESP,07/07/2020,1,Andalucía,ESP,ESP.1_1,13259,1433,10671
2,ECS,Spain,724,ESP,08/07/2020,1,Andalucía,ESP,ESP.1_1,13275,1433,10671
2,ECS,Spain,724,ESP,09/07/2020,1,Andalucía,ESP,ESP.1_1,13303,1434,10671
2,ECS,Spain,724,ESP,10/07/2020,1,Andalucía,ESP,ESP.1_1,13338,1435,10671
2,ECS,Spain,724,ESP,11/07/2020,1,Andalucía,ESP,ESP.1_1,13386,1435,10671
2,ECS,Spain,724,ESP,12/07/2020,1,Andalucía,ESP,ESP.1_1,13386,1435,10671
2,ECS,Spain,724,ESP,13/07/2020,1,Andalucía,ESP,ESP.1_1,13386,1435,10671
2,ECS,Spain,724,ESP,14/07/2020,1,Andalucía,ESP,ESP.1_1,13510,1435,10671
2,ECS,Spain,724,ESP,15/07/2020,1,Andalucía,ESP,ESP.1_1,13540,1435,10671
2,ECS,Spain,724,ESP,16/07/2020,1,Andalucía,ESP,ESP.1_1,13573,1435,10671
2,ECS,Spain,724,ESP,17/07/2020,1,Andalucía,ESP,ESP.1_1,13663,1435,10671
2,ECS,Spain,724,ESP,18/07/2020,1,Andalucía,ESP,ESP.1_1,13731,1435,10671
2,ECS,Spain,724,ESP,19/07/2020,1,Andalucía,ESP,ESP.1_1,13731,1435,10671
2,ECS,Spain,724,ESP,20/07/2020,1,Andalucía,ESP,ESP.1_1,13731,1435,10671
2,ECS,Spain,724,ESP,15/05/2020,2,Aragón,ESP,ESP.2_1,5389,836,3471
2,ECS,Spain,724,ESP,16/05/2020,2,Aragón,ESP,ESP.2_1,5432,837,3534
2,ECS,Spain,724,ESP,17/05/2020,2,Aragón,ESP,ESP.2_1,5456,838,3655
2,ECS,Spain,724,ESP,18/05/2020,2,Aragón,ESP,ESP.2_1,5456,838,3655
2,ECS,Spain,724,ESP,19/05/2020,2,Aragón,ESP,ESP.2_1,5503,838,3772
2,ECS,Spain,724,ESP,20/05/2020,2,Aragón,ESP,ESP.2_1,5520,843,0
2,ECS,Spain,724,ESP,21/05/2020,2,Aragón,ESP,ESP.2_1,5551,843,0
2,ECS,Spain,724,ESP,22/05/2020,2,Aragón,ESP,ESP.2_1,5588,848,0
2,ECS,Spain,724,ESP,23/05/2020,2,Aragón,ESP,ESP.2_1,5618,858,0
2,ECS,Spain,724,ESP,24/05/2020,2,Aragón,ESP,ESP.2_1,5627,858,0
2,ECS,Spain,724,ESP,25/05/2020,2,Aragón,ESP,ESP.2_1,5646,858,0
2,ECS,Spain,724,ESP,26/05/2020,2,Aragón,ESP,ESP.2_1,5600,826,0
2,ECS,Spain,724,ESP,27/05/2020,2,Aragón,ESP,ESP.2_1,5600,826,3772
2,ECS,Spain,724,ESP,28/05/2020,2,Aragón,ESP,ESP.2_1,5600,826,3772
2,ECS,Spain,724,ESP,29/05/2020,2,Aragón,ESP,ESP.2_1,5656,826,3772
2,ECS,Spain,724,ESP,30/05/2020,2,Aragón,ESP,ESP.2_1,5671,826,3772
2,ECS,Spain,724,ESP,31/05/2020,2,Aragón,ESP,ESP.2_1,5680,826,3772
2,ECS,Spain,724,ESP,01/06/2020,2,Aragón,ESP,ESP.2_1,5691,826,3772
2,ECS,Spain,724,ESP,02/06/2020,2,Aragón,ESP,ESP.2_1,5695,826,3772
2,ECS,Spain,724,ESP,03/06/2020,2,Aragón,ESP,ESP.2_1,5711,826,3772
2,ECS,Spain,724,ESP,04/06/2020,2,Aragón,ESP,ESP.2_1,5731,826,3772
2,ECS,Spain,724,ESP,05/06/2020,2,Aragón,ESP,ESP.2_1,5734,826,3772
2,ECS,Spain,724,ESP,06/06/2020,2,Aragón,ESP,ESP.2_1,5757,826,3772
2,ECS,Spain,724,ESP,07/06/2020,2,Aragón,ESP,ESP.2_1,5770,826,3772
2,ECS,Spain,724,ESP,08/06/2020,2,Aragón,ESP,ESP.2_1,5781,826,3772
2,ECS,Spain,724,ESP,09/06/2020,2,Aragón,ESP,ESP.2_1,5785,826,3772
2,ECS,Spain,724,ESP,10/06/2020,2,Aragón,ESP,ESP.2_1,5792,826,3772
2,ECS,Spain,724,ESP,11/06/2020,2,Aragón,ESP,ESP.2_1,5806,826,3772
2,ECS,Spain,724,ESP,12/06/2020,2,Aragón,ESP,ESP.2_1,5812,826,3772
2,ECS,Spain,724,ESP,13/06/2020,2,Aragón,ESP,ESP.2_1,5833,826,3772
2,ECS,Spain,724,ESP,14/06/2020,2,Aragón,ESP,ESP.2_1,5836,826,3772
2,ECS,Spain,724,ESP,15/06/2020,2,Aragón,ESP,ESP.2_1,5840,826,3772
2,ECS,Spain,724,ESP,16/06/2020,2,Aragón,ESP,ESP.2_1,5842,826,3772
2,ECS,Spain,724,ESP,17/06/2020,2,Aragón,ESP,ESP.2_1,5845,826,3772
2,ECS,Spain,724,ESP,18/06/2020,2,Aragón,ESP,ESP.2_1,5850,826,3772
2,ECS,Spain,724,ESP,19/06/2020,2,Aragón,ESP,ESP.2_1,5855,826,3772
2,ECS,Spain,724,ESP,20/06/2020,2,Aragón,ESP,ESP.2_1,5880,911,3772
2,ECS,Spain,724,ESP,21/06/2020,2,Aragón,ESP,ESP.2_1,5898,911,3772
2,ECS,Spain,724,ESP,22/06/2020,2,Aragón,ESP,ESP.2_1,5931,911,3772
2,ECS,Spain,724,ESP,23/06/2020,2,Aragón,ESP,ESP.2_1,5964,911,3772
2,ECS,Spain,724,ESP,24/06/2020,2,Aragón,ESP,ESP.2_1,6011,911,3772
2,ECS,Spain,724,ESP,25/06/2020,2,Aragón,ESP,ESP.2_1,6060,911,3772
2,ECS,Spain,724,ESP,26/06/2020,2,Aragón,ESP,ESP.2_1,6112,911,3772
2,ECS,Spain,724,ESP,27/06/2020,2,Aragón,ESP,ESP.2_1,6228,912,3772
2,ECS,Spain,724,ESP,28/06/2020,2,Aragón,ESP,ESP.2_1,6255,912,3772
2,ECS,Spain,724,ESP,29/06/2020,2,Aragón,ESP,ESP.2_1,6304,912,3772
2,ECS,Spain,724,ESP,30/06/2020,2,Aragón,ESP,ESP.2_1,6319,912,3772
2,ECS,Spain,724,ESP,01/07/2020,2,Aragón,ESP,ESP.2_1,6330,912,3772
2,ECS,Spain,724,ESP,02/07/2020,2,Aragón,ESP,ESP.2_1,6353,912,3772
2,ECS,Spain,724,ESP,03/07/2020,2,Aragón,ESP,ESP.2_1,6380,912,3772
2,ECS,Spain,724,ESP,04/07/2020,2,Aragón,ESP,ESP.2_1,6412,912,3772
2,ECS,Spain,724,ESP,05/07/2020,2,Aragón,ESP,ESP.2_1,6412,912,3772
2,ECS,Spain,724,ESP,06/07/2020,2,Aragón,ESP,ESP.2_1,6412,912,3772
2,ECS,Spain,724,ESP,07/07/2020,2,Aragón,ESP,ESP.2_1,6495,913,3772
2,ECS,Spain,724,ESP,08/07/2020,2,Aragón,ESP,ESP.2_1,6519,913,3772
2,ECS,Spain,724,ESP,09/07/2020,2,Aragón,ESP,ESP.2_1,6578,913,3772
2,ECS,Spain,724,ESP,10/07/2020,2,Aragón,ESP,ESP.2_1,6637,913,3772
2,ECS,Spain,724,ESP,11/07/2020,2,Aragón,ESP,ESP.2_1,6632,915,3772
2,ECS,Spain,724,ESP,12/07/2020,2,Aragón,ESP,ESP.2_1,6632,915,3772
2,ECS,Spain,724,ESP,13/07/2020,2,Aragón,ESP,ESP.2_1,6632,915,3772
2,ECS,Spain,724,ESP,14/07/2020,2,Aragón,ESP,ESP.2_1,6861,915,3772
2,ECS,Spain,724,ESP,15/07/2020,2,Aragón,ESP,ESP.2_1,6945,915,3772
2,ECS,Spain,724,ESP,16/07/2020,2,Aragón,ESP,ESP.2_1,7111,915,3772
2,ECS,Spain,724,ESP,17/07/2020,2,Aragón,ESP,ESP.2_1,7384,915,3772
2,ECS,Spain,724,ESP,18/07/2020,2,Aragón,ESP,ESP.2_1,7639,915,3772
2,ECS,Spain,724,ESP,19/07/2020,2,Aragón,ESP,ESP.2_1,7639,915,3772
2,ECS,Spain,724,ESP,20/07/2020,2,Aragón,ESP,ESP.2_1,7639,915,3772
2,ECS,Spain,724,ESP,15/05/2020,3,"Asturias, Principado de",ESP,ESP.17_1,2356,308,1046
2,ECS,Spain,724,ESP,16/05/2020,3,"Asturias, Principado de",ESP,ESP.17_1,2359,310,1053
2,ECS,Spain,724,ESP,17/05/2020,3,"Asturias, Principado de",ESP,ESP.17_1,2366,313,1055
2,ECS,Spain,724,ESP,18/05/2020,3,"Asturias, Principado de",ESP,ESP.17_1,2366,313,1055
2,ECS,Spain,724,ESP,19/05/2020,3,"Asturias, Principado de",ESP,ESP.17_1,2369,317,1063
2,ECS,Spain,724,ESP,20/05/2020,3,"Asturias, Principado de",ESP,ESP.17_1,2373,303,0
2,ECS,Spain,724,ESP,21/05/2020,3,"Asturias, Principado de",ESP,ESP.17_1,2374,304,0
2,ECS,Spain,724,ESP,22/05/2020,3,"Asturias, Principado de",ESP,ESP.17_1,2374,307,0
2,ECS,Spain,724,ESP,23/05/2020,3,"Asturias, Principado de",ESP,ESP.17_1,2376,307,0
2,ECS,Spain,724,ESP,24/05/2020,3,"Asturias, Principado de",ESP,ESP.17_1,2377,307,0
2,ECS,Spain,724,ESP,25/05/2020,3,"Asturias, Principado de",ESP,ESP.17_1,2397,308,0
2,ECS,Spain,724,ESP,26/05/2020,3,"Asturias, Principado de",ESP,ESP.17_1,2380,288,0
2,ECS,Spain,724,ESP,27/05/2020,3,"Asturias, Principado de",ESP,ESP.17_1,2399,310,1063
2,ECS,Spain,724,ESP,28/05/2020,3,"Asturias, Principado de",ESP,ESP.17_1,2399,310,1063
2,ECS,Spain,724,ESP,29/05/2020,3,"Asturias, Principado de",ESP,ESP.17_1,2400,310,1063
2,ECS,Spain,724,ESP,30/05/2020,3,"Asturias, Principado de",ESP,ESP.17_1,2401,310,1063
2,ECS,Spain,724,ESP,31/05/2020,3,"Asturias, Principado de",ESP,ESP.17_1,2421,310,1063
2,ECS,Spain,724,ESP,01/06/2020,3,"Asturias, Principado de",ESP,ESP.17_1,2424,310,1063
2,ECS,Spain,724,ESP,02/06/2020,3,"Asturias, Principado de",ESP,ESP.17_1,2425,310,1063
2,ECS,Spain,724,ESP,03/06/2020,3,"Asturias, Principado de",ESP,ESP.17_1,2425,310,1063
2,ECS,Spain,724,ESP,04/06/2020,3,"Asturias, Principado de",ESP,ESP.17_1,2425,310,1063
2,ECS,Spain,724,ESP,05/06/2020,3,"Asturias, Principado de",ESP,ESP.17_1,2425,311,1063
2,ECS,Spain,724,ESP,06/06/2020,3,"Asturias, Principado de",ESP,ESP.17_1,2424,312,1063
2,ECS,Spain,724,ESP,07/06/2020,3,"Asturias, Principado de",ESP,ESP.17_1,2426,313,1063
2,ECS,Spain,724,ESP,08/06/2020,3,"Asturias, Principado de",ESP,ESP.17_1,2427,314,1063
2,ECS,Spain,724,ESP,09/06/2020,3,"Asturias, Principado de",ESP,ESP.17_1,2429,314,1063
2,ECS,Spain,724,ESP,10/06/2020,3,"Asturias, Principado de",ESP,ESP.17_1,2430,314,1063
2,ECS,Spain,724,ESP,11/06/2020,3,"Asturias, Principado de",ESP,ESP.17_1,2431,314,1063
2,ECS,Spain,724,ESP,12/06/2020,3,"Asturias, Principado de",ESP,ESP.17_1,2431,314,1063
2,ECS,Spain,724,ESP,13/06/2020,3,"Asturias, Principado de",ESP,ESP.17_1,2435,314,1063
2,ECS,Spain,724,ESP,14/06/2020,3,"Asturias, Principado de",ESP,ESP.17_1,2437,314,1063
2,ECS,Spain,724,ESP,15/06/2020,3,"Asturias, Principado de",ESP,ESP.17_1,2437,314,1063
2,ECS,Spain,724,ESP,16/06/2020,3,"Asturias, Principado de",ESP,ESP.17_1,2437,314,1063
2,ECS,Spain,724,ESP,17/06/2020,3,"Asturias, Principado de",ESP,ESP.17_1,2438,314,1063
2,ECS,Spain,724,ESP,18/06/2020,3,"Asturias, Principado de",ESP,ESP.17_1,2436,314,1063
2,ECS,Spain,724,ESP,19/06/2020,3,"Asturias, Principado de",ESP,ESP.17_1,2435,314,1063
2,ECS,Spain,724,ESP,20/06/2020,3,"Asturias, Principado de",ESP,ESP.17_1,2435,333,1063
2,ECS,Spain,724,ESP,21/06/2020,3,"Asturias, Principado de",ESP,ESP.17_1,2435,333,1063
2,ECS,Spain,724,ESP,22/06/2020,3,"Asturias, Principado de",ESP,ESP.17_1,2435,333,1063
2,ECS,Spain,724,ESP,23/06/2020,3,"Asturias, Principado de",ESP,ESP.17_1,2435,333,1063
2,ECS,Spain,724,ESP,24/06/2020,3,"Asturias, Principado de",ESP,ESP.17_1,2435,333,1063
2,ECS,Spain,724,ESP,25/06/2020,3,"Asturias, Principado de",ESP,ESP.17_1,2435,333,1063
2,ECS,Spain,724,ESP,26/06/2020,3,"Asturias, Principado de",ESP,ESP.17_1,2435,334,1063
2,ECS,Spain,724,ESP,27/06/2020,3,"Asturias, Principado de",ESP,ESP.17_1,2435,334,1063
2,ECS,Spain,724,ESP,28/06/2020,3,"Asturias, Principado de",ESP,ESP.17_1,2435,334,1063
2,ECS,Spain,724,ESP,29/06/2020,3,"Asturias, Principado de",ESP,ESP.17_1,2435,334,1063
2,ECS,Spain,724,ESP,30/06/2020,3,"Asturias, Principado de",ESP,ESP.17_1,2435,334,1063
2,ECS,Spain,724,ESP,01/07/2020,3,"Asturias, Principado de",ESP,ESP.17_1,2435,334,1063
2,ECS,Spain,724,ESP,02/07/2020,3,"Asturias, Principado de",ESP,ESP.17_1,2435,334,1063
2,ECS,Spain,724,ESP,03/07/2020,3,"Asturias, Principado de",ESP,ESP.17_1,2435,334,1063
2,ECS,Spain,724,ESP,04/07/2020,3,"Asturias, Principado de",ESP,ESP.17_1,2435,334,1063
2,ECS,Spain,724,ESP,05/07/2020,3,"Asturias, Principado de",ESP,ESP.17_1,2435,334,1063
2,ECS,Spain,724,ESP,06/07/2020,3,"Asturias, Principado de",ESP,ESP.17_1,2435,334,1063
2,ECS,Spain,724,ESP,07/07/2020,3,"Asturias, Principado de",ESP,ESP.17_1,2435,334,1063
2,ECS,Spain,724,ESP,08/07/2020,3,"Asturias, Principado de",ESP,ESP.17_1,2435,334,1063
2,ECS,Spain,724,ESP,09/07/2020,3,"Asturias, Principado de",ESP,ESP.17_1,2436,334,1063
2,ECS,Spain,724,ESP,10/07/2020,3,"Asturias, Principado de",ESP,ESP.17_1,2436,334,1063
2,ECS,Spain,724,ESP,11/07/2020,3,"Asturias, Principado de",ESP,ESP.17_1,2437,334,1063
2,ECS,Spain,724,ESP,12/07/2020,3,"Asturias, Principado de",ESP,ESP.17_1,2437,334,1063
2,ECS,Spain,724,ESP,13/07/2020,3,"Asturias, Principado de",ESP,ESP.17_1,2437,334,1063
2,ECS,Spain,724,ESP,14/07/2020,3,"Asturias, Principado de",ESP,ESP.17_1,2437,334,1063
2,ECS,Spain,724,ESP,15/07/2020,3,"Asturias, Principado de",ESP,ESP.17_1,2442,334,1063
2,ECS,Spain,724,ESP,16/07/2020,3,"Asturias, Principado de",ESP,ESP.17_1,2442,334,1063
2,ECS,Spain,724,ESP,17/07/2020,3,"Asturias, Principado de",ESP,ESP.17_1,2442,334,1063
2,ECS,Spain,724,ESP,18/07/2020,3,"Asturias, Principado de",ESP,ESP.17_1,2442,334,1063
2,ECS,Spain,724,ESP,19/07/2020,3,"Asturias, Principado de",ESP,ESP.17_1,2442,334,1063
2,ECS,Spain,724,ESP,20/07/2020,3,"Asturias, Principado de",ESP,ESP.17_1,2442,334,1063
2,ECS,Spain,724,ESP,15/05/2020,4,"Balears, Illes",ESP,ESP.13_1,1958,216,1492
2,ECS,Spain,724,ESP,16/05/2020,4,"Balears, Illes",ESP,ESP.13_1,1967,216,1513
2,ECS,Spain,724,ESP,17/05/2020,4,"Balears, Illes",ESP,ESP.13_1,1982,216,1519
2,ECS,Spain,724,ESP,18/05/2020,4,"Balears, Illes",ESP,ESP.13_1,1982,216,1519
2,ECS,Spain,724,ESP,19/05/2020,4,"Balears, Illes",ESP,ESP.13_1,1993,218,1533
2,ECS,Spain,724,ESP,20/05/2020,4,"Balears, Illes",ESP,ESP.13_1,2005,219,0
2,ECS,Spain,724,ESP,21/05/2020,4,"Balears, Illes",ESP,ESP.13_1,2018,221,0
2,ECS,Spain,724,ESP,22/05/2020,4,"Balears, Illes",ESP,ESP.13_1,2024,221,0
2,ECS,Spain,724,ESP,23/05/2020,4,"Balears, Illes",ESP,ESP.13_1,2037,222,0
2,ECS,Spain,724,ESP,24/05/2020,4,"Balears, Illes",ESP,ESP.13_1,2039,222,0
2,ECS,Spain,724,ESP,25/05/2020,4,"Balears, Illes",ESP,ESP.13_1,2041,222,0
2,ECS,Spain,724,ESP,26/05/2020,4,"Balears, Illes",ESP,ESP.13_1,2035,211,0
2,ECS,Spain,724,ESP,27/05/2020,4,"Balears, Illes",ESP,ESP.13_1,2111,209,1533
2,ECS,Spain,724,ESP,28/05/2020,4,"Balears, Illes",ESP,ESP.13_1,2111,209,1533
2,ECS,Spain,724,ESP,29/05/2020,4,"Balears, Illes",ESP,ESP.13_1,2124,209,1533
2,ECS,Spain,724,ESP,30/05/2020,4,"Balears, Illes",ESP,ESP.13_1,2129,209,1533
2,ECS,Spain,724,ESP,31/05/2020,4,"Balears, Illes",ESP,ESP.13_1,2137,209,1533
2,ECS,Spain,724,ESP,01/06/2020,4,"Balears, Illes",ESP,ESP.13_1,2141,209,1533
2,ECS,Spain,724,ESP,02/06/2020,4,"Balears, Illes",ESP,ESP.13_1,2142,209,1533
2,ECS,Spain,724,ESP,03/06/2020,4,"Balears, Illes",ESP,ESP.13_1,2150,209,1533
2,ECS,Spain,724,ESP,04/06/2020,4,"Balears, Illes",ESP,ESP.13_1,2157,209,1533
2,ECS,Spain,724,ESP,05/06/2020,4,"Balears, Illes",ESP,ESP.13_1,2164,209,1533
2,ECS,Spain,724,ESP,06/06/2020,4,"Balears, Illes",ESP,ESP.13_1,2110,209,1533
2,ECS,Spain,724,ESP,07/06/2020,4,"Balears, Illes",ESP,ESP.13_1,2118,209,1533
2,ECS,Spain,724,ESP,08/06/2020,4,"Balears, Illes",ESP,ESP.13_1,2125,209,1533
2,ECS,Spain,724,ESP,09/06/2020,4,"Balears, Illes",ESP,ESP.13_1,2133,209,1533
2,ECS,Spain,724,ESP,10/06/2020,4,"Balears, Illes",ESP,ESP.13_1,2135,209,1533
2,ECS,Spain,724,ESP,11/06/2020,4,"Balears, Illes",ESP,ESP.13_1,2137,209,1533
2,ECS,Spain,724,ESP,12/06/2020,4,"Balears, Illes",ESP,ESP.13_1,2142,209,1533
2,ECS,Spain,724,ESP,13/06/2020,4,"Balears, Illes",ESP,ESP.13_1,2146,209,1533
2,ECS,Spain,724,ESP,14/06/2020,4,"Balears, Illes",ESP,ESP.13_1,2152,209,1533
2,ECS,Spain,724,ESP,15/06/2020,4,"Balears, Illes",ESP,ESP.13_1,2154,209,1533
2,ECS,Spain,724,ESP,16/06/2020,4,"Balears, Illes",ESP,ESP.13_1,2157,209,1533
2,ECS,Spain,724,ESP,17/06/2020,4,"Balears, Illes",ESP,ESP.13_1,2163,209,1533
2,ECS,Spain,724,ESP,18/06/2020,4,"Balears, Illes",ESP,ESP.13_1,2165,209,1533
2,ECS,Spain,724,ESP,19/06/2020,4,"Balears, Illes",ESP,ESP.13_1,2167,209,1533
2,ECS,Spain,724,ESP,20/06/2020,4,"Balears, Illes",ESP,ESP.13_1,2169,224,1533
2,ECS,Spain,724,ESP,21/06/2020,4,"Balears, Illes",ESP,ESP.13_1,2174,224,1533
2,ECS,Spain,724,ESP,22/06/2020,4,"Balears, Illes",ESP,ESP.13_1,2179,224,1533
2,ECS,Spain,724,ESP,23/06/2020,4,"Balears, Illes",ESP,ESP.13_1,2187,224,1533
2,ECS,Spain,724,ESP,24/06/2020,4,"Balears, Illes",ESP,ESP.13_1,2188,224,1533
2,ECS,Spain,724,ESP,25/06/2020,4,"Balears, Illes",ESP,ESP.13_1,2189,224,1533
2,ECS,Spain,724,ESP,26/06/2020,4,"Balears, Illes",ESP,ESP.13_1,2191,224,1533
2,ECS,Spain,724,ESP,27/06/2020,4,"Balears, Illes",ESP,ESP.13_1,2194,224,1533
2,ECS,Spain,724,ESP,28/06/2020,4,"Balears, Illes",ESP,ESP.13_1,2201,224,1533
2,ECS,Spain,724,ESP,29/06/2020,4,"Balears, Illes",ESP,ESP.13_1,2205,224,1533
2,ECS,Spain,724,ESP,30/06/2020,4,"Balears, Illes",ESP,ESP.13_1,2206,224,1533
2,ECS,Spain,724,ESP,01/07/2020,4,"Balears, Illes",ESP,ESP.13_1,2209,224,1533
2,ECS,Spain,724,ESP,02/07/2020,4,"Balears, Illes",ESP,ESP.13_1,2216,224,1533
2,ECS,Spain,724,ESP,03/07/2020,4,"Balears, Illes",ESP,ESP.13_1,2220,224,1533
2,ECS,Spain,724,ESP,04/07/2020,4,"Balears, Illes",ESP,ESP.13_1,2228,224,1533
2,ECS,Spain,724,ESP,05/07/2020,4,"Balears, Illes",ESP,ESP.13_1,2228,224,1533
2,ECS,Spain,724,ESP,06/07/2020,4,"Balears, Illes",ESP,ESP.13_1,2228,224,1533
2,ECS,Spain,724,ESP,07/07/2020,4,"Balears, Illes",ESP,ESP.13_1,2238,224,1533
2,ECS,Spain,724,ESP,08/07/2020,4,"Balears, Illes",ESP,ESP.13_1,2239,224,1533
2,ECS,Spain,724,ESP,09/07/2020,4,"Balears, Illes",ESP,ESP.13_1,2240,224,1533
2,ECS,Spain,724,ESP,10/07/2020,4,"Balears, Illes",ESP,ESP.13_1,2246,224,1533
2,ECS,Spain,724,ESP,11/07/2020,4,"Balears, Illes",ESP,ESP.13_1,2249,224,1533
2,ECS,Spain,724,ESP,12/07/2020,4,"Balears, Illes",ESP,ESP.13_1,2249,224,1533
2,ECS,Spain,724,ESP,13/07/2020,4,"Balears, Illes",ESP,ESP.13_1,2249,224,1533
2,ECS,Spain,724,ESP,14/07/2020,4,"Balears, Illes",ESP,ESP.13_1,2270,224,1533
2,ECS,Spain,724,ESP,15/07/2020,4,"Balears, Illes",ESP,ESP.13_1,2271,224,1533
2,ECS,Spain,724,ESP,16/07/2020,4,"Balears, Illes",ESP,ESP.13_1,2271,224,1533
2,ECS,Spain,724,ESP,17/07/2020,4,"Balears, Illes",ESP,ESP.13_1,2277,224,1533
2,ECS,Spain,724,ESP,18/07/2020,4,"Balears, Illes",ESP,ESP.13_1,2290,224,1533
2,ECS,Spain,724,ESP,19/07/2020,4,"Balears, Illes",ESP,ESP.13_1,2290,224,1533
2,ECS,Spain,724,ESP,20/07/2020,4,"Balears, Illes",ESP,ESP.13_1,2290,224,1533
2,ECS,Spain,724,ESP,15/05/2020,5,Canarias,ESP,ESP.14_1,2275,151,1496
2,ECS,Spain,724,ESP,16/05/2020,5,Canarias,ESP,ESP.14_1,2280,151,1506
2,ECS,Spain,724,ESP,17/05/2020,5,Canarias,ESP,ESP.14_1,2284,151,1524
2,ECS,Spain,724,ESP,18/05/2020,5,Canarias,ESP,ESP.14_1,2284,151,1524
2,ECS,Spain,724,ESP,19/05/2020,5,Canarias,ESP,ESP.14_1,2294,153,1537
2,ECS,Spain,724,ESP,20/05/2020,5,Canarias,ESP,ESP.14_1,2294,155,0
2,ECS,Spain,724,ESP,21/05/2020,5,Canarias,ESP,ESP.14_1,2300,155,0
2,ECS,Spain,724,ESP,22/05/2020,5,Canarias,ESP,ESP.14_1,2307,155,0
2,ECS,Spain,724,ESP,23/05/2020,5,Canarias,ESP,ESP.14_1,2312,155,0
2,ECS,Spain,724,ESP,24/05/2020,5,Canarias,ESP,ESP.14_1,2321,157,0
2,ECS,Spain,724,ESP,25/05/2020,5,Canarias,ESP,ESP.14_1,2322,157,0
2,ECS,Spain,724,ESP,26/05/2020,5,Canarias,ESP,ESP.14_1,2317,150,0
2,ECS,Spain,724,ESP,27/05/2020,5,Canarias,ESP,ESP.14_1,2323,150,1537
2,ECS,Spain,724,ESP,28/05/2020,5,Canarias,ESP,ESP.14_1,2323,150,1537
2,ECS,Spain,724,ESP,29/05/2020,5,Canarias,ESP,ESP.14_1,2327,151,1537
2,ECS,Spain,724,ESP,30/05/2020,5,Canarias,ESP,ESP.14_1,2333,151,1537
2,ECS,Spain,724,ESP,31/05/2020,5,Canarias,ESP,ESP.14_1,2343,151,1537
2,ECS,Spain,724,ESP,01/06/2020,5,Canarias,ESP,ESP.14_1,2345,151,1537
2,ECS,Spain,724,ESP,02/06/2020,5,Canarias,ESP,ESP.14_1,2347,151,1537
2,ECS,Spain,724,ESP,03/06/2020,5,Canarias,ESP,ESP.14_1,2351,151,1537
2,ECS,Spain,724,ESP,04/06/2020,5,Canarias,ESP,ESP.14_1,2357,151,1537
2,ECS,Spain,724,ESP,05/06/2020,5,Canarias,ESP,ESP.14_1,2361,151,1537
2,ECS,Spain,724,ESP,06/06/2020,5,Canarias,ESP,ESP.14_1,2362,151,1537
2,ECS,Spain,724,ESP,07/06/2020,5,Canarias,ESP,ESP.14_1,2364,151,1537
2,ECS,Spain,724,ESP,08/06/2020,5,Canarias,ESP,ESP.14_1,2369,151,1537
2,ECS,Spain,724,ESP,09/06/2020,5,Canarias,ESP,ESP.14_1,2370,151,1537
2,ECS,Spain,724,ESP,10/06/2020,5,Canarias,ESP,ESP.14_1,2372,151,1537
2,ECS,Spain,724,ESP,11/06/2020,5,Canarias,ESP,ESP.14_1,2372,151,1537
2,ECS,Spain,724,ESP,12/06/2020,5,Canarias,ESP,ESP.14_1,2371,151,1537
2,ECS,Spain,724,ESP,13/06/2020,5,Canarias,ESP,ESP.14_1,2374,151,1537
2,ECS,Spain,724,ESP,14/06/2020,5,Canarias,ESP,ESP.14_1,2377,151,1537
2,ECS,Spain,724,ESP,15/06/2020,5,Canarias,ESP,ESP.14_1,2378,151,1537
2,ECS,Spain,724,ESP,16/06/2020,5,Canarias,ESP,ESP.14_1,2378,151,1537
2,ECS,Spain,724,ESP,17/06/2020,5,Canarias,ESP,ESP.14_1,2382,151,1537
2,ECS,Spain,724,ESP,18/06/2020,5,Canarias,ESP,ESP.14_1,2382,151,1537
2,ECS,Spain,724,ESP,19/06/2020,5,Canarias,ESP,ESP.14_1,2398,151,1537
2,ECS,Spain,724,ESP,20/06/2020,5,Canarias,ESP,ESP.14_1,2402,162,1537
2,ECS,Spain,724,ESP,21/06/2020,5,Canarias,ESP,ESP.14_1,2402,162,1537
2,ECS,Spain,724,ESP,22/06/2020,5,Canarias,ESP,ESP.14_1,2414,162,1537
2,ECS,Spain,724,ESP,23/06/2020,5,Canarias,ESP,ESP.14_1,2414,162,1537
2,ECS,Spain,724,ESP,24/06/2020,5,Canarias,ESP,ESP.14_1,2415,162,1537
2,ECS,Spain,724,ESP,25/06/2020,5,Canarias,ESP,ESP.14_1,2421,162,1537
2,ECS,Spain,724,ESP,26/06/2020,5,Canarias,ESP,ESP.14_1,2423,162,1537
2,ECS,Spain,724,ESP,27/06/2020,5,Canarias,ESP,ESP.14_1,2426,162,1537
2,ECS,Spain,724,ESP,28/06/2020,5,Canarias,ESP,ESP.14_1,2427,162,1537
2,ECS,Spain,724,ESP,29/06/2020,5,Canarias,ESP,ESP.14_1,2427,162,1537
2,ECS,Spain,724,ESP,30/06/2020,5,Canarias,ESP,ESP.14_1,2427,162,1537
2,ECS,Spain,724,ESP,01/07/2020,5,Canarias,ESP,ESP.14_1,2427,162,1537
2,ECS,Spain,724,ESP,02/07/2020,5,Canarias,ESP,ESP.14_1,2432,162,1537
2,ECS,Spain,724,ESP,03/07/2020,5,Canarias,ESP,ESP.14_1,2431,162,1537
2,ECS,Spain,724,ESP,04/07/2020,5,Canarias,ESP,ESP.14_1,2436,162,1537
2,ECS,Spain,724,ESP,05/07/2020,5,Canarias,ESP,ESP.14_1,2436,162,1537
2,ECS,Spain,724,ESP,06/07/2020,5,Canarias,ESP,ESP.14_1,2436,162,1537
2,ECS,Spain,724,ESP,07/07/2020,5,Canarias,ESP,ESP.14_1,2441,162,1537
2,ECS,Spain,724,ESP,08/07/2020,5,Canarias,ESP,ESP.14_1,2443,162,1537
2,ECS,Spain,724,ESP,09/07/2020,5,Canarias,ESP,ESP.14_1,2444,162,1537
2,ECS,Spain,724,ESP,10/07/2020,5,Canarias,ESP,ESP.14_1,2451,162,1537
2,ECS,Spain,724,ESP,11/07/2020,5,Canarias,ESP,ESP.14_1,2450,162,1537
2,ECS,Spain,724,ESP,12/07/2020,5,Canarias,ESP,ESP.14_1,2450,162,1537
2,ECS,Spain,724,ESP,13/07/2020,5,Canarias,ESP,ESP.14_1,2450,162,1537
2,ECS,Spain,724,ESP,14/07/2020,5,Canarias,ESP,ESP.14_1,2457,162,1537
2,ECS,Spain,724,ESP,15/07/2020,5,Canarias,ESP,ESP.14_1,2461,162,1537
2,ECS,Spain,724,ESP,16/07/2020,5,Canarias,ESP,ESP.14_1,2467,162,1537
2,ECS,Spain,724,ESP,17/07/2020,5,Canarias,ESP,ESP.14_1,2481,162,1537
2,ECS,Spain,724,ESP,18/07/2020,5,Canarias,ESP,ESP.14_1,2483,162,1537
2,ECS,Spain,724,ESP,19/07/2020,5,Canarias,ESP,ESP.14_1,2483,162,1537
2,ECS,Spain,724,ESP,20/07/2020,5,Canarias,ESP,ESP.14_1,2483,162,1537
2,ECS,Spain,724,ESP,15/05/2020,6,Cantabria,ESP,ESP.3_1,2256,205,2110
2,ECS,Spain,724,ESP,16/05/2020,6,Cantabria,ESP,ESP.3_1,2263,206,2152
2,ECS,Spain,724,ESP,17/05/2020,6,Cantabria,ESP,ESP.3_1,2265,206,2195
2,ECS,Spain,724,ESP,18/05/2020,6,Cantabria,ESP,ESP.3_1,2265,206,2195
2,ECS,Spain,724,ESP,19/05/2020,6,Cantabria,ESP,ESP.3_1,2271,207,2287
2,ECS,Spain,724,ESP,20/05/2020,6,Cantabria,ESP,ESP.3_1,2273,208,0
2,ECS,Spain,724,ESP,21/05/2020,6,Cantabria,ESP,ESP.3_1,2277,209,0
2,ECS,Spain,724,ESP,22/05/2020,6,Cantabria,ESP,ESP.3_1,2279,209,0
2,ECS,Spain,724,ESP,23/05/2020,6,Cantabria,ESP,ESP.3_1,2284,209,0
2,ECS,Spain,724,ESP,24/05/2020,6,Cantabria,ESP,ESP.3_1,2287,209,0
2,ECS,Spain,724,ESP,25/05/2020,6,Cantabria,ESP,ESP.3_1,2289,209,0
2,ECS,Spain,724,ESP,26/05/2020,6,Cantabria,ESP,ESP.3_1,2283,202,0
2,ECS,Spain,724,ESP,27/05/2020,6,Cantabria,ESP,ESP.3_1,2283,202,2287
2,ECS,Spain,724,ESP,28/05/2020,6,Cantabria,ESP,ESP.3_1,2283,202,2287
2,ECS,Spain,724,ESP,29/05/2020,6,Cantabria,ESP,ESP.3_1,2297,202,2287
2,ECS,Spain,724,ESP,30/05/2020,6,Cantabria,ESP,ESP.3_1,2298,202,2287
2,ECS,Spain,724,ESP,31/05/2020,6,Cantabria,ESP,ESP.3_1,2298,202,2287
2,ECS,Spain,724,ESP,01/06/2020,6,Cantabria,ESP,ESP.3_1,2303,202,2287
2,ECS,Spain,724,ESP,02/06/2020,6,Cantabria,ESP,ESP.3_1,2303,202,2287
2,ECS,Spain,724,ESP,03/06/2020,6,Cantabria,ESP,ESP.3_1,2314,202,2287
2,ECS,Spain,724,ESP,04/06/2020,6,Cantabria,ESP,ESP.3_1,2316,202,2287
2,ECS,Spain,724,ESP,05/06/2020,6,Cantabria,ESP,ESP.3_1,2316,202,2287
2,ECS,Spain,724,ESP,06/06/2020,6,Cantabria,ESP,ESP.3_1,2320,202,2287
2,ECS,Spain,724,ESP,07/06/2020,6,Cantabria,ESP,ESP.3_1,2320,202,2287
2,ECS,Spain,724,ESP,08/06/2020,6,Cantabria,ESP,ESP.3_1,2321,202,2287
2,ECS,Spain,724,ESP,09/06/2020,6,Cantabria,ESP,ESP.3_1,2323,202,2287
2,ECS,Spain,724,ESP,10/06/2020,6,Cantabria,ESP,ESP.3_1,2324,202,2287
2,ECS,Spain,724,ESP,11/06/2020,6,Cantabria,ESP,ESP.3_1,2324,202,2287
2,ECS,Spain,724,ESP,12/06/2020,6,Cantabria,ESP,ESP.3_1,2327,202,2287
2,ECS,Spain,724,ESP,13/06/2020,6,Cantabria,ESP,ESP.3_1,2327,202,2287
2,ECS,Spain,724,ESP,14/06/2020,6,Cantabria,ESP,ESP.3_1,2332,202,2287
2,ECS,Spain,724,ESP,15/06/2020,6,Cantabria,ESP,ESP.3_1,2334,202,2287
2,ECS,Spain,724,ESP,16/06/2020,6,Cantabria,ESP,ESP.3_1,2334,202,2287
2,ECS,Spain,724,ESP,17/06/2020,6,Cantabria,ESP,ESP.3_1,2336,202,2287
2,ECS,Spain,724,ESP,18/06/2020,6,Cantabria,ESP,ESP.3_1,2338,202,2287
2,ECS,Spain,724,ESP,19/06/2020,6,Cantabria,ESP,ESP.3_1,2341,202,2287
2,ECS,Spain,724,ESP,20/06/2020,6,Cantabria,ESP,ESP.3_1,2342,216,2287
2,ECS,Spain,724,ESP,21/06/2020,6,Cantabria,ESP,ESP.3_1,2342,216,2287
2,ECS,Spain,724,ESP,22/06/2020,6,Cantabria,ESP,ESP.3_1,2344,216,2287
2,ECS,Spain,724,ESP,23/06/2020,6,Cantabria,ESP,ESP.3_1,2344,216,2287
2,ECS,Spain,724,ESP,24/06/2020,6,Cantabria,ESP,ESP.3_1,2344,216,2287
2,ECS,Spain,724,ESP,25/06/2020,6,Cantabria,ESP,ESP.3_1,2351,216,2287
2,ECS,Spain,724,ESP,26/06/2020,6,Cantabria,ESP,ESP.3_1,2351,216,2287
2,ECS,Spain,724,ESP,27/06/2020,6,Cantabria,ESP,ESP.3_1,2351,216,2287
2,ECS,Spain,724,ESP,28/06/2020,6,Cantabria,ESP,ESP.3_1,2351,216,2287
2,ECS,Spain,724,ESP,29/06/2020,6,Cantabria,ESP,ESP.3_1,2362,216,2287
2,ECS,Spain,724,ESP,30/06/2020,6,Cantabria,ESP,ESP.3_1,2362,216,2287
2,ECS,Spain,724,ESP,01/07/2020,6,Cantabria,ESP,ESP.3_1,2362,216,2287
2,ECS,Spain,724,ESP,02/07/2020,6,Cantabria,ESP,ESP.3_1,2363,216,2287
2,ECS,Spain,724,ESP,03/07/2020,6,Cantabria,ESP,ESP.3_1,2364,216,2287
2,ECS,Spain,724,ESP,04/07/2020,6,Cantabria,ESP,ESP.3_1,2364,216,2287
2,ECS,Spain,724,ESP,05/07/2020,6,Cantabria,ESP,ESP.3_1,2364,216,2287
2,ECS,Spain,724,ESP,06/07/2020,6,Cantabria,ESP,ESP.3_1,2364,216,2287
2,ECS,Spain,724,ESP,07/07/2020,6,Cantabria,ESP,ESP.3_1,2368,216,2287
2,ECS,Spain,724,ESP,08/07/2020,6,Cantabria,ESP,ESP.3_1,2368,216,2287
2,ECS,Spain,724,ESP,09/07/2020,6,Cantabria,ESP,ESP.3_1,2369,216,2287
2,ECS,Spain,724,ESP,10/07/2020,6,Cantabria,ESP,ESP.3_1,2369,216,2287
2,ECS,Spain,724,ESP,11/07/2020,6,Cantabria,ESP,ESP.3_1,2369,216,2287
2,ECS,Spain,724,ESP,12/07/2020,6,Cantabria,ESP,ESP.3_1,2369,216,2287
2,ECS,Spain,724,ESP,13/07/2020,6,Cantabria,ESP,ESP.3_1,2369,216,2287
2,ECS,Spain,724,ESP,14/07/2020,6,Cantabria,ESP,ESP.3_1,2374,216,2287
2,ECS,Spain,724,ESP,15/07/2020,6,Cantabria,ESP,ESP.3_1,2375,216,2287
2,ECS,Spain,724,ESP,16/07/2020,6,Cantabria,ESP,ESP.3_1,2378,216,2287
2,ECS,Spain,724,ESP,17/07/2020,6,Cantabria,ESP,ESP.3_1,2380,216,2287
2,ECS,Spain,724,ESP,18/07/2020,6,Cantabria,ESP,ESP.3_1,2381,217,2287
2,ECS,Spain,724,ESP,19/07/2020,6,Cantabria,ESP,ESP.3_1,2381,217,2287
2,ECS,Spain,724,ESP,20/07/2020,6,Cantabria,ESP,ESP.3_1,2381,217,2287
2,ECS,Spain,724,ESP,15/05/2020,7,Castilla y León,ESP,ESP.5_1,18173,1925,7621
2,ECS,Spain,724,ESP,16/05/2020,7,Castilla y León,ESP,ESP.5_1,18272,1930,7672
2,ECS,Spain,724,ESP,17/05/2020,7,Castilla y León,ESP,ESP.5_1,18369,1940,7735
2,ECS,Spain,724,ESP,18/05/2020,7,Castilla y León,ESP,ESP.5_1,18369,1940,7735
2,ECS,Spain,724,ESP,19/05/2020,7,Castilla y León,ESP,ESP.5_1,18512,1953,8716
2,ECS,Spain,724,ESP,20/05/2020,7,Castilla y León,ESP,ESP.5_1,18549,1960,0
2,ECS,Spain,724,ESP,21/05/2020,7,Castilla y León,ESP,ESP.5_1,18586,1960,0
2,ECS,Spain,724,ESP,22/05/2020,7,Castilla y León,ESP,ESP.5_1,18627,1960,0
2,ECS,Spain,724,ESP,23/05/2020,7,Castilla y León,ESP,ESP.5_1,18674,1961,0
2,ECS,Spain,724,ESP,24/05/2020,7,Castilla y León,ESP,ESP.5_1,18737,1961,0
2,ECS,Spain,724,ESP,25/05/2020,7,Castilla y León,ESP,ESP.5_1,18789,1961,0
2,ECS,Spain,724,ESP,26/05/2020,7,Castilla y León,ESP,ESP.5_1,18555,1913,0
2,ECS,Spain,724,ESP,27/05/2020,7,Castilla y León,ESP,ESP.5_1,18591,1922,8716
2,ECS,Spain,724,ESP,28/05/2020,7,Castilla y León,ESP,ESP.5_1,18591,1922,8716
2,ECS,Spain,724,ESP,29/05/2020,7,Castilla y León,ESP,ESP.5_1,18682,1922,8716
2,ECS,Spain,724,ESP,30/05/2020,7,Castilla y León,ESP,ESP.5_1,18747,1922,8716
2,ECS,Spain,724,ESP,31/05/2020,7,Castilla y León,ESP,ESP.5_1,18804,1923,8716
2,ECS,Spain,724,ESP,01/06/2020,7,Castilla y León,ESP,ESP.5_1,18863,1924,8716
2,ECS,Spain,724,ESP,02/06/2020,7,Castilla y León,ESP,ESP.5_1,18907,1924,8716
2,ECS,Spain,724,ESP,03/06/2020,7,Castilla y León,ESP,ESP.5_1,18925,1924,8716
2,ECS,Spain,724,ESP,04/06/2020,7,Castilla y León,ESP,ESP.5_1,18956,1925,8716
2,ECS,Spain,724,ESP,05/06/2020,7,Castilla y León,ESP,ESP.5_1,19009,1928,8716
2,ECS,Spain,724,ESP,06/06/2020,7,Castilla y León,ESP,ESP.5_1,19042,1928,8716
2,ECS,Spain,724,ESP,07/06/2020,7,Castilla y León,ESP,ESP.5_1,19104,1928,8716
2,ECS,Spain,724,ESP,08/06/2020,7,Castilla y León,ESP,ESP.5_1,19161,1928,8716
2,ECS,Spain,724,ESP,09/06/2020,7,Castilla y León,ESP,ESP.5_1,19181,1928,8716
2,ECS,Spain,724,ESP,10/06/2020,7,Castilla y León,ESP,ESP.5_1,19193,1928,8716
2,ECS,Spain,724,ESP,11/06/2020,7,Castilla y León,ESP,ESP.5_1,19222,1928,8716
2,ECS,Spain,724,ESP,12/06/2020,7,Castilla y León,ESP,ESP.5_1,19254,1928,8716
2,ECS,Spain,724,ESP,13/06/2020,7,Castilla y León,ESP,ESP.5_1,19296,1928,8716
2,ECS,Spain,724,ESP,14/06/2020,7,Castilla y León,ESP,ESP.5_1,19324,1928,8716
2,ECS,Spain,724,ESP,15/06/2020,7,Castilla y León,ESP,ESP.5_1,19343,1928,8716
2,ECS,Spain,724,ESP,16/06/2020,7,Castilla y León,ESP,ESP.5_1,19353,1928,8716
2,ECS,Spain,724,ESP,17/06/2020,7,Castilla y León,ESP,ESP.5_1,19365,1928,8716
2,ECS,Spain,724,ESP,18/06/2020,7,Castilla y León,ESP,ESP.5_1,19407,1928,8716
2,ECS,Spain,724,ESP,19/06/2020,7,Castilla y León,ESP,ESP.5_1,19434,1928,8716
2,ECS,Spain,724,ESP,20/06/2020,7,Castilla y León,ESP,ESP.5_1,19466,2775,8716
2,ECS,Spain,724,ESP,21/06/2020,7,Castilla y León,ESP,ESP.5_1,19485,2776,8716
2,ECS,Spain,724,ESP,22/06/2020,7,Castilla y León,ESP,ESP.5_1,19499,2777,8716
2,ECS,Spain,724,ESP,23/06/2020,7,Castilla y León,ESP,ESP.5_1,19516,2778,8716
2,ECS,Spain,724,ESP,24/06/2020,7,Castilla y León,ESP,ESP.5_1,19527,2779,8716
2,ECS,Spain,724,ESP,25/06/2020,7,Castilla y León,ESP,ESP.5_1,19563,2780,8716
2,ECS,Spain,724,ESP,26/06/2020,7,Castilla y León,ESP,ESP.5_1,19585,2783,8716
2,ECS,Spain,724,ESP,27/06/2020,7,Castilla y León,ESP,ESP.5_1,19607,2783,8716
2,ECS,Spain,724,ESP,28/06/2020,7,Castilla y León,ESP,ESP.5_1,19634,2783,8716
2,ECS,Spain,724,ESP,29/06/2020,7,Castilla y León,ESP,ESP.5_1,19634,2783,8716
2,ECS,Spain,724,ESP,30/06/2020,7,Castilla y León,ESP,ESP.5_1,19665,2784,8716
2,ECS,Spain,724,ESP,01/07/2020,7,Castilla y León,ESP,ESP.5_1,19685,2784,8716
2,ECS,Spain,724,ESP,02/07/2020,7,Castilla y León,ESP,ESP.5_1,19730,2787,8716
2,ECS,Spain,724,ESP,03/07/2020,7,Castilla y León,ESP,ESP.5_1,19750,2787,8716
2,ECS,Spain,724,ESP,04/07/2020,7,Castilla y León,ESP,ESP.5_1,19753,2787,8716
2,ECS,Spain,724,ESP,05/07/2020,7,Castilla y León,ESP,ESP.5_1,19753,2787,8716
2,ECS,Spain,724,ESP,06/07/2020,7,Castilla y León,ESP,ESP.5_1,19753,2787,8716
2,ECS,Spain,724,ESP,07/07/2020,7,Castilla y León,ESP,ESP.5_1,19770,2787,8716
2,ECS,Spain,724,ESP,08/07/2020,7,Castilla y León,ESP,ESP.5_1,19773,2788,8716
2,ECS,Spain,724,ESP,09/07/2020,7,Castilla y León,ESP,ESP.5_1,19778,2788,8716
2,ECS,Spain,724,ESP,10/07/2020,7,Castilla y León,ESP,ESP.5_1,19782,2791,8716
2,ECS,Spain,724,ESP,11/07/2020,7,Castilla y León,ESP,ESP.5_1,19787,2792,8716
2,ECS,Spain,724,ESP,12/07/2020,7,Castilla y León,ESP,ESP.5_1,19787,2792,8716
2,ECS,Spain,724,ESP,13/07/2020,7,Castilla y León,ESP,ESP.5_1,19787,2792,8716
2,ECS,Spain,724,ESP,14/07/2020,7,Castilla y León,ESP,ESP.5_1,19790,2792,8716
2,ECS,Spain,724,ESP,15/07/2020,7,Castilla y León,ESP,ESP.5_1,19826,2793,8716
2,ECS,Spain,724,ESP,16/07/2020,7,Castilla y León,ESP,ESP.5_1,19836,2793,8716
2,ECS,Spain,724,ESP,17/07/2020,7,Castilla y León,ESP,ESP.5_1,19855,2793,8716
2,ECS,Spain,724,ESP,18/07/2020,7,Castilla y León,ESP,ESP.5_1,19870,2793,8716
2,ECS,Spain,724,ESP,19/07/2020,7,Castilla y León,ESP,ESP.5_1,19870,2793,8716
2,ECS,Spain,724,ESP,20/07/2020,7,Castilla y León,ESP,ESP.5_1,19870,2793,8716
2,ECS,Spain,724,ESP,15/05/2020,8,Castilla - La Mancha,ESP,ESP.4_1,16470,2852,6244
2,ECS,Spain,724,ESP,16/05/2020,8,Castilla - La Mancha,ESP,ESP.4_1,16513,2870,6294
2,ECS,Spain,724,ESP,17/05/2020,8,Castilla - La Mancha,ESP,ESP.4_1,16587,2883,6328
2,ECS,Spain,724,ESP,18/05/2020,8,Castilla - La Mancha,ESP,ESP.4_1,16587,2883,6328
2,ECS,Spain,724,ESP,19/05/2020,8,Castilla - La Mancha,ESP,ESP.4_1,16648,2898,6392
2,ECS,Spain,724,ESP,20/05/2020,8,Castilla - La Mancha,ESP,ESP.4_1,16677,2900,0
2,ECS,Spain,724,ESP,21/05/2020,8,Castilla - La Mancha,ESP,ESP.4_1,16739,2913,0
2,ECS,Spain,724,ESP,22/05/2020,8,Castilla - La Mancha,ESP,ESP.4_1,16789,2919,0
2,ECS,Spain,724,ESP,23/05/2020,8,Castilla - La Mancha,ESP,ESP.4_1,16830,2929,0
2,ECS,Spain,724,ESP,24/05/2020,8,Castilla - La Mancha,ESP,ESP.4_1,16855,2934,0
2,ECS,Spain,724,ESP,25/05/2020,8,Castilla - La Mancha,ESP,ESP.4_1,16889,2940,0
2,ECS,Spain,724,ESP,26/05/2020,8,Castilla - La Mancha,ESP,ESP.4_1,16909,2788,0
2,ECS,Spain,724,ESP,27/05/2020,8,Castilla - La Mancha,ESP,ESP.4_1,16992,2945,6392
2,ECS,Spain,724,ESP,28/05/2020,8,Castilla - La Mancha,ESP,ESP.4_1,16992,2945,6392
2,ECS,Spain,724,ESP,29/05/2020,8,Castilla - La Mancha,ESP,ESP.4_1,17068,2945,6392
2,ECS,Spain,724,ESP,30/05/2020,8,Castilla - La Mancha,ESP,ESP.4_1,17122,2945,6392
2,ECS,Spain,724,ESP,31/05/2020,8,Castilla - La Mancha,ESP,ESP.4_1,17184,2945,6392
2,ECS,Spain,724,ESP,01/06/2020,8,Castilla - La Mancha,ESP,ESP.4_1,17234,2945,6392
2,ECS,Spain,724,ESP,02/06/2020,8,Castilla - La Mancha,ESP,ESP.4_1,17259,2945,6392
2,ECS,Spain,724,ESP,03/06/2020,8,Castilla - La Mancha,ESP,ESP.4_1,17310,2945,6392
2,ECS,Spain,724,ESP,04/06/2020,8,Castilla - La Mancha,ESP,ESP.4_1,17355,2945,6392
2,ECS,Spain,724,ESP,05/06/2020,8,Castilla - La Mancha,ESP,ESP.4_1,17393,2945,6392
2,ECS,Spain,724,ESP,06/06/2020,8,Castilla - La Mancha,ESP,ESP.4_1,17431,2945,6392
2,ECS,Spain,724,ESP,07/06/2020,8,Castilla - La Mancha,ESP,ESP.4_1,17472,2945,6392
2,ECS,Spain,724,ESP,08/06/2020,8,Castilla - La Mancha,ESP,ESP.4_1,17505,2945,6392
2,ECS,Spain,724,ESP,09/06/2020,8,Castilla - La Mancha,ESP,ESP.4_1,17543,2945,6392
2,ECS,Spain,724,ESP,10/06/2020,8,Castilla - La Mancha,ESP,ESP.4_1,17609,2945,6392
2,ECS,Spain,724,ESP,11/06/2020,8,Castilla - La Mancha,ESP,ESP.4_1,17640,2945,6392
2,ECS,Spain,724,ESP,12/06/2020,8,Castilla - La Mancha,ESP,ESP.4_1,17702,2945,6392
2,ECS,Spain,724,ESP,13/06/2020,8,Castilla - La Mancha,ESP,ESP.4_1,17740,2945,6392
2,ECS,Spain,724,ESP,14/06/2020,8,Castilla - La Mancha,ESP,ESP.4_1,17776,2945,6392
2,ECS,Spain,724,ESP,15/06/2020,8,Castilla - La Mancha,ESP,ESP.4_1,17803,2945,6392
2,ECS,Spain,724,ESP,16/06/2020,8,Castilla - La Mancha,ESP,ESP.4_1,17811,2945,6392
2,ECS,Spain,724,ESP,17/06/2020,8,Castilla - La Mancha,ESP,ESP.4_1,17828,2945,6392
2,ECS,Spain,724,ESP,18/06/2020,8,Castilla - La Mancha,ESP,ESP.4_1,17845,2945,6392
2,ECS,Spain,724,ESP,19/06/2020,8,Castilla - La Mancha,ESP,ESP.4_1,17894,2945,6392
2,ECS,Spain,724,ESP,20/06/2020,8,Castilla - La Mancha,ESP,ESP.4_1,17894,3022,6392
2,ECS,Spain,724,ESP,21/06/2020,8,Castilla - La Mancha,ESP,ESP.4_1,17940,3022,6392
2,ECS,Spain,724,ESP,22/06/2020,8,Castilla - La Mancha,ESP,ESP.4_1,17965,3022,6392
2,ECS,Spain,724,ESP,23/06/2020,8,Castilla - La Mancha,ESP,ESP.4_1,17987,3022,6392
2,ECS,Spain,724,ESP,24/06/2020,8,Castilla - La Mancha,ESP,ESP.4_1,17987,3022,6392
2,ECS,Spain,724,ESP,25/06/2020,8,Castilla - La Mancha,ESP,ESP.4_1,17987,3022,6392
2,ECS,Spain,724,ESP,26/06/2020,8,Castilla - La Mancha,ESP,ESP.4_1,18021,3020,6392
2,ECS,Spain,724,ESP,27/06/2020,8,Castilla - La Mancha,ESP,ESP.4_1,18024,3024,6392
2,ECS,Spain,724,ESP,28/06/2020,8,Castilla - La Mancha,ESP,ESP.4_1,18076,3024,6392
2,ECS,Spain,724,ESP,29/06/2020,8,Castilla - La Mancha,ESP,ESP.4_1,18094,3024,6392
2,ECS,Spain,724,ESP,30/06/2020,8,Castilla - La Mancha,ESP,ESP.4_1,18120,3025,6392
2,ECS,Spain,724,ESP,01/07/2020,8,Castilla - La Mancha,ESP,ESP.4_1,18158,3026,6392
2,ECS,Spain,724,ESP,02/07/2020,8,Castilla - La Mancha,ESP,ESP.4_1,18160,3026,6392
2,ECS,Spain,724,ESP,03/07/2020,8,Castilla - La Mancha,ESP,ESP.4_1,18187,3026,6392
2,ECS,Spain,724,ESP,04/07/2020,8,Castilla - La Mancha,ESP,ESP.4_1,18209,3026,6392
2,ECS,Spain,724,ESP,05/07/2020,8,Castilla - La Mancha,ESP,ESP.4_1,18209,3026,6392
2,ECS,Spain,724,ESP,06/07/2020,8,Castilla - La Mancha,ESP,ESP.4_1,18209,3026,6392
2,ECS,Spain,724,ESP,07/07/2020,8,Castilla - La Mancha,ESP,ESP.4_1,18273,3027,6392
2,ECS,Spain,724,ESP,08/07/2020,8,Castilla - La Mancha,ESP,ESP.4_1,18291,3028,6392
2,ECS,Spain,724,ESP,09/07/2020,8,Castilla - La Mancha,ESP,ESP.4_1,18307,3029,6392
2,ECS,Spain,724,ESP,10/07/2020,8,Castilla - La Mancha,ESP,ESP.4_1,18330,3029,6392
2,ECS,Spain,724,ESP,11/07/2020,8,Castilla - La Mancha,ESP,ESP.4_1,18343,3029,6392
2,ECS,Spain,724,ESP,12/07/2020,8,Castilla - La Mancha,ESP,ESP.4_1,18343,3029,6392
2,ECS,Spain,724,ESP,13/07/2020,8,Castilla - La Mancha,ESP,ESP.4_1,18343,3029,6392
2,ECS,Spain,724,ESP,14/07/2020,8,Castilla - La Mancha,ESP,ESP.4_1,18392,3030,6392
2,ECS,Spain,724,ESP,15/07/2020,8,Castilla - La Mancha,ESP,ESP.4_1,18393,3030,6392
2,ECS,Spain,724,ESP,16/07/2020,8,Castilla - La Mancha,ESP,ESP.4_1,18399,3031,6392
2,ECS,Spain,724,ESP,17/07/2020,8,Castilla - La Mancha,ESP,ESP.4_1,18413,3032,6392
2,ECS,Spain,724,ESP,18/07/2020,8,Castilla - La Mancha,ESP,ESP.4_1,18431,3034,6392
2,ECS,Spain,724,ESP,19/07/2020,8,Castilla - La Mancha,ESP,ESP.4_1,18431,3034,6392
2,ECS,Spain,724,ESP,20/07/2020,8,Castilla - La Mancha,ESP,ESP.4_1,18431,3034,6392
2,ECS,Spain,724,ESP,15/05/2020,9,Cataluña,ESP,ESP.6_1,55482,5823,25849
2,ECS,Spain,724,ESP,16/05/2020,9,Cataluña,ESP,ESP.6_1,55464,5882,25904
2,ECS,Spain,724,ESP,17/05/2020,9,Cataluña,ESP,ESP.6_1,55685,5915,26067
2,ECS,Spain,724,ESP,18/05/2020,9,Cataluña,ESP,ESP.6_1,55685,5915,26067
2,ECS,Spain,724,ESP,19/05/2020,9,Cataluña,ESP,ESP.6_1,55921,5956,26203
2,ECS,Spain,724,ESP,20/05/2020,9,Cataluña,ESP,ESP.6_1,55825,5981,0
2,ECS,Spain,724,ESP,21/05/2020,9,Cataluña,ESP,ESP.6_1,55888,6021,0
2,ECS,Spain,724,ESP,22/05/2020,9,Cataluña,ESP,ESP.6_1,55888,6021,0
2,ECS,Spain,724,ESP,23/05/2020,9,Cataluña,ESP,ESP.6_1,57036,6656,0
2,ECS,Spain,724,ESP,24/05/2020,9,Cataluña,ESP,ESP.6_1,57114,6663,0
2,ECS,Spain,724,ESP,25/05/2020,9,Cataluña,ESP,ESP.6_1,57148,6701,0
2,ECS,Spain,724,ESP,26/05/2020,9,Cataluña,ESP,ESP.6_1,57320,5575,0
2,ECS,Spain,724,ESP,27/05/2020,9,Cataluña,ESP,ESP.6_1,57569,5583,26203
2,ECS,Spain,724,ESP,28/05/2020,9,Cataluña,ESP,ESP.6_1,57569,5583,26203
2,ECS,Spain,724,ESP,29/05/2020,9,Cataluña,ESP,ESP.6_1,58427,5584,26203
2,ECS,Spain,724,ESP,30/05/2020,9,Cataluña,ESP,ESP.6_1,58699,5584,26203
2,ECS,Spain,724,ESP,31/05/2020,9,Cataluña,ESP,ESP.6_1,59003,5587,26203
2,ECS,Spain,724,ESP,01/06/2020,9,Cataluña,ESP,ESP.6_1,59013,5587,26203
2,ECS,Spain,724,ESP,02/06/2020,9,Cataluña,ESP,ESP.6_1,59019,5587,26203
2,ECS,Spain,724,ESP,03/06/2020,9,Cataluña,ESP,ESP.6_1,59035,5587,26203
2,ECS,Spain,724,ESP,04/06/2020,9,Cataluña,ESP,ESP.6_1,59112,5587,26203
2,ECS,Spain,724,ESP,05/06/2020,9,Cataluña,ESP,ESP.6_1,59163,5587,26203
2,ECS,Spain,724,ESP,06/06/2020,9,Cataluña,ESP,ESP.6_1,59182,5587,26203
2,ECS,Spain,724,ESP,07/06/2020,9,Cataluña,ESP,ESP.6_1,59199,5587,26203
2,ECS,Spain,724,ESP,08/06/2020,9,Cataluña,ESP,ESP.6_1,59209,5587,26203
2,ECS,Spain,724,ESP,09/06/2020,9,Cataluña,ESP,ESP.6_1,59215,5587,26203
2,ECS,Spain,724,ESP,10/06/2020,9,Cataluña,ESP,ESP.6_1,59232,5587,26203
2,ECS,Spain,724,ESP,11/06/2020,9,Cataluña,ESP,ESP.6_1,59298,5587,26203
2,ECS,Spain,724,ESP,12/06/2020,9,Cataluña,ESP,ESP.6_1,59423,5587,26203
2,ECS,Spain,724,ESP,13/06/2020,9,Cataluña,ESP,ESP.6_1,59593,5587,26203
2,ECS,Spain,724,ESP,14/06/2020,9,Cataluña,ESP,ESP.6_1,59706,5587,26203
2,ECS,Spain,724,ESP,15/06/2020,9,Cataluña,ESP,ESP.6_1,59820,5587,26203
2,ECS,Spain,724,ESP,16/06/2020,9,Cataluña,ESP,ESP.6_1,59897,5587,26203
2,ECS,Spain,724,ESP,17/06/2020,9,Cataluña,ESP,ESP.6_1,59944,5587,26203
2,ECS,Spain,724,ESP,18/06/2020,9,Cataluña,ESP,ESP.6_1,60030,5587,26203
2,ECS,Spain,724,ESP,19/06/2020,9,Cataluña,ESP,ESP.6_1,60340,5587,26203
2,ECS,Spain,724,ESP,20/06/2020,9,Cataluña,ESP,ESP.6_1,60450,5662,26203
2,ECS,Spain,724,ESP,21/06/2020,9,Cataluña,ESP,ESP.6_1,60530,5666,26203
2,ECS,Spain,724,ESP,22/06/2020,9,Cataluña,ESP,ESP.6_1,60645,5666,26203
2,ECS,Spain,724,ESP,23/06/2020,9,Cataluña,ESP,ESP.6_1,60714,5666,26203
2,ECS,Spain,724,ESP,24/06/2020,9,Cataluña,ESP,ESP.6_1,60754,5666,26203
2,ECS,Spain,724,ESP,25/06/2020,9,Cataluña,ESP,ESP.6_1,60847,5666,26203
2,ECS,Spain,724,ESP,26/06/2020,9,Cataluña,ESP,ESP.6_1,60927,5666,26203
2,ECS,Spain,724,ESP,27/06/2020,9,Cataluña,ESP,ESP.6_1,61073,5668,26203
2,ECS,Spain,724,ESP,28/06/2020,9,Cataluña,ESP,ESP.6_1,61229,5668,26203
2,ECS,Spain,724,ESP,29/06/2020,9,Cataluña,ESP,ESP.6_1,61355,5669,26203
2,ECS,Spain,724,ESP,30/06/2020,9,Cataluña,ESP,ESP.6_1,61417,5669,26203
2,ECS,Spain,724,ESP,01/07/2020,9,Cataluña,ESP,ESP.6_1,61494,5670,26203
2,ECS,Spain,724,ESP,02/07/2020,9,Cataluña,ESP,ESP.6_1,61639,5671,26203
2,ECS,Spain,724,ESP,03/07/2020,9,Cataluña,ESP,ESP.6_1,61888,5673,26203
2,ECS,Spain,724,ESP,04/07/2020,9,Cataluña,ESP,ESP.6_1,62057,5673,26203
2,ECS,Spain,724,ESP,05/07/2020,9,Cataluña,ESP,ESP.6_1,62057,5673,26203
2,ECS,Spain,724,ESP,06/07/2020,9,Cataluña,ESP,ESP.6_1,62057,5673,26203
2,ECS,Spain,724,ESP,07/07/2020,9,Cataluña,ESP,ESP.6_1,62797,5674,26203
2,ECS,Spain,724,ESP,08/07/2020,9,Cataluña,ESP,ESP.6_1,62943,5675,26203
2,ECS,Spain,724,ESP,09/07/2020,9,Cataluña,ESP,ESP.6_1,63042,5675,26203
2,ECS,Spain,724,ESP,10/07/2020,9,Cataluña,ESP,ESP.6_1,63307,5675,26203
2,ECS,Spain,724,ESP,11/07/2020,9,Cataluña,ESP,ESP.6_1,63888,5675,26203
2,ECS,Spain,724,ESP,12/07/2020,9,Cataluña,ESP,ESP.6_1,63888,5675,26203
2,ECS,Spain,724,ESP,13/07/2020,9,Cataluña,ESP,ESP.6_1,63888,5675,26203
2,ECS,Spain,724,ESP,14/07/2020,9,Cataluña,ESP,ESP.6_1,65086,5676,26203
2,ECS,Spain,724,ESP,15/07/2020,9,Cataluña,ESP,ESP.6_1,65429,5677,26203
2,ECS,Spain,724,ESP,16/07/2020,9,Cataluña,ESP,ESP.6_1,65852,5678,26203
2,ECS,Spain,724,ESP,17/07/2020,9,Cataluña,ESP,ESP.6_1,66570,5678,26203
2,ECS,Spain,724,ESP,18/07/2020,9,Cataluña,ESP,ESP.6_1,67217,5678,26203
2,ECS,Spain,724,ESP,19/07/2020,9,Cataluña,ESP,ESP.6_1,67217,5678,26203
2,ECS,Spain,724,ESP,20/07/2020,9,Cataluña,ESP,ESP.6_1,67217,5678,26203
2,ECS,Spain,724,ESP,15/05/2020,10,Comunitat Valenciana,ESP,ESP.10_1,10784,1349,9490
2,ECS,Spain,724,ESP,16/05/2020,10,Comunitat Valenciana,ESP,ESP.10_1,10813,1358,9708
2,ECS,Spain,724,ESP,17/05/2020,10,Comunitat Valenciana,ESP,ESP.10_1,10850,1365,9761
2,ECS,Spain,724,ESP,18/05/2020,10,Comunitat Valenciana,ESP,ESP.10_1,10850,1365,9761
2,ECS,Spain,724,ESP,19/05/2020,10,Comunitat Valenciana,ESP,ESP.10_1,10914,1370,9970
2,ECS,Spain,724,ESP,20/05/2020,10,Comunitat Valenciana,ESP,ESP.10_1,10962,1370,0
2,ECS,Spain,724,ESP,21/05/2020,10,Comunitat Valenciana,ESP,ESP.10_1,10949,1378,0
2,ECS,Spain,724,ESP,22/05/2020,10,Comunitat Valenciana,ESP,ESP.10_1,10987,1383,0
2,ECS,Spain,724,ESP,23/05/2020,10,Comunitat Valenciana,ESP,ESP.10_1,11021,1389,0
2,ECS,Spain,724,ESP,24/05/2020,10,Comunitat Valenciana,ESP,ESP.10_1,11051,1390,0
2,ECS,Spain,724,ESP,25/05/2020,10,Comunitat Valenciana,ESP,ESP.10_1,11073,1393,0
2,ECS,Spain,724,ESP,26/05/2020,10,Comunitat Valenciana,ESP,ESP.10_1,11056,1331,0
2,ECS,Spain,724,ESP,27/05/2020,10,Comunitat Valenciana,ESP,ESP.10_1,11089,1332,9970
2,ECS,Spain,724,ESP,28/05/2020,10,Comunitat Valenciana,ESP,ESP.10_1,11089,1332,9970
2,ECS,Spain,724,ESP,29/05/2020,10,Comunitat Valenciana,ESP,ESP.10_1,11160,1332,9970
2,ECS,Spain,724,ESP,30/05/2020,10,Comunitat Valenciana,ESP,ESP.10_1,11191,1334,9970
2,ECS,Spain,724,ESP,31/05/2020,10,Comunitat Valenciana,ESP,ESP.10_1,11199,1332,9970
2,ECS,Spain,724,ESP,01/06/2020,10,Comunitat Valenciana,ESP,ESP.10_1,11201,1332,9970
2,ECS,Spain,724,ESP,02/06/2020,10,Comunitat Valenciana,ESP,ESP.10_1,11228,1332,9970
2,ECS,Spain,724,ESP,03/06/2020,10,Comunitat Valenciana,ESP,ESP.10_1,11238,1332,9970
2,ECS,Spain,724,ESP,04/06/2020,10,Comunitat Valenciana,ESP,ESP.10_1,11254,1332,9970
2,ECS,Spain,724,ESP,05/06/2020,10,Comunitat Valenciana,ESP,ESP.10_1,11265,1332,9970
2,ECS,Spain,724,ESP,06/06/2020,10,Comunitat Valenciana,ESP,ESP.10_1,11285,1332,9970
2,ECS,Spain,724,ESP,07/06/2020,10,Comunitat Valenciana,ESP,ESP.10_1,11300,1332,9970
2,ECS,Spain,724,ESP,08/06/2020,10,Comunitat Valenciana,ESP,ESP.10_1,11314,1332,9970
2,ECS,Spain,724,ESP,09/06/2020,10,Comunitat Valenciana,ESP,ESP.10_1,11332,1332,9970
2,ECS,Spain,724,ESP,10/06/2020,10,Comunitat Valenciana,ESP,ESP.10_1,11342,1332,9970
2,ECS,Spain,724,ESP,11/06/2020,10,Comunitat Valenciana,ESP,ESP.10_1,11361,1332,9970
2,ECS,Spain,724,ESP,12/06/2020,10,Comunitat Valenciana,ESP,ESP.10_1,11381,1332,9970
2,ECS,Spain,724,ESP,13/06/2020,10,Comunitat Valenciana,ESP,ESP.10_1,11389,1332,9970
2,ECS,Spain,724,ESP,14/06/2020,10,Comunitat Valenciana,ESP,ESP.10_1,11393,1332,9970
2,ECS,Spain,724,ESP,15/06/2020,10,Comunitat Valenciana,ESP,ESP.10_1,11404,1332,9970
2,ECS,Spain,724,ESP,16/06/2020,10,Comunitat Valenciana,ESP,ESP.10_1,11418,1332,9970
2,ECS,Spain,724,ESP,17/06/2020,10,Comunitat Valenciana,ESP,ESP.10_1,11421,1332,9970
2,ECS,Spain,724,ESP,18/06/2020,10,Comunitat Valenciana,ESP,ESP.10_1,11431,1332,9970
2,ECS,Spain,724,ESP,19/06/2020,10,Comunitat Valenciana,ESP,ESP.10_1,11441,1332,9970
2,ECS,Spain,724,ESP,20/06/2020,10,Comunitat Valenciana,ESP,ESP.10_1,11451,1430,9970
2,ECS,Spain,724,ESP,21/06/2020,10,Comunitat Valenciana,ESP,ESP.10_1,11476,1431,9970
2,ECS,Spain,724,ESP,22/06/2020,10,Comunitat Valenciana,ESP,ESP.10_1,11479,1431,9970
2,ECS,Spain,724,ESP,23/06/2020,10,Comunitat Valenciana,ESP,ESP.10_1,11486,1431,9970
2,ECS,Spain,724,ESP,24/06/2020,10,Comunitat Valenciana,ESP,ESP.10_1,11494,1431,9970
2,ECS,Spain,724,ESP,25/06/2020,10,Comunitat Valenciana,ESP,ESP.10_1,11501,1432,9970
2,ECS,Spain,724,ESP,26/06/2020,10,Comunitat Valenciana,ESP,ESP.10_1,11509,1432,9970
2,ECS,Spain,724,ESP,27/06/2020,10,Comunitat Valenciana,ESP,ESP.10_1,11512,1432,9970
2,ECS,Spain,724,ESP,28/06/2020,10,Comunitat Valenciana,ESP,ESP.10_1,11531,1432,9970
2,ECS,Spain,724,ESP,29/06/2020,10,Comunitat Valenciana,ESP,ESP.10_1,11537,1432,9970
2,ECS,Spain,724,ESP,30/06/2020,10,Comunitat Valenciana,ESP,ESP.10_1,11541,1432,9970
2,ECS,Spain,724,ESP,01/07/2020,10,Comunitat Valenciana,ESP,ESP.10_1,11579,1432,9970
2,ECS,Spain,724,ESP,02/07/2020,10,Comunitat Valenciana,ESP,ESP.10_1,11588,1432,9970
2,ECS,Spain,724,ESP,03/07/2020,10,Comunitat Valenciana,ESP,ESP.10_1,11616,1432,9970
2,ECS,Spain,724,ESP,04/07/2020,10,Comunitat Valenciana,ESP,ESP.10_1,11630,1432,9970
2,ECS,Spain,724,ESP,05/07/2020,10,Comunitat Valenciana,ESP,ESP.10_1,11630,1432,9970
2,ECS,Spain,724,ESP,06/07/2020,10,Comunitat Valenciana,ESP,ESP.10_1,11630,1432,9970
2,ECS,Spain,724,ESP,07/07/2020,10,Comunitat Valenciana,ESP,ESP.10_1,11666,1432,9970
2,ECS,Spain,724,ESP,08/07/2020,10,Comunitat Valenciana,ESP,ESP.10_1,11685,1432,9970
2,ECS,Spain,724,ESP,09/07/2020,10,Comunitat Valenciana,ESP,ESP.10_1,11701,1432,9970
2,ECS,Spain,724,ESP,10/07/2020,10,Comunitat Valenciana,ESP,ESP.10_1,11718,1432,9970
2,ECS,Spain,724,ESP,11/07/2020,10,Comunitat Valenciana,ESP,ESP.10_1,11740,1432,9970
2,ECS,Spain,724,ESP,12/07/2020,10,Comunitat Valenciana,ESP,ESP.10_1,11740,1432,9970
2,ECS,Spain,724,ESP,13/07/2020,10,Comunitat Valenciana,ESP,ESP.10_1,11740,1432,9970
2,ECS,Spain,724,ESP,14/07/2020,10,Comunitat Valenciana,ESP,ESP.10_1,11794,1432,9970
2,ECS,Spain,724,ESP,15/07/2020,10,Comunitat Valenciana,ESP,ESP.10_1,11831,1432,9970
2,ECS,Spain,724,ESP,16/07/2020,10,Comunitat Valenciana,ESP,ESP.10_1,11854,1432,9970
2,ECS,Spain,724,ESP,17/07/2020,10,Comunitat Valenciana,ESP,ESP.10_1,11892,1432,9970
2,ECS,Spain,724,ESP,18/07/2020,10,Comunitat Valenciana,ESP,ESP.10_1,11933,1432,9970
2,ECS,Spain,724,ESP,19/07/2020,10,Comunitat Valenciana,ESP,ESP.10_1,11933,1432,9970
2,ECS,Spain,724,ESP,20/07/2020,10,Comunitat Valenciana,ESP,ESP.10_1,11933,1432,9970
2,ECS,Spain,724,ESP,15/05/2020,11,Extremadura,ESP,ESP.11_1,2923,492,2482
2,ECS,Spain,724,ESP,16/05/2020,11,Extremadura,ESP,ESP.11_1,2933,494,2587
2,ECS,Spain,724,ESP,17/05/2020,11,Extremadura,ESP,ESP.11_1,2958,497,2609
2,ECS,Spain,724,ESP,18/05/2020,11,Extremadura,ESP,ESP.11_1,2958,497,2609
2,ECS,Spain,724,ESP,19/05/2020,11,Extremadura,ESP,ESP.11_1,2948,500,2652
2,ECS,Spain,724,ESP,20/05/2020,11,Extremadura,ESP,ESP.11_1,2953,504,0
2,ECS,Spain,724,ESP,21/05/2020,11,Extremadura,ESP,ESP.11_1,3040,504,0
2,ECS,Spain,724,ESP,22/05/2020,11,Extremadura,ESP,ESP.11_1,3042,505,0
2,ECS,Spain,724,ESP,23/05/2020,11,Extremadura,ESP,ESP.11_1,3044,506,0
2,ECS,Spain,724,ESP,24/05/2020,11,Extremadura,ESP,ESP.11_1,3048,507,0
2,ECS,Spain,724,ESP,25/05/2020,11,Extremadura,ESP,ESP.11_1,3047,506,0
2,ECS,Spain,724,ESP,26/05/2020,11,Extremadura,ESP,ESP.11_1,2952,506,0
2,ECS,Spain,724,ESP,27/05/2020,11,Extremadura,ESP,ESP.11_1,2955,507,2652
2,ECS,Spain,724,ESP,28/05/2020,11,Extremadura,ESP,ESP.11_1,2955,507,2652
2,ECS,Spain,724,ESP,29/05/2020,11,Extremadura,ESP,ESP.11_1,2961,507,2652
2,ECS,Spain,724,ESP,30/05/2020,11,Extremadura,ESP,ESP.11_1,2963,507,2652
2,ECS,Spain,724,ESP,31/05/2020,11,Extremadura,ESP,ESP.11_1,2964,508,2652
2,ECS,Spain,724,ESP,01/06/2020,11,Extremadura,ESP,ESP.11_1,2966,508,2652
2,ECS,Spain,724,ESP,02/06/2020,11,Extremadura,ESP,ESP.11_1,2966,508,2652
2,ECS,Spain,724,ESP,03/06/2020,11,Extremadura,ESP,ESP.11_1,2971,508,2652
2,ECS,Spain,724,ESP,04/06/2020,11,Extremadura,ESP,ESP.11_1,2974,508,2652
2,ECS,Spain,724,ESP,05/06/2020,11,Extremadura,ESP,ESP.11_1,2973,508,2652
2,ECS,Spain,724,ESP,06/06/2020,11,Extremadura,ESP,ESP.11_1,2976,508,2652
2,ECS,Spain,724,ESP,07/06/2020,11,Extremadura,ESP,ESP.11_1,2977,508,2652
2,ECS,Spain,724,ESP,08/06/2020,11,Extremadura,ESP,ESP.11_1,2977,508,2652
2,ECS,Spain,724,ESP,09/06/2020,11,Extremadura,ESP,ESP.11_1,2977,508,2652
2,ECS,Spain,724,ESP,10/06/2020,11,Extremadura,ESP,ESP.11_1,2978,508,2652
2,ECS,Spain,724,ESP,11/06/2020,11,Extremadura,ESP,ESP.11_1,2982,508,2652
2,ECS,Spain,724,ESP,12/06/2020,11,Extremadura,ESP,ESP.11_1,2983,508,2652
2,ECS,Spain,724,ESP,13/06/2020,11,Extremadura,ESP,ESP.11_1,2984,508,2652
2,ECS,Spain,724,ESP,14/06/2020,11,Extremadura,ESP,ESP.11_1,2985,508,2652
2,ECS,Spain,724,ESP,15/06/2020,11,Extremadura,ESP,ESP.11_1,2987,508,2652
2,ECS,Spain,724,ESP,16/06/2020,11,Extremadura,ESP,ESP.11_1,2988,508,2652
2,ECS,Spain,724,ESP,17/06/2020,11,Extremadura,ESP,ESP.11_1,2990,508,2652
2,ECS,Spain,724,ESP,18/06/2020,11,Extremadura,ESP,ESP.11_1,2992,508,2652
2,ECS,Spain,724,ESP,19/06/2020,11,Extremadura,ESP,ESP.11_1,2999,508,2652
2,ECS,Spain,724,ESP,20/06/2020,11,Extremadura,ESP,ESP.11_1,3000,519,2652
2,ECS,Spain,724,ESP,21/06/2020,11,Extremadura,ESP,ESP.11_1,3001,519,2652
2,ECS,Spain,724,ESP,22/06/2020,11,Extremadura,ESP,ESP.11_1,3006,519,2652
2,ECS,Spain,724,ESP,23/06/2020,11,Extremadura,ESP,ESP.11_1,3010,519,2652
2,ECS,Spain,724,ESP,24/06/2020,11,Extremadura,ESP,ESP.11_1,3011,519,2652
2,ECS,Spain,724,ESP,25/06/2020,11,Extremadura,ESP,ESP.11_1,3017,519,2652
2,ECS,Spain,724,ESP,26/06/2020,11,Extremadura,ESP,ESP.11_1,3019,519,2652
2,ECS,Spain,724,ESP,27/06/2020,11,Extremadura,ESP,ESP.11_1,3025,519,2652
2,ECS,Spain,724,ESP,28/06/2020,11,Extremadura,ESP,ESP.11_1,3026,519,2652
2,ECS,Spain,724,ESP,29/06/2020,11,Extremadura,ESP,ESP.11_1,3026,519,2652
2,ECS,Spain,724,ESP,30/06/2020,11,Extremadura,ESP,ESP.11_1,3027,519,2652
2,ECS,Spain,724,ESP,01/07/2020,11,Extremadura,ESP,ESP.11_1,3030,519,2652
2,ECS,Spain,724,ESP,02/07/2020,11,Extremadura,ESP,ESP.11_1,3033,519,2652
2,ECS,Spain,724,ESP,03/07/2020,11,Extremadura,ESP,ESP.11_1,3040,519,2652
2,ECS,Spain,724,ESP,04/07/2020,11,Extremadura,ESP,ESP.11_1,3047,519,2652
2,ECS,Spain,724,ESP,05/07/2020,11,Extremadura,ESP,ESP.11_1,3047,519,2652
2,ECS,Spain,724,ESP,06/07/2020,11,Extremadura,ESP,ESP.11_1,3047,519,2652
2,ECS,Spain,724,ESP,07/07/2020,11,Extremadura,ESP,ESP.11_1,3064,519,2652
2,ECS,Spain,724,ESP,08/07/2020,11,Extremadura,ESP,ESP.11_1,3066,519,2652
2,ECS,Spain,724,ESP,09/07/2020,11,Extremadura,ESP,ESP.11_1,3076,519,2652
2,ECS,Spain,724,ESP,10/07/2020,11,Extremadura,ESP,ESP.11_1,3082,519,2652
2,ECS,Spain,724,ESP,11/07/2020,11,Extremadura,ESP,ESP.11_1,3106,519,2652
2,ECS,Spain,724,ESP,12/07/2020,11,Extremadura,ESP,ESP.11_1,3106,519,2652
2,ECS,Spain,724,ESP,13/07/2020,11,Extremadura,ESP,ESP.11_1,3106,519,2652
2,ECS,Spain,724,ESP,14/07/2020,11,Extremadura,ESP,ESP.11_1,3191,519,2652
2,ECS,Spain,724,ESP,15/07/2020,11,Extremadura,ESP,ESP.11_1,3202,519,2652
2,ECS,Spain,724,ESP,16/07/2020,11,Extremadura,ESP,ESP.11_1,3208,519,2652
2,ECS,Spain,724,ESP,17/07/2020,11,Extremadura,ESP,ESP.11_1,3218,519,2652
2,ECS,Spain,724,ESP,18/07/2020,11,Extremadura,ESP,ESP.11_1,3243,519,2652
2,ECS,Spain,724,ESP,19/07/2020,11,Extremadura,ESP,ESP.11_1,3243,519,2652
2,ECS,Spain,724,ESP,20/07/2020,11,Extremadura,ESP,ESP.11_1,3243,519,2652
2,ECS,Spain,724,ESP,15/05/2020,12,Galicia,ESP,ESP.12_1,9317,601,8157
2,ECS,Spain,724,ESP,16/05/2020,12,Galicia,ESP,ESP.12_1,9323,601,8283
2,ECS,Spain,724,ESP,17/05/2020,12,Galicia,ESP,ESP.12_1,9041,604,8409
2,ECS,Spain,724,ESP,18/05/2020,12,Galicia,ESP,ESP.12_1,9041,604,8409
2,ECS,Spain,724,ESP,19/05/2020,12,Galicia,ESP,ESP.12_1,9056,607,9204
2,ECS,Spain,724,ESP,20/05/2020,12,Galicia,ESP,ESP.12_1,9058,607,0
2,ECS,Spain,724,ESP,21/05/2020,12,Galicia,ESP,ESP.12_1,9067,607,0
2,ECS,Spain,724,ESP,22/05/2020,12,Galicia,ESP,ESP.12_1,9077,608,0
2,ECS,Spain,724,ESP,23/05/2020,12,Galicia,ESP,ESP.12_1,9084,609,0
2,ECS,Spain,724,ESP,24/05/2020,12,Galicia,ESP,ESP.12_1,9098,610,0
2,ECS,Spain,724,ESP,25/05/2020,12,Galicia,ESP,ESP.12_1,9105,613,0
2,ECS,Spain,724,ESP,26/05/2020,12,Galicia,ESP,ESP.12_1,9079,607,0
2,ECS,Spain,724,ESP,27/05/2020,12,Galicia,ESP,ESP.12_1,9108,607,9204
2,ECS,Spain,724,ESP,28/05/2020,12,Galicia,ESP,ESP.12_1,9108,607,9204
2,ECS,Spain,724,ESP,29/05/2020,12,Galicia,ESP,ESP.12_1,9115,608,9204
2,ECS,Spain,724,ESP,30/05/2020,12,Galicia,ESP,ESP.12_1,9117,608,9204
2,ECS,Spain,724,ESP,31/05/2020,12,Galicia,ESP,ESP.12_1,9120,609,9204
2,ECS,Spain,724,ESP,01/06/2020,12,Galicia,ESP,ESP.12_1,9119,609,9204
2,ECS,Spain,724,ESP,02/06/2020,12,Galicia,ESP,ESP.12_1,9129,609,9204
2,ECS,Spain,724,ESP,03/06/2020,12,Galicia,ESP,ESP.12_1,9130,609,9204
2,ECS,Spain,724,ESP,04/06/2020,12,Galicia,ESP,ESP.12_1,9132,609,9204
2,ECS,Spain,724,ESP,05/06/2020,12,Galicia,ESP,ESP.12_1,9134,609,9204
2,ECS,Spain,724,ESP,06/06/2020,12,Galicia,ESP,ESP.12_1,9146,609,9204
2,ECS,Spain,724,ESP,07/06/2020,12,Galicia,ESP,ESP.12_1,9144,609,9204
2,ECS,Spain,724,ESP,08/06/2020,12,Galicia,ESP,ESP.12_1,9145,609,9204
2,ECS,Spain,724,ESP,09/06/2020,12,Galicia,ESP,ESP.12_1,9141,609,9204
2,ECS,Spain,724,ESP,10/06/2020,12,Galicia,ESP,ESP.12_1,9148,609,9204
2,ECS,Spain,724,ESP,11/06/2020,12,Galicia,ESP,ESP.12_1,9153,609,9204
2,ECS,Spain,724,ESP,12/06/2020,12,Galicia,ESP,ESP.12_1,9154,609,9204
2,ECS,Spain,724,ESP,13/06/2020,12,Galicia,ESP,ESP.12_1,9157,609,9204
2,ECS,Spain,724,ESP,14/06/2020,12,Galicia,ESP,ESP.12_1,9158,609,9204
2,ECS,Spain,724,ESP,15/06/2020,12,Galicia,ESP,ESP.12_1,9159,609,9204
2,ECS,Spain,724,ESP,16/06/2020,12,Galicia,ESP,ESP.12_1,9160,609,9204
2,ECS,Spain,724,ESP,17/06/2020,12,Galicia,ESP,ESP.12_1,9161,609,9204
2,ECS,Spain,724,ESP,18/06/2020,12,Galicia,ESP,ESP.12_1,9164,609,9204
2,ECS,Spain,724,ESP,19/06/2020,12,Galicia,ESP,ESP.12_1,9164,609,9204
2,ECS,Spain,724,ESP,20/06/2020,12,Galicia,ESP,ESP.12_1,9169,619,9204
2,ECS,Spain,724,ESP,21/06/2020,12,Galicia,ESP,ESP.12_1,9167,619,9204
2,ECS,Spain,724,ESP,22/06/2020,12,Galicia,ESP,ESP.12_1,9174,619,9204
2,ECS,Spain,724,ESP,23/06/2020,12,Galicia,ESP,ESP.12_1,9174,619,9204
2,ECS,Spain,724,ESP,24/06/2020,12,Galicia,ESP,ESP.12_1,9175,619,9204
2,ECS,Spain,724,ESP,25/06/2020,12,Galicia,ESP,ESP.12_1,9178,619,9204
2,ECS,Spain,724,ESP,26/06/2020,12,Galicia,ESP,ESP.12_1,9186,619,9204
2,ECS,Spain,724,ESP,27/06/2020,12,Galicia,ESP,ESP.12_1,9193,619,9204
2,ECS,Spain,724,ESP,28/06/2020,12,Galicia,ESP,ESP.12_1,9199,619,9204
2,ECS,Spain,724,ESP,29/06/2020,12,Galicia,ESP,ESP.12_1,9202,619,9204
2,ECS,Spain,724,ESP,30/06/2020,12,Galicia,ESP,ESP.12_1,9206,619,9204
2,ECS,Spain,724,ESP,01/07/2020,12,Galicia,ESP,ESP.12_1,9215,619,9204
2,ECS,Spain,724,ESP,02/07/2020,12,Galicia,ESP,ESP.12_1,9222,619,9204
2,ECS,Spain,724,ESP,03/07/2020,12,Galicia,ESP,ESP.12_1,9239,619,9204
2,ECS,Spain,724,ESP,04/07/2020,12,Galicia,ESP,ESP.12_1,9251,619,9204
2,ECS,Spain,724,ESP,05/07/2020,12,Galicia,ESP,ESP.12_1,9251,619,9204
2,ECS,Spain,724,ESP,06/07/2020,12,Galicia,ESP,ESP.12_1,9251,619,9204
2,ECS,Spain,724,ESP,07/07/2020,12,Galicia,ESP,ESP.12_1,9330,619,9204
2,ECS,Spain,724,ESP,08/07/2020,12,Galicia,ESP,ESP.12_1,9336,619,9204
2,ECS,Spain,724,ESP,09/07/2020,12,Galicia,ESP,ESP.12_1,9371,619,9204
2,ECS,Spain,724,ESP,10/07/2020,12,Galicia,ESP,ESP.12_1,9403,619,9204
2,ECS,Spain,724,ESP,11/07/2020,12,Galicia,ESP,ESP.12_1,9431,619,9204
2,ECS,Spain,724,ESP,12/07/2020,12,Galicia,ESP,ESP.12_1,9431,619,9204
2,ECS,Spain,724,ESP,13/07/2020,12,Galicia,ESP,ESP.12_1,9431,619,9204
2,ECS,Spain,724,ESP,14/07/2020,12,Galicia,ESP,ESP.12_1,9454,619,9204
2,ECS,Spain,724,ESP,15/07/2020,12,Galicia,ESP,ESP.12_1,9461,619,9204
2,ECS,Spain,724,ESP,16/07/2020,12,Galicia,ESP,ESP.12_1,9471,619,9204
2,ECS,Spain,724,ESP,17/07/2020,12,Galicia,ESP,ESP.12_1,9479,619,9204
2,ECS,Spain,724,ESP,18/07/2020,12,Galicia,ESP,ESP.12_1,9494,619,9204
2,ECS,Spain,724,ESP,19/07/2020,12,Galicia,ESP,ESP.12_1,9494,619,9204
2,ECS,Spain,724,ESP,20/07/2020,12,Galicia,ESP,ESP.12_1,9494,619,9204
2,ECS,Spain,724,ESP,15/05/2020,13,"Madrid, Comunidad de",ESP,ESP.8_1,65693,8779,40199
2,ECS,Spain,724,ESP,16/05/2020,13,"Madrid, Comunidad de",ESP,ESP.8_1,66005,8809,40383
2,ECS,Spain,724,ESP,17/05/2020,13,"Madrid, Comunidad de",ESP,ESP.8_1,66210,8826,40586
2,ECS,Spain,724,ESP,18/05/2020,13,"Madrid, Comunidad de",ESP,ESP.8_1,66210,8826,40586
2,ECS,Spain,724,ESP,19/05/2020,13,"Madrid, Comunidad de",ESP,ESP.8_1,66302,8863,40736
2,ECS,Spain,724,ESP,20/05/2020,13,"Madrid, Comunidad de",ESP,ESP.8_1,66643,8894,0
2,ECS,Spain,724,ESP,21/05/2020,13,"Madrid, Comunidad de",ESP,ESP.8_1,66860,8912,0
2,ECS,Spain,724,ESP,22/05/2020,13,"Madrid, Comunidad de",ESP,ESP.8_1,67049,8931,0
2,ECS,Spain,724,ESP,23/05/2020,13,"Madrid, Comunidad de",ESP,ESP.8_1,67425,8944,0
2,ECS,Spain,724,ESP,24/05/2020,13,"Madrid, Comunidad de",ESP,ESP.8_1,67610,8956,0
2,ECS,Spain,724,ESP,25/05/2020,13,"Madrid, Comunidad de",ESP,ESP.8_1,67871,8977,0
2,ECS,Spain,724,ESP,26/05/2020,13,"Madrid, Comunidad de",ESP,ESP.8_1,67932,8686,0
2,ECS,Spain,724,ESP,27/05/2020,13,"Madrid, Comunidad de",ESP,ESP.8_1,68066,8691,40736
2,ECS,Spain,724,ESP,28/05/2020,13,"Madrid, Comunidad de",ESP,ESP.8_1,68066,8691,40736
2,ECS,Spain,724,ESP,29/05/2020,13,"Madrid, Comunidad de",ESP,ESP.8_1,68451,8691,40736
2,ECS,Spain,724,ESP,30/05/2020,13,"Madrid, Comunidad de",ESP,ESP.8_1,68597,8691,40736
2,ECS,Spain,724,ESP,31/05/2020,13,"Madrid, Comunidad de",ESP,ESP.8_1,68740,8691,40736
2,ECS,Spain,724,ESP,01/06/2020,13,"Madrid, Comunidad de",ESP,ESP.8_1,68830,8691,40736
2,ECS,Spain,724,ESP,02/06/2020,13,"Madrid, Comunidad de",ESP,ESP.8_1,68852,8691,40736
2,ECS,Spain,724,ESP,03/06/2020,13,"Madrid, Comunidad de",ESP,ESP.8_1,68960,8691,40736
2,ECS,Spain,724,ESP,04/06/2020,13,"Madrid, Comunidad de",ESP,ESP.8_1,69112,8691,40736
2,ECS,Spain,724,ESP,05/06/2020,13,"Madrid, Comunidad de",ESP,ESP.8_1,69236,8691,40736
2,ECS,Spain,724,ESP,06/06/2020,13,"Madrid, Comunidad de",ESP,ESP.8_1,69423,8691,40736
2,ECS,Spain,724,ESP,07/06/2020,13,"Madrid, Comunidad de",ESP,ESP.8_1,69562,8691,40736
2,ECS,Spain,724,ESP,08/06/2020,13,"Madrid, Comunidad de",ESP,ESP.8_1,69641,8691,40736
2,ECS,Spain,724,ESP,09/06/2020,13,"Madrid, Comunidad de",ESP,ESP.8_1,69695,8691,40736
2,ECS,Spain,724,ESP,10/06/2020,13,"Madrid, Comunidad de",ESP,ESP.8_1,69804,8691,40736
2,ECS,Spain,724,ESP,11/06/2020,13,"Madrid, Comunidad de",ESP,ESP.8_1,69895,8691,40736
2,ECS,Spain,724,ESP,12/06/2020,13,"Madrid, Comunidad de",ESP,ESP.8_1,70051,8691,40736
2,ECS,Spain,724,ESP,13/06/2020,13,"Madrid, Comunidad de",ESP,ESP.8_1,70231,8691,40736
2,ECS,Spain,724,ESP,14/06/2020,13,"Madrid, Comunidad de",ESP,ESP.8_1,70398,8691,40736
2,ECS,Spain,724,ESP,15/06/2020,13,"Madrid, Comunidad de",ESP,ESP.8_1,70521,8691,40736
2,ECS,Spain,724,ESP,16/06/2020,13,"Madrid, Comunidad de",ESP,ESP.8_1,70570,8691,40736
2,ECS,Spain,724,ESP,17/06/2020,13,"Madrid, Comunidad de",ESP,ESP.8_1,70675,8691,40736
2,ECS,Spain,724,ESP,18/06/2020,13,"Madrid, Comunidad de",ESP,ESP.8_1,70799,8691,40736
2,ECS,Spain,724,ESP,19/06/2020,13,"Madrid, Comunidad de",ESP,ESP.8_1,70934,8691,40736
2,ECS,Spain,724,ESP,20/06/2020,13,"Madrid, Comunidad de",ESP,ESP.8_1,71007,8416,40736
2,ECS,Spain,724,ESP,21/06/2020,13,"Madrid, Comunidad de",ESP,ESP.8_1,71144,8416,40736
2,ECS,Spain,724,ESP,22/06/2020,13,"Madrid, Comunidad de",ESP,ESP.8_1,71223,8416,40736
2,ECS,Spain,724,ESP,23/06/2020,13,"Madrid, Comunidad de",ESP,ESP.8_1,71248,8416,40736
2,ECS,Spain,724,ESP,24/06/2020,13,"Madrid, Comunidad de",ESP,ESP.8_1,71359,8416,40736
2,ECS,Spain,724,ESP,25/06/2020,13,"Madrid, Comunidad de",ESP,ESP.8_1,71434,8416,40736
2,ECS,Spain,724,ESP,26/06/2020,13,"Madrid, Comunidad de",ESP,ESP.8_1,71579,8417,40736
2,ECS,Spain,724,ESP,27/06/2020,13,"Madrid, Comunidad de",ESP,ESP.8_1,71632,8418,40736
2,ECS,Spain,724,ESP,28/06/2020,13,"Madrid, Comunidad de",ESP,ESP.8_1,71839,8420,40736
2,ECS,Spain,724,ESP,29/06/2020,13,"Madrid, Comunidad de",ESP,ESP.8_1,71881,8421,40736
2,ECS,Spain,724,ESP,30/06/2020,13,"Madrid, Comunidad de",ESP,ESP.8_1,71885,8421,40736
2,ECS,Spain,724,ESP,01/07/2020,13,"Madrid, Comunidad de",ESP,ESP.8_1,71950,8425,40736
2,ECS,Spain,724,ESP,02/07/2020,13,"Madrid, Comunidad de",ESP,ESP.8_1,72033,8427,40736
2,ECS,Spain,724,ESP,03/07/2020,13,"Madrid, Comunidad de",ESP,ESP.8_1,72096,8428,40736
2,ECS,Spain,724,ESP,04/07/2020,13,"Madrid, Comunidad de",ESP,ESP.8_1,72168,8439,40736
2,ECS,Spain,724,ESP,05/07/2020,13,"Madrid, Comunidad de",ESP,ESP.8_1,72168,8439,40736
2,ECS,Spain,724,ESP,06/07/2020,13,"Madrid, Comunidad de",ESP,ESP.8_1,72168,8439,40736
2,ECS,Spain,724,ESP,07/07/2020,13,"Madrid, Comunidad de",ESP,ESP.8_1,72269,8439,40736
2,ECS,Spain,724,ESP,08/07/2020,13,"Madrid, Comunidad de",ESP,ESP.8_1,72336,8440,40736
2,ECS,Spain,724,ESP,09/07/2020,13,"Madrid, Comunidad de",ESP,ESP.8_1,72409,8441,40736
2,ECS,Spain,724,ESP,10/07/2020,13,"Madrid, Comunidad de",ESP,ESP.8_1,72469,8442,40736
2,ECS,Spain,724,ESP,11/07/2020,13,"Madrid, Comunidad de",ESP,ESP.8_1,72532,8441,40736
2,ECS,Spain,724,ESP,12/07/2020,13,"Madrid, Comunidad de",ESP,ESP.8_1,72532,8441,40736
2,ECS,Spain,724,ESP,13/07/2020,13,"Madrid, Comunidad de",ESP,ESP.8_1,72532,8441,40736
2,ECS,Spain,724,ESP,14/07/2020,13,"Madrid, Comunidad de",ESP,ESP.8_1,72649,8442,40736
2,ECS,Spain,724,ESP,15/07/2020,13,"Madrid, Comunidad de",ESP,ESP.8_1,72695,8442,40736
2,ECS,Spain,724,ESP,16/07/2020,13,"Madrid, Comunidad de",ESP,ESP.8_1,72797,8444,40736
2,ECS,Spain,724,ESP,17/07/2020,13,"Madrid, Comunidad de",ESP,ESP.8_1,72882,8445,40736
2,ECS,Spain,724,ESP,18/07/2020,13,"Madrid, Comunidad de",ESP,ESP.8_1,73026,8446,40736
2,ECS,Spain,724,ESP,19/07/2020,13,"Madrid, Comunidad de",ESP,ESP.8_1,73026,8446,40736
2,ECS,Spain,724,ESP,20/07/2020,13,"Madrid, Comunidad de",ESP,ESP.8_1,73026,8446,40736
2,ECS,Spain,724,ESP,15/05/2020,14,"Murcia, Región de",ESP,ESP.18_1,1532,142,1998
2,ECS,Spain,724,ESP,16/05/2020,14,"Murcia, Región de",ESP,ESP.18_1,1534,143,2034
2,ECS,Spain,724,ESP,17/05/2020,14,"Murcia, Región de",ESP,ESP.18_1,1542,144,2073
2,ECS,Spain,724,ESP,18/05/2020,14,"Murcia, Región de",ESP,ESP.18_1,1542,144,2073
2,ECS,Spain,724,ESP,19/05/2020,14,"Murcia, Región de",ESP,ESP.18_1,1556,145,2180
2,ECS,Spain,724,ESP,20/05/2020,14,"Murcia, Región de",ESP,ESP.18_1,1558,145,0
2,ECS,Spain,724,ESP,21/05/2020,14,"Murcia, Región de",ESP,ESP.18_1,1560,148,0
2,ECS,Spain,724,ESP,22/05/2020,14,"Murcia, Región de",ESP,ESP.18_1,1570,149,0
2,ECS,Spain,724,ESP,23/05/2020,14,"Murcia, Región de",ESP,ESP.18_1,1572,149,0
2,ECS,Spain,724,ESP,24/05/2020,14,"Murcia, Región de",ESP,ESP.18_1,1575,149,0
2,ECS,Spain,724,ESP,25/05/2020,14,"Murcia, Región de",ESP,ESP.18_1,1579,149,0
2,ECS,Spain,724,ESP,26/05/2020,14,"Murcia, Región de",ESP,ESP.18_1,1573,139,0
2,ECS,Spain,724,ESP,27/05/2020,14,"Murcia, Región de",ESP,ESP.18_1,1587,148,2180
2,ECS,Spain,724,ESP,28/05/2020,14,"Murcia, Región de",ESP,ESP.18_1,1587,148,2180
2,ECS,Spain,724,ESP,29/05/2020,14,"Murcia, Región de",ESP,ESP.18_1,1593,148,2180
2,ECS,Spain,724,ESP,30/05/2020,14,"Murcia, Región de",ESP,ESP.18_1,1595,148,2180
2,ECS,Spain,724,ESP,31/05/2020,14,"Murcia, Región de",ESP,ESP.18_1,1597,148,2180
2,ECS,Spain,724,ESP,01/06/2020,14,"Murcia, Región de",ESP,ESP.18_1,1597,148,2180
2,ECS,Spain,724,ESP,02/06/2020,14,"Murcia, Región de",ESP,ESP.18_1,1599,148,2180
2,ECS,Spain,724,ESP,03/06/2020,14,"Murcia, Región de",ESP,ESP.18_1,1603,148,2180
2,ECS,Spain,724,ESP,04/06/2020,14,"Murcia, Región de",ESP,ESP.18_1,1605,148,2180
2,ECS,Spain,724,ESP,05/06/2020,14,"Murcia, Región de",ESP,ESP.18_1,1613,148,2180
2,ECS,Spain,724,ESP,06/06/2020,14,"Murcia, Región de",ESP,ESP.18_1,1616,148,2180
2,ECS,Spain,724,ESP,07/06/2020,14,"Murcia, Región de",ESP,ESP.18_1,1616,148,2180
2,ECS,Spain,724,ESP,08/06/2020,14,"Murcia, Región de",ESP,ESP.18_1,1616,148,2180
2,ECS,Spain,724,ESP,09/06/2020,14,"Murcia, Región de",ESP,ESP.18_1,1619,148,2180
2,ECS,Spain,724,ESP,10/06/2020,14,"Murcia, Región de",ESP,ESP.18_1,1619,148,2180
2,ECS,Spain,724,ESP,11/06/2020,14,"Murcia, Región de",ESP,ESP.18_1,1624,148,2180
2,ECS,Spain,724,ESP,12/06/2020,14,"Murcia, Región de",ESP,ESP.18_1,1626,148,2180
2,ECS,Spain,724,ESP,13/06/2020,14,"Murcia, Región de",ESP,ESP.18_1,1628,148,2180
2,ECS,Spain,724,ESP,14/06/2020,14,"Murcia, Región de",ESP,ESP.18_1,1628,148,2180
2,ECS,Spain,724,ESP,15/06/2020,14,"Murcia, Región de",ESP,ESP.18_1,1629,148,2180
2,ECS,Spain,724,ESP,16/06/2020,14,"Murcia, Región de",ESP,ESP.18_1,1629,148,2180
2,ECS,Spain,724,ESP,17/06/2020,14,"Murcia, Región de",ESP,ESP.18_1,1629,148,2180
2,ECS,Spain,724,ESP,18/06/2020,14,"Murcia, Región de",ESP,ESP.18_1,1631,148,2180
2,ECS,Spain,724,ESP,19/06/2020,14,"Murcia, Región de",ESP,ESP.18_1,1631,148,2180
2,ECS,Spain,724,ESP,20/06/2020,14,"Murcia, Región de",ESP,ESP.18_1,1638,147,2180
2,ECS,Spain,724,ESP,21/06/2020,14,"Murcia, Región de",ESP,ESP.18_1,1638,147,2180
2,ECS,Spain,724,ESP,22/06/2020,14,"Murcia, Región de",ESP,ESP.18_1,1645,147,2180
2,ECS,Spain,724,ESP,23/06/2020,14,"Murcia, Región de",ESP,ESP.18_1,1653,147,2180
2,ECS,Spain,724,ESP,24/06/2020,14,"Murcia, Región de",ESP,ESP.18_1,1653,147,2180
2,ECS,Spain,724,ESP,25/06/2020,14,"Murcia, Región de",ESP,ESP.18_1,1655,147,2180
2,ECS,Spain,724,ESP,26/06/2020,14,"Murcia, Región de",ESP,ESP.18_1,1657,147,2180
2,ECS,Spain,724,ESP,27/06/2020,14,"Murcia, Región de",ESP,ESP.18_1,1658,147,2180
2,ECS,Spain,724,ESP,28/06/2020,14,"Murcia, Región de",ESP,ESP.18_1,1658,147,2180
2,ECS,Spain,724,ESP,29/06/2020,14,"Murcia, Región de",ESP,ESP.18_1,1672,147,2180
2,ECS,Spain,724,ESP,30/06/2020,14,"Murcia, Región de",ESP,ESP.18_1,1680,147,2180
2,ECS,Spain,724,ESP,01/07/2020,14,"Murcia, Región de",ESP,ESP.18_1,1684,147,2180
2,ECS,Spain,724,ESP,02/07/2020,14,"Murcia, Región de",ESP,ESP.18_1,1690,147,2180
2,ECS,Spain,724,ESP,03/07/2020,14,"Murcia, Región de",ESP,ESP.18_1,1693,148,2180
2,ECS,Spain,724,ESP,04/07/2020,14,"Murcia, Región de",ESP,ESP.18_1,1697,148,2180
2,ECS,Spain,724,ESP,05/07/2020,14,"Murcia, Región de",ESP,ESP.18_1,1697,148,2180
2,ECS,Spain,724,ESP,06/07/2020,14,"Murcia, Región de",ESP,ESP.18_1,1697,148,2180
2,ECS,Spain,724,ESP,07/07/2020,14,"Murcia, Región de",ESP,ESP.18_1,1706,148,2180
2,ECS,Spain,724,ESP,08/07/2020,14,"Murcia, Región de",ESP,ESP.18_1,1709,148,2180
2,ECS,Spain,724,ESP,09/07/2020,14,"Murcia, Región de",ESP,ESP.18_1,1717,148,2180
2,ECS,Spain,724,ESP,10/07/2020,14,"Murcia, Región de",ESP,ESP.18_1,1721,148,2180
2,ECS,Spain,724,ESP,11/07/2020,14,"Murcia, Región de",ESP,ESP.18_1,1726,148,2180
2,ECS,Spain,724,ESP,12/07/2020,14,"Murcia, Región de",ESP,ESP.18_1,1726,148,2180
2,ECS,Spain,724,ESP,13/07/2020,14,"Murcia, Región de",ESP,ESP.18_1,1726,148,2180
2,ECS,Spain,724,ESP,14/07/2020,14,"Murcia, Región de",ESP,ESP.18_1,1753,148,2180
2,ECS,Spain,724,ESP,15/07/2020,14,"Murcia, Región de",ESP,ESP.18_1,1760,148,2180
2,ECS,Spain,724,ESP,16/07/2020,14,"Murcia, Región de",ESP,ESP.18_1,1766,148,2180
2,ECS,Spain,724,ESP,17/07/2020,14,"Murcia, Región de",ESP,ESP.18_1,1771,148,2180
2,ECS,Spain,724,ESP,18/07/2020,14,"Murcia, Región de",ESP,ESP.18_1,1786,148,2180
2,ECS,Spain,724,ESP,19/07/2020,14,"Murcia, Región de",ESP,ESP.18_1,1786,148,2180
2,ECS,Spain,724,ESP,20/07/2020,14,"Murcia, Región de",ESP,ESP.18_1,1786,148,2180
2,ECS,Spain,724,ESP,15/05/2020,15,"Navarra, Comunidad Foral de",ESP,ESP.9_1,5105,498,3400
2,ECS,Spain,724,ESP,16/05/2020,15,"Navarra, Comunidad Foral de",ESP,ESP.9_1,5116,500,3550
2,ECS,Spain,724,ESP,17/05/2020,15,"Navarra, Comunidad Foral de",ESP,ESP.9_1,5137,501,3658
2,ECS,Spain,724,ESP,18/05/2020,15,"Navarra, Comunidad Foral de",ESP,ESP.9_1,5137,501,3658
2,ECS,Spain,724,ESP,19/05/2020,15,"Navarra, Comunidad Foral de",ESP,ESP.9_1,5178,503,3905
2,ECS,Spain,724,ESP,20/05/2020,15,"Navarra, Comunidad Foral de",ESP,ESP.9_1,5202,503,0
2,ECS,Spain,724,ESP,21/05/2020,15,"Navarra, Comunidad Foral de",ESP,ESP.9_1,5136,503,0
2,ECS,Spain,724,ESP,22/05/2020,15,"Navarra, Comunidad Foral de",ESP,ESP.9_1,5195,506,0
2,ECS,Spain,724,ESP,23/05/2020,15,"Navarra, Comunidad Foral de",ESP,ESP.9_1,5200,508,0
2,ECS,Spain,724,ESP,24/05/2020,15,"Navarra, Comunidad Foral de",ESP,ESP.9_1,5205,509,0
2,ECS,Spain,724,ESP,25/05/2020,15,"Navarra, Comunidad Foral de",ESP,ESP.9_1,5219,509,0
2,ECS,Spain,724,ESP,26/05/2020,15,"Navarra, Comunidad Foral de",ESP,ESP.9_1,5195,490,0
2,ECS,Spain,724,ESP,27/05/2020,15,"Navarra, Comunidad Foral de",ESP,ESP.9_1,5199,490,3905
2,ECS,Spain,724,ESP,28/05/2020,15,"Navarra, Comunidad Foral de",ESP,ESP.9_1,5199,490,3905
2,ECS,Spain,724,ESP,29/05/2020,15,"Navarra, Comunidad Foral de",ESP,ESP.9_1,5223,490,3905
2,ECS,Spain,724,ESP,30/05/2020,15,"Navarra, Comunidad Foral de",ESP,ESP.9_1,5238,490,3905
2,ECS,Spain,724,ESP,31/05/2020,15,"Navarra, Comunidad Foral de",ESP,ESP.9_1,5247,490,3905
2,ECS,Spain,724,ESP,01/06/2020,15,"Navarra, Comunidad Foral de",ESP,ESP.9_1,5254,490,3905
2,ECS,Spain,724,ESP,02/06/2020,15,"Navarra, Comunidad Foral de",ESP,ESP.9_1,5259,490,3905
2,ECS,Spain,724,ESP,03/06/2020,15,"Navarra, Comunidad Foral de",ESP,ESP.9_1,5259,490,3905
2,ECS,Spain,724,ESP,04/06/2020,15,"Navarra, Comunidad Foral de",ESP,ESP.9_1,5261,490,3905
2,ECS,Spain,724,ESP,05/06/2020,15,"Navarra, Comunidad Foral de",ESP,ESP.9_1,5265,490,3905
2,ECS,Spain,724,ESP,06/06/2020,15,"Navarra, Comunidad Foral de",ESP,ESP.9_1,5275,490,3905
2,ECS,Spain,724,ESP,07/06/2020,15,"Navarra, Comunidad Foral de",ESP,ESP.9_1,5285,490,3905
2,ECS,Spain,724,ESP,08/06/2020,15,"Navarra, Comunidad Foral de",ESP,ESP.9_1,5288,490,3905
2,ECS,Spain,724,ESP,09/06/2020,15,"Navarra, Comunidad Foral de",ESP,ESP.9_1,5294,490,3905
2,ECS,Spain,724,ESP,10/06/2020,15,"Navarra, Comunidad Foral de",ESP,ESP.9_1,5295,490,3905
2,ECS,Spain,724,ESP,11/06/2020,15,"Navarra, Comunidad Foral de",ESP,ESP.9_1,5299,490,3905
2,ECS,Spain,724,ESP,12/06/2020,15,"Navarra, Comunidad Foral de",ESP,ESP.9_1,5303,490,3905
2,ECS,Spain,724,ESP,13/06/2020,15,"Navarra, Comunidad Foral de",ESP,ESP.9_1,5308,490,3905
2,ECS,Spain,724,ESP,14/06/2020,15,"Navarra, Comunidad Foral de",ESP,ESP.9_1,5311,490,3905
2,ECS,Spain,724,ESP,15/06/2020,15,"Navarra, Comunidad Foral de",ESP,ESP.9_1,5311,490,3905
2,ECS,Spain,724,ESP,16/06/2020,15,"Navarra, Comunidad Foral de",ESP,ESP.9_1,5311,490,3905
2,ECS,Spain,724,ESP,17/06/2020,15,"Navarra, Comunidad Foral de",ESP,ESP.9_1,5312,490,3905
2,ECS,Spain,724,ESP,18/06/2020,15,"Navarra, Comunidad Foral de",ESP,ESP.9_1,5359,490,3905
2,ECS,Spain,724,ESP,19/06/2020,15,"Navarra, Comunidad Foral de",ESP,ESP.9_1,5364,490,3905
2,ECS,Spain,724,ESP,20/06/2020,15,"Navarra, Comunidad Foral de",ESP,ESP.9_1,5370,528,3905
2,ECS,Spain,724,ESP,21/06/2020,15,"Navarra, Comunidad Foral de",ESP,ESP.9_1,5378,528,3905
2,ECS,Spain,724,ESP,22/06/2020,15,"Navarra, Comunidad Foral de",ESP,ESP.9_1,5381,528,3905
2,ECS,Spain,724,ESP,23/06/2020,15,"Navarra, Comunidad Foral de",ESP,ESP.9_1,5402,528,3905
2,ECS,Spain,724,ESP,24/06/2020,15,"Navarra, Comunidad Foral de",ESP,ESP.9_1,5415,528,3905
2,ECS,Spain,724,ESP,25/06/2020,15,"Navarra, Comunidad Foral de",ESP,ESP.9_1,5426,528,3905
2,ECS,Spain,724,ESP,26/06/2020,15,"Navarra, Comunidad Foral de",ESP,ESP.9_1,5426,528,3905
2,ECS,Spain,724,ESP,27/06/2020,15,"Navarra, Comunidad Foral de",ESP,ESP.9_1,5442,528,3905
2,ECS,Spain,724,ESP,28/06/2020,15,"Navarra, Comunidad Foral de",ESP,ESP.9_1,5450,528,3905
2,ECS,Spain,724,ESP,29/06/2020,15,"Navarra, Comunidad Foral de",ESP,ESP.9_1,5459,528,3905
2,ECS,Spain,724,ESP,30/06/2020,15,"Navarra, Comunidad Foral de",ESP,ESP.9_1,5463,528,3905
2,ECS,Spain,724,ESP,01/07/2020,15,"Navarra, Comunidad Foral de",ESP,ESP.9_1,5463,528,3905
2,ECS,Spain,724,ESP,02/07/2020,15,"Navarra, Comunidad Foral de",ESP,ESP.9_1,5468,528,3905
2,ECS,Spain,724,ESP,03/07/2020,15,"Navarra, Comunidad Foral de",ESP,ESP.9_1,5476,528,3905
2,ECS,Spain,724,ESP,04/07/2020,15,"Navarra, Comunidad Foral de",ESP,ESP.9_1,5477,528,3905
2,ECS,Spain,724,ESP,05/07/2020,15,"Navarra, Comunidad Foral de",ESP,ESP.9_1,5477,528,3905
2,ECS,Spain,724,ESP,06/07/2020,15,"Navarra, Comunidad Foral de",ESP,ESP.9_1,5477,528,3905
2,ECS,Spain,724,ESP,07/07/2020,15,"Navarra, Comunidad Foral de",ESP,ESP.9_1,5483,528,3905
2,ECS,Spain,724,ESP,08/07/2020,15,"Navarra, Comunidad Foral de",ESP,ESP.9_1,5486,528,3905
2,ECS,Spain,724,ESP,09/07/2020,15,"Navarra, Comunidad Foral de",ESP,ESP.9_1,5490,528,3905
2,ECS,Spain,724,ESP,10/07/2020,15,"Navarra, Comunidad Foral de",ESP,ESP.9_1,5496,528,3905
2,ECS,Spain,724,ESP,11/07/2020,15,"Navarra, Comunidad Foral de",ESP,ESP.9_1,5523,528,3905
2,ECS,Spain,724,ESP,12/07/2020,15,"Navarra, Comunidad Foral de",ESP,ESP.9_1,5523,528,3905
2,ECS,Spain,724,ESP,13/07/2020,15,"Navarra, Comunidad Foral de",ESP,ESP.9_1,5523,528,3905
2,ECS,Spain,724,ESP,14/07/2020,15,"Navarra, Comunidad Foral de",ESP,ESP.9_1,5589,528,3905
2,ECS,Spain,724,ESP,15/07/2020,15,"Navarra, Comunidad Foral de",ESP,ESP.9_1,5606,528,3905
2,ECS,Spain,724,ESP,16/07/2020,15,"Navarra, Comunidad Foral de",ESP,ESP.9_1,5627,528,3905
2,ECS,Spain,724,ESP,17/07/2020,15,"Navarra, Comunidad Foral de",ESP,ESP.9_1,5649,529,3905
2,ECS,Spain,724,ESP,18/07/2020,15,"Navarra, Comunidad Foral de",ESP,ESP.9_1,5708,529,3905
2,ECS,Spain,724,ESP,19/07/2020,15,"Navarra, Comunidad Foral de",ESP,ESP.9_1,5708,529,3905
2,ECS,Spain,724,ESP,20/07/2020,15,"Navarra, Comunidad Foral de",ESP,ESP.9_1,5708,529,3905
2,ECS,Spain,724,ESP,15/05/2020,16,País Vasco,ESP,ESP.16_1,13219,1454,15256
2,ECS,Spain,724,ESP,16/05/2020,16,País Vasco,ESP,ESP.16_1,13257,1454,15256
2,ECS,Spain,724,ESP,17/05/2020,16,País Vasco,ESP,ESP.16_1,13291,1455,15678
2,ECS,Spain,724,ESP,18/05/2020,16,País Vasco,ESP,ESP.16_1,13291,1455,15678
2,ECS,Spain,724,ESP,19/05/2020,16,País Vasco,ESP,ESP.16_1,13422,1466,16160
2,ECS,Spain,724,ESP,20/05/2020,16,País Vasco,ESP,ESP.16_1,13409,1470,0
2,ECS,Spain,724,ESP,21/05/2020,16,País Vasco,ESP,ESP.16_1,13435,1480,0
2,ECS,Spain,724,ESP,22/05/2020,16,País Vasco,ESP,ESP.16_1,13421,1483,0
2,ECS,Spain,724,ESP,23/05/2020,16,País Vasco,ESP,ESP.16_1,13454,1487,0
2,ECS,Spain,724,ESP,24/05/2020,16,País Vasco,ESP,ESP.16_1,13467,1494,0
2,ECS,Spain,724,ESP,25/05/2020,16,País Vasco,ESP,ESP.16_1,13476,1494,0
2,ECS,Spain,724,ESP,26/05/2020,16,País Vasco,ESP,ESP.16_1,13478,1424,0
2,ECS,Spain,724,ESP,27/05/2020,16,País Vasco,ESP,ESP.16_1,13486,1424,16160
2,ECS,Spain,724,ESP,28/05/2020,16,País Vasco,ESP,ESP.16_1,13486,1424,16160
2,ECS,Spain,724,ESP,29/05/2020,16,País Vasco,ESP,ESP.16_1,13489,1424,16160
2,ECS,Spain,724,ESP,30/05/2020,16,País Vasco,ESP,ESP.16_1,13494,1424,16160
2,ECS,Spain,724,ESP,31/05/2020,16,País Vasco,ESP,ESP.16_1,13506,1424,16160
2,ECS,Spain,724,ESP,01/06/2020,16,País Vasco,ESP,ESP.16_1,13508,1424,16160
2,ECS,Spain,724,ESP,02/06/2020,16,País Vasco,ESP,ESP.16_1,13511,1424,16160
2,ECS,Spain,724,ESP,03/06/2020,16,País Vasco,ESP,ESP.16_1,13513,1424,16160
2,ECS,Spain,724,ESP,04/06/2020,16,País Vasco,ESP,ESP.16_1,13523,1424,16160
2,ECS,Spain,724,ESP,05/06/2020,16,País Vasco,ESP,ESP.16_1,13527,1424,16160
2,ECS,Spain,724,ESP,06/06/2020,16,País Vasco,ESP,ESP.16_1,13529,1424,16160
2,ECS,Spain,724,ESP,07/06/2020,16,País Vasco,ESP,ESP.16_1,13535,1424,16160
2,ECS,Spain,724,ESP,08/06/2020,16,País Vasco,ESP,ESP.16_1,13542,1424,16160
2,ECS,Spain,724,ESP,09/06/2020,16,País Vasco,ESP,ESP.16_1,13548,1424,16160
2,ECS,Spain,724,ESP,10/06/2020,16,País Vasco,ESP,ESP.16_1,13555,1424,16160
2,ECS,Spain,724,ESP,11/06/2020,16,País Vasco,ESP,ESP.16_1,13588,1424,16160
2,ECS,Spain,724,ESP,12/06/2020,16,País Vasco,ESP,ESP.16_1,13595,1424,16160
2,ECS,Spain,724,ESP,13/06/2020,16,País Vasco,ESP,ESP.16_1,13603,1424,16160
2,ECS,Spain,724,ESP,14/06/2020,16,País Vasco,ESP,ESP.16_1,13616,1424,16160
2,ECS,Spain,724,ESP,15/06/2020,16,País Vasco,ESP,ESP.16_1,13626,1424,16160
2,ECS,Spain,724,ESP,16/06/2020,16,País Vasco,ESP,ESP.16_1,13638,1424,16160
2,ECS,Spain,724,ESP,17/06/2020,16,País Vasco,ESP,ESP.16_1,13648,1424,16160
2,ECS,Spain,724,ESP,18/06/2020,16,País Vasco,ESP,ESP.16_1,13658,1424,16160
2,ECS,Spain,724,ESP,19/06/2020,16,País Vasco,ESP,ESP.16_1,13670,1424,16160
2,ECS,Spain,724,ESP,20/06/2020,16,País Vasco,ESP,ESP.16_1,13679,1554,16160
2,ECS,Spain,724,ESP,21/06/2020,16,País Vasco,ESP,ESP.16_1,13693,1555,16160
2,ECS,Spain,724,ESP,22/06/2020,16,País Vasco,ESP,ESP.16_1,13708,1555,16160
2,ECS,Spain,724,ESP,23/06/2020,16,País Vasco,ESP,ESP.16_1,13715,1555,16160
2,ECS,Spain,724,ESP,24/06/2020,16,País Vasco,ESP,ESP.16_1,13727,1555,16160
2,ECS,Spain,724,ESP,25/06/2020,16,País Vasco,ESP,ESP.16_1,13742,1555,16160
2,ECS,Spain,724,ESP,26/06/2020,16,País Vasco,ESP,ESP.16_1,13745,1555,16160
2,ECS,Spain,724,ESP,27/06/2020,16,País Vasco,ESP,ESP.16_1,13756,1555,16160
2,ECS,Spain,724,ESP,28/06/2020,16,País Vasco,ESP,ESP.16_1,13766,1555,16160
2,ECS,Spain,724,ESP,29/06/2020,16,País Vasco,ESP,ESP.16_1,13767,1555,16160
2,ECS,Spain,724,ESP,30/06/2020,16,País Vasco,ESP,ESP.16_1,13772,1556,16160
2,ECS,Spain,724,ESP,01/07/2020,16,País Vasco,ESP,ESP.16_1,13783,1558,16160
2,ECS,Spain,724,ESP,02/07/2020,16,País Vasco,ESP,ESP.16_1,13792,1560,16160
2,ECS,Spain,724,ESP,03/07/2020,16,País Vasco,ESP,ESP.16_1,13798,1560,16160
2,ECS,Spain,724,ESP,04/07/2020,16,País Vasco,ESP,ESP.16_1,13809,1561,16160
2,ECS,Spain,724,ESP,05/07/2020,16,País Vasco,ESP,ESP.16_1,13809,1561,16160
2,ECS,Spain,724,ESP,06/07/2020,16,País Vasco,ESP,ESP.16_1,13809,1561,16160
2,ECS,Spain,724,ESP,07/07/2020,16,País Vasco,ESP,ESP.16_1,13828,1561,16160
2,ECS,Spain,724,ESP,08/07/2020,16,País Vasco,ESP,ESP.16_1,13859,1561,16160
2,ECS,Spain,724,ESP,09/07/2020,16,País Vasco,ESP,ESP.16_1,13884,1562,16160
2,ECS,Spain,724,ESP,10/07/2020,16,País Vasco,ESP,ESP.16_1,13903,1562,16160
2,ECS,Spain,724,ESP,11/07/2020,16,País Vasco,ESP,ESP.16_1,13939,1562,16160
2,ECS,Spain,724,ESP,12/07/2020,16,País Vasco,ESP,ESP.16_1,13939,1562,16160
2,ECS,Spain,724,ESP,13/07/2020,16,País Vasco,ESP,ESP.16_1,13939,1562,16160
2,ECS,Spain,724,ESP,14/07/2020,16,País Vasco,ESP,ESP.16_1,13955,1562,16160
2,ECS,Spain,724,ESP,15/07/2020,16,País Vasco,ESP,ESP.16_1,13989,1563,16160
2,ECS,Spain,724,ESP,16/07/2020,16,País Vasco,ESP,ESP.16_1,14043,1563,16160
2,ECS,Spain,724,ESP,17/07/2020,16,País Vasco,ESP,ESP.16_1,14099,1563,16160
2,ECS,Spain,724,ESP,18/07/2020,16,País Vasco,ESP,ESP.16_1,14177,1563,16160
2,ECS,Spain,724,ESP,19/07/2020,16,País Vasco,ESP,ESP.16_1,14177,1563,16160
2,ECS,Spain,724,ESP,20/07/2020,16,País Vasco,ESP,ESP.16_1,14177,1563,16160
2,ECS,Spain,724,ESP,15/05/2020,17,"Rioja, La",ESP,ESP.15_1,4014,348,2867
2,ECS,Spain,724,ESP,16/05/2020,17,"Rioja, La",ESP,ESP.15_1,4016,348,2927
2,ECS,Spain,724,ESP,17/05/2020,17,"Rioja, La",ESP,ESP.15_1,4020,348,2990
2,ECS,Spain,724,ESP,18/05/2020,17,"Rioja, La",ESP,ESP.15_1,4020,348,2990
2,ECS,Spain,724,ESP,19/05/2020,17,"Rioja, La",ESP,ESP.15_1,4024,351,3107
2,ECS,Spain,724,ESP,20/05/2020,17,"Rioja, La",ESP,ESP.15_1,4027,352,0
2,ECS,Spain,724,ESP,21/05/2020,17,"Rioja, La",ESP,ESP.15_1,4033,353,0
2,ECS,Spain,724,ESP,22/05/2020,17,"Rioja, La",ESP,ESP.15_1,4033,354,0
2,ECS,Spain,724,ESP,23/05/2020,17,"Rioja, La",ESP,ESP.15_1,4036,356,0
2,ECS,Spain,724,ESP,24/05/2020,17,"Rioja, La",ESP,ESP.15_1,4036,357,0
2,ECS,Spain,724,ESP,25/05/2020,17,"Rioja, La",ESP,ESP.15_1,4036,358,0
2,ECS,Spain,724,ESP,26/05/2020,17,"Rioja, La",ESP,ESP.15_1,4041,358,0
2,ECS,Spain,724,ESP,27/05/2020,17,"Rioja, La",ESP,ESP.15_1,4044,360,3107
2,ECS,Spain,724,ESP,28/05/2020,17,"Rioja, La",ESP,ESP.15_1,4044,360,3107
2,ECS,Spain,724,ESP,29/05/2020,17,"Rioja, La",ESP,ESP.15_1,4044,360,3107
2,ECS,Spain,724,ESP,30/05/2020,17,"Rioja, La",ESP,ESP.15_1,4048,360,3107
2,ECS,Spain,724,ESP,31/05/2020,17,"Rioja, La",ESP,ESP.15_1,4051,360,3107
2,ECS,Spain,724,ESP,01/06/2020,17,"Rioja, La",ESP,ESP.15_1,4051,361,3107
2,ECS,Spain,724,ESP,02/06/2020,17,"Rioja, La",ESP,ESP.15_1,4051,361,3107
2,ECS,Spain,724,ESP,03/06/2020,17,"Rioja, La",ESP,ESP.15_1,4052,361,3107
2,ECS,Spain,724,ESP,04/06/2020,17,"Rioja, La",ESP,ESP.15_1,4053,361,3107
2,ECS,Spain,724,ESP,05/06/2020,17,"Rioja, La",ESP,ESP.15_1,4054,362,3107
2,ECS,Spain,724,ESP,06/06/2020,17,"Rioja, La",ESP,ESP.15_1,4056,362,3107
2,ECS,Spain,724,ESP,07/06/2020,17,"Rioja, La",ESP,ESP.15_1,4057,362,3107
2,ECS,Spain,724,ESP,08/06/2020,17,"Rioja, La",ESP,ESP.15_1,4061,362,3107
2,ECS,Spain,724,ESP,09/06/2020,17,"Rioja, La",ESP,ESP.15_1,4062,362,3107
2,ECS,Spain,724,ESP,10/06/2020,17,"Rioja, La",ESP,ESP.15_1,4062,362,3107
2,ECS,Spain,724,ESP,11/06/2020,17,"Rioja, La",ESP,ESP.15_1,4063,362,3107
2,ECS,Spain,724,ESP,12/06/2020,17,"Rioja, La",ESP,ESP.15_1,4063,362,3107
2,ECS,Spain,724,ESP,13/06/2020,17,"Rioja, La",ESP,ESP.15_1,4066,362,3107
2,ECS,Spain,724,ESP,14/06/2020,17,"Rioja, La",ESP,ESP.15_1,4067,362,3107
2,ECS,Spain,724,ESP,15/06/2020,17,"Rioja, La",ESP,ESP.15_1,4068,362,3107
2,ECS,Spain,724,ESP,16/06/2020,17,"Rioja, La",ESP,ESP.15_1,4069,362,3107
2,ECS,Spain,724,ESP,17/06/2020,17,"Rioja, La",ESP,ESP.15_1,4069,362,3107
2,ECS,Spain,724,ESP,18/06/2020,17,"Rioja, La",ESP,ESP.15_1,4070,362,3107
2,ECS,Spain,724,ESP,19/06/2020,17,"Rioja, La",ESP,ESP.15_1,4070,362,3107
2,ECS,Spain,724,ESP,20/06/2020,17,"Rioja, La",ESP,ESP.15_1,4072,365,3107
2,ECS,Spain,724,ESP,21/06/2020,17,"Rioja, La",ESP,ESP.15_1,4073,365,3107
2,ECS,Spain,724,ESP,22/06/2020,17,"Rioja, La",ESP,ESP.15_1,4073,365,3107
2,ECS,Spain,724,ESP,23/06/2020,17,"Rioja, La",ESP,ESP.15_1,4073,365,3107
2,ECS,Spain,724,ESP,24/06/2020,17,"Rioja, La",ESP,ESP.15_1,4073,365,3107
2,ECS,Spain,724,ESP,25/06/2020,17,"Rioja, La",ESP,ESP.15_1,4073,365,3107
2,ECS,Spain,724,ESP,26/06/2020,17,"Rioja, La",ESP,ESP.15_1,4074,365,3107
2,ECS,Spain,724,ESP,27/06/2020,17,"Rioja, La",ESP,ESP.15_1,4076,365,3107
2,ECS,Spain,724,ESP,28/06/2020,17,"Rioja, La",ESP,ESP.15_1,4076,366,3107
2,ECS,Spain,724,ESP,29/06/2020,17,"Rioja, La",ESP,ESP.15_1,4076,366,3107
2,ECS,Spain,724,ESP,30/06/2020,17,"Rioja, La",ESP,ESP.15_1,4076,366,3107
2,ECS,Spain,724,ESP,01/07/2020,17,"Rioja, La",ESP,ESP.15_1,4076,366,3107
2,ECS,Spain,724,ESP,02/07/2020,17,"Rioja, La",ESP,ESP.15_1,4077,366,3107
2,ECS,Spain,724,ESP,03/07/2020,17,"Rioja, La",ESP,ESP.15_1,4078,366,3107
2,ECS,Spain,724,ESP,04/07/2020,17,"Rioja, La",ESP,ESP.15_1,4078,366,3107
2,ECS,Spain,724,ESP,05/07/2020,17,"Rioja, La",ESP,ESP.15_1,4078,366,3107
2,ECS,Spain,724,ESP,06/07/2020,17,"Rioja, La",ESP,ESP.15_1,4078,366,3107
2,ECS,Spain,724,ESP,07/07/2020,17,"Rioja, La",ESP,ESP.15_1,4078,366,3107
2,ECS,Spain,724,ESP,08/07/2020,17,"Rioja, La",ESP,ESP.15_1,4078,366,3107
2,ECS,Spain,724,ESP,09/07/2020,17,"Rioja, La",ESP,ESP.15_1,4079,366,3107
2,ECS,Spain,724,ESP,10/07/2020,17,"Rioja, La",ESP,ESP.15_1,4079,366,3107
2,ECS,Spain,724,ESP,11/07/2020,17,"Rioja, La",ESP,ESP.15_1,4081,366,3107
2,ECS,Spain,724,ESP,12/07/2020,17,"Rioja, La",ESP,ESP.15_1,4081,366,3107
2,ECS,Spain,724,ESP,13/07/2020,17,"Rioja, La",ESP,ESP.15_1,4081,366,3107
2,ECS,Spain,724,ESP,14/07/2020,17,"Rioja, La",ESP,ESP.15_1,4102,366,3107
2,ECS,Spain,724,ESP,15/07/2020,17,"Rioja, La",ESP,ESP.15_1,4104,366,3107
2,ECS,Spain,724,ESP,16/07/2020,17,"Rioja, La",ESP,ESP.15_1,4107,366,3107
2,ECS,Spain,724,ESP,17/07/2020,17,"Rioja, La",ESP,ESP.15_1,4108,366,3107
2,ECS,Spain,724,ESP,18/07/2020,17,"Rioja, La",ESP,ESP.15_1,4111,366,3107
2,ECS,Spain,724,ESP,19/07/2020,17,"Rioja, La",ESP,ESP.15_1,4111,366,3107
2,ECS,Spain,724,ESP,20/07/2020,17,"Rioja, La",ESP,ESP.15_1,4111,366,3107
2,ECS,Spain,724,ESP,15/05/2020,18,Ceuta,ESP,ESP.21_1,116,4,159
2,ECS,Spain,724,ESP,16/05/2020,18,Ceuta,ESP,ESP.21_1,116,4,160
2,ECS,Spain,724,ESP,17/05/2020,18,Ceuta,ESP,ESP.21_1,116,4,163
2,ECS,Spain,724,ESP,18/05/2020,18,Ceuta,ESP,ESP.21_1,116,4,163
2,ECS,Spain,724,ESP,19/05/2020,18,Ceuta,ESP,ESP.21_1,116,4,163
2,ECS,Spain,724,ESP,20/05/2020,18,Ceuta,ESP,ESP.21_1,117,4,0
2,ECS,Spain,724,ESP,21/05/2020,18,Ceuta,ESP,ESP.21_1,119,4,0
2,ECS,Spain,724,ESP,22/05/2020,18,Ceuta,ESP,ESP.21_1,119,4,0
2,ECS,Spain,724,ESP,23/05/2020,18,Ceuta,ESP,ESP.21_1,124,4,0
2,ECS,Spain,724,ESP,24/05/2020,18,Ceuta,ESP,ESP.21_1,125,4,0
2,ECS,Spain,724,ESP,25/05/2020,18,Ceuta,ESP,ESP.21_1,124,4,0
2,ECS,Spain,724,ESP,26/05/2020,18,Ceuta,ESP,ESP.21_1,124,4,0
2,ECS,Spain,724,ESP,27/05/2020,18,Ceuta,ESP,ESP.21_1,124,5,163
2,ECS,Spain,724,ESP,28/05/2020,18,Ceuta,ESP,ESP.21_1,124,5,163
2,ECS,Spain,724,ESP,29/05/2020,18,Ceuta,ESP,ESP.21_1,129,4,163
2,ECS,Spain,724,ESP,30/05/2020,18,Ceuta,ESP,ESP.21_1,145,4,163
2,ECS,Spain,724,ESP,31/05/2020,18,Ceuta,ESP,ESP.21_1,145,4,163
2,ECS,Spain,724,ESP,01/06/2020,18,Ceuta,ESP,ESP.21_1,145,4,163
2,ECS,Spain,724,ESP,02/06/2020,18,Ceuta,ESP,ESP.21_1,146,4,163
2,ECS,Spain,724,ESP,03/06/2020,18,Ceuta,ESP,ESP.21_1,155,4,163
2,ECS,Spain,724,ESP,04/06/2020,18,Ceuta,ESP,ESP.21_1,155,4,163
2,ECS,Spain,724,ESP,05/06/2020,18,Ceuta,ESP,ESP.21_1,163,4,163
2,ECS,Spain,724,ESP,06/06/2020,18,Ceuta,ESP,ESP.21_1,163,4,163
2,ECS,Spain,724,ESP,07/06/2020,18,Ceuta,ESP,ESP.21_1,163,4,163
2,ECS,Spain,724,ESP,08/06/2020,18,Ceuta,ESP,ESP.21_1,163,4,163
2,ECS,Spain,724,ESP,09/06/2020,18,Ceuta,ESP,ESP.21_1,163,4,163
2,ECS,Spain,724,ESP,10/06/2020,18,Ceuta,ESP,ESP.21_1,163,4,163
2,ECS,Spain,724,ESP,11/06/2020,18,Ceuta,ESP,ESP.21_1,163,4,163
2,ECS,Spain,724,ESP,12/06/2020,18,Ceuta,ESP,ESP.21_1,163,4,163
2,ECS,Spain,724,ESP,13/06/2020,18,Ceuta,ESP,ESP.21_1,163,4,163
2,ECS,Spain,724,ESP,14/06/2020,18,Ceuta,ESP,ESP.21_1,163,4,163
2,ECS,Spain,724,ESP,15/06/2020,18,Ceuta,ESP,ESP.21_1,163,4,163
2,ECS,Spain,724,ESP,16/06/2020,18,Ceuta,ESP,ESP.21_1,163,4,163
2,ECS,Spain,724,ESP,17/06/2020,18,Ceuta,ESP,ESP.21_1,163,4,163
2,ECS,Spain,724,ESP,18/06/2020,18,Ceuta,ESP,ESP.21_1,163,4,163
2,ECS,Spain,724,ESP,19/06/2020,18,Ceuta,ESP,ESP.21_1,163,4,163
2,ECS,Spain,724,ESP,20/06/2020,18,Ceuta,ESP,ESP.21_1,163,4,163
2,ECS,Spain,724,ESP,21/06/2020,18,Ceuta,ESP,ESP.21_1,163,4,163
2,ECS,Spain,724,ESP,22/06/2020,18,Ceuta,ESP,ESP.21_1,163,4,163
2,ECS,Spain,724,ESP,23/06/2020,18,Ceuta,ESP,ESP.21_1,163,4,163
2,ECS,Spain,724,ESP,24/06/2020,18,Ceuta,ESP,ESP.21_1,163,4,163
2,ECS,Spain,724,ESP,25/06/2020,18,Ceuta,ESP,ESP.21_1,164,4,163
2,ECS,Spain,724,ESP,26/06/2020,18,Ceuta,ESP,ESP.21_1,163,4,163
2,ECS,Spain,724,ESP,27/06/2020,18,Ceuta,ESP,ESP.21_1,163,4,163
2,ECS,Spain,724,ESP,28/06/2020,18,Ceuta,ESP,ESP.21_1,163,4,163
2,ECS,Spain,724,ESP,29/06/2020,18,Ceuta,ESP,ESP.21_1,163,4,163
2,ECS,Spain,724,ESP,30/06/2020,18,Ceuta,ESP,ESP.21_1,163,4,163
2,ECS,Spain,724,ESP,01/07/2020,18,Ceuta,ESP,ESP.21_1,163,4,163
2,ECS,Spain,724,ESP,02/07/2020,18,Ceuta,ESP,ESP.21_1,163,4,163
2,ECS,Spain,724,ESP,03/07/2020,18,Ceuta,ESP,ESP.21_1,163,4,163
2,ECS,Spain,724,ESP,04/07/2020,18,Ceuta,ESP,ESP.21_1,163,4,163
2,ECS,Spain,724,ESP,05/07/2020,18,Ceuta,ESP,ESP.21_1,163,4,163
2,ECS,Spain,724,ESP,06/07/2020,18,Ceuta,ESP,ESP.21_1,163,4,163
2,ECS,Spain,724,ESP,07/07/2020,18,Ceuta,ESP,ESP.21_1,163,4,163
2,ECS,Spain,724,ESP,08/07/2020,18,Ceuta,ESP,ESP.21_1,163,4,163
2,ECS,Spain,724,ESP,09/07/2020,18,Ceuta,ESP,ESP.21_1,163,4,163
2,ECS,Spain,724,ESP,10/07/2020,18,Ceuta,ESP,ESP.21_1,163,4,163
2,ECS,Spain,724,ESP,11/07/2020,18,Ceuta,ESP,ESP.21_1,163,4,163
2,ECS,Spain,724,ESP,12/07/2020,18,Ceuta,ESP,ESP.21_1,163,4,163
2,ECS,Spain,724,ESP,13/07/2020,18,Ceuta,ESP,ESP.21_1,163,4,163
2,ECS,Spain,724,ESP,14/07/2020,18,Ceuta,ESP,ESP.21_1,163,4,163
2,ECS,Spain,724,ESP,15/07/2020,18,Ceuta,ESP,ESP.21_1,163,4,163
2,ECS,Spain,724,ESP,16/07/2020,18,Ceuta,ESP,ESP.21_1,164,4,163
2,ECS,Spain,724,ESP,17/07/2020,18,Ceuta,ESP,ESP.21_1,164,4,163
2,ECS,Spain,724,ESP,18/07/2020,18,Ceuta,ESP,ESP.21_1,164,4,163
2,ECS,Spain,724,ESP,19/07/2020,18,Ceuta,ESP,ESP.21_1,164,4,163
2,ECS,Spain,724,ESP,20/07/2020,18,Ceuta,ESP,ESP.21_1,164,4,163
2,ECS,Spain,724,ESP,15/05/2020,19,Melilla,ESP,ESP.22_1,119,2,119
2,ECS,Spain,724,ESP,16/05/2020,19,Melilla,ESP,ESP.22_1,119,2,119
2,ECS,Spain,724,ESP,17/05/2020,19,Melilla,ESP,ESP.22_1,119,2,122
2,ECS,Spain,724,ESP,18/05/2020,19,Melilla,ESP,ESP.22_1,119,2,122
2,ECS,Spain,724,ESP,19/05/2020,19,Melilla,ESP,ESP.22_1,121,2,125
2,ECS,Spain,724,ESP,20/05/2020,19,Melilla,ESP,ESP.22_1,121,2,0
2,ECS,Spain,724,ESP,21/05/2020,19,Melilla,ESP,ESP.22_1,121,2,0
2,ECS,Spain,724,ESP,22/05/2020,19,Melilla,ESP,ESP.22_1,121,2,0
2,ECS,Spain,724,ESP,23/05/2020,19,Melilla,ESP,ESP.22_1,121,2,0
2,ECS,Spain,724,ESP,24/05/2020,19,Melilla,ESP,ESP.22_1,121,2,0
2,ECS,Spain,724,ESP,25/05/2020,19,Melilla,ESP,ESP.22_1,121,2,0
2,ECS,Spain,724,ESP,26/05/2020,19,Melilla,ESP,ESP.22_1,121,2,0
2,ECS,Spain,724,ESP,27/05/2020,19,Melilla,ESP,ESP.22_1,121,2,125
2,ECS,Spain,724,ESP,28/05/2020,19,Melilla,ESP,ESP.22_1,121,2,125
2,ECS,Spain,724,ESP,29/05/2020,19,Melilla,ESP,ESP.22_1,121,2,125
2,ECS,Spain,724,ESP,30/05/2020,19,Melilla,ESP,ESP.22_1,121,2,125
2,ECS,Spain,724,ESP,31/05/2020,19,Melilla,ESP,ESP.22_1,121,2,125
2,ECS,Spain,724,ESP,01/06/2020,19,Melilla,ESP,ESP.22_1,121,2,125
2,ECS,Spain,724,ESP,02/06/2020,19,Melilla,ESP,ESP.22_1,121,2,125
2,ECS,Spain,724,ESP,03/06/2020,19,Melilla,ESP,ESP.22_1,122,2,125
2,ECS,Spain,724,ESP,04/06/2020,19,Melilla,ESP,ESP.22_1,122,2,125
2,ECS,Spain,724,ESP,05/06/2020,19,Melilla,ESP,ESP.22_1,122,2,125
2,ECS,Spain,724,ESP,06/06/2020,19,Melilla,ESP,ESP.22_1,122,2,125
2,ECS,Spain,724,ESP,07/06/2020,19,Melilla,ESP,ESP.22_1,122,2,125
2,ECS,Spain,724,ESP,08/06/2020,19,Melilla,ESP,ESP.22_1,122,2,125
2,ECS,Spain,724,ESP,09/06/2020,19,Melilla,ESP,ESP.22_1,122,2,125
2,ECS,Spain,724,ESP,10/06/2020,19,Melilla,ESP,ESP.22_1,122,2,125
2,ECS,Spain,724,ESP,11/06/2020,19,Melilla,ESP,ESP.22_1,122,2,125
2,ECS,Spain,724,ESP,12/06/2020,19,Melilla,ESP,ESP.22_1,122,2,125
2,ECS,Spain,724,ESP,13/06/2020,19,Melilla,ESP,ESP.22_1,122,2,125
2,ECS,Spain,724,ESP,14/06/2020,19,Melilla,ESP,ESP.22_1,123,2,125
2,ECS,Spain,724,ESP,15/06/2020,19,Melilla,ESP,ESP.22_1,124,2,125
2,ECS,Spain,724,ESP,16/06/2020,19,Melilla,ESP,ESP.22_1,124,2,125
2,ECS,Spain,724,ESP,17/06/2020,19,Melilla,ESP,ESP.22_1,124,2,125
2,ECS,Spain,724,ESP,18/06/2020,19,Melilla,ESP,ESP.22_1,124,2,125
2,ECS,Spain,724,ESP,19/06/2020,19,Melilla,ESP,ESP.22_1,124,2,125
2,ECS,Spain,724,ESP,20/06/2020,19,Melilla,ESP,ESP.22_1,124,2,125
2,ECS,Spain,724,ESP,21/06/2020,19,Melilla,ESP,ESP.22_1,124,2,125
2,ECS,Spain,724,ESP,22/06/2020,19,Melilla,ESP,ESP.22_1,124,2,125
2,ECS,Spain,724,ESP,23/06/2020,19,Melilla,ESP,ESP.22_1,127,2,125
2,ECS,Spain,724,ESP,24/06/2020,19,Melilla,ESP,ESP.22_1,126,2,125
2,ECS,Spain,724,ESP,25/06/2020,19,Melilla,ESP,ESP.22_1,126,2,125
2,ECS,Spain,724,ESP,26/06/2020,19,Melilla,ESP,ESP.22_1,126,2,125
2,ECS,Spain,724,ESP,27/06/2020,19,Melilla,ESP,ESP.22_1,126,2,125
2,ECS,Spain,724,ESP,28/06/2020,19,Melilla,ESP,ESP.22_1,126,2,125
2,ECS,Spain,724,ESP,29/06/2020,19,Melilla,ESP,ESP.22_1,126,2,125
2,ECS,Spain,724,ESP,30/06/2020,19,Melilla,ESP,ESP.22_1,126,2,125
2,ECS,Spain,724,ESP,01/07/2020,19,Melilla,ESP,ESP.22_1,126,2,125
2,ECS,Spain,724,ESP,02/07/2020,19,Melilla,ESP,ESP.22_1,126,2,125
2,ECS,Spain,724,ESP,03/07/2020,19,Melilla,ESP,ESP.22_1,126,2,125
2,ECS,Spain,724,ESP,04/07/2020,19,Melilla,ESP,ESP.22_1,126,2,125
2,ECS,Spain,724,ESP,05/07/2020,19,Melilla,ESP,ESP.22_1,126,2,125
2,ECS,Spain,724,ESP,06/07/2020,19,Melilla,ESP,ESP.22_1,126,2,125
2,ECS,Spain,724,ESP,07/07/2020,19,Melilla,ESP,ESP.22_1,126,2,125
2,ECS,Spain,724,ESP,08/07/2020,19,Melilla,ESP,ESP.22_1,126,2,125
2,ECS,Spain,724,ESP,09/07/2020,19,Melilla,ESP,ESP.22_1,126,2,125
2,ECS,Spain,724,ESP,10/07/2020,19,Melilla,ESP,ESP.22_1,126,2,125
2,ECS,Spain,724,ESP,11/07/2020,19,Melilla,ESP,ESP.22_1,126,2,125
2,ECS,Spain,724,ESP,12/07/2020,19,Melilla,ESP,ESP.22_1,126,2,125
2,ECS,Spain,724,ESP,13/07/2020,19,Melilla,ESP,ESP.22_1,126,2,125
2,ECS,Spain,724,ESP,14/07/2020,19,Melilla,ESP,ESP.22_1,126,2,125
2,ECS,Spain,724,ESP,15/07/2020,19,Melilla,ESP,ESP.22_1,126,2,125
2,ECS,Spain,724,ESP,16/07/2020,19,Melilla,ESP,ESP.22_1,128,2,125
2,ECS,Spain,724,ESP,17/07/2020,19,Melilla,ESP,ESP.22_1,128,2,125
2,ECS,Spain,724,ESP,18/07/2020,19,Melilla,ESP,ESP.22_1,129,2,125
2,ECS,Spain,724,ESP,19/07/2020,19,Melilla,ESP,ESP.22_1,129,2,125
2,ECS,Spain,724,ESP,20/07/2020,19,Melilla,ESP,ESP.22_1,129,2,125
